:020000040800F2
:20000000D0E900087DBB000829BC000839BC000831BC000845BC000821BC000825BC000829
:2000200025BC000825BC000825BC000841BC00083DBC000825BC000835BC00082DBC00082C
:2000400091BC000891BC000891BC000891BC000801B5000825390008193B000891BC000877
:2000600079B4000865B40008C3B4000807A0000891BC000891BC000891BC000891BC0008A8
:2000800091BC000891BC000891BC000891BC000891BC000805860008F7B4000891BC00081C
:2000A00091BC000891BC000891BC000891BC000891BC000891BC000891BC000891BC000898
:2000C00091BC000891BC000891BC000891BC000891BC000891BC0008B9B9000891BC000853
:2000E00091BC000891BC000891BC000891BC000891BC000891BC000891BC000891BC000858
:20010000B44A10B502F1200090E818005069C0181269B14B127C4FF0000141EB040140F240
:20012000844404FB02320CCA994208BF90428CBF0C20002010BDF0B5A84E0C461546074681
:2001400070210422F01C317000210BF051FC0021042206F108000BF04BFC3473757338463D
:20016000B070F0BD90B5071C4FF000041FD19A4940F28440784360310858C0B138460AF0A9
:20018000CEF9A0B138460AF0D1F992491831096881420CD1AA49F801401A016801F00F0120
:2001A000032904D150F8180CC00938BF0124204690BD2DE9F047874C824604F110000068E5
:2001C000DFF88082057C4FF060092846C8F81090FFF7C8FF30B92846002103F02FFC0E20CE
:2001E000BDE8F0872169087C8A7C514602F0F3FA0026071C1BD19AF80200612803D06028AC
:2002000018BF371C00D101272846FFF7ABFF40B12169087C897C3A4602F093FB30B9082791
:2002200005E02846314603F009FC01260E27A6B92846FFF797FF70B9216981488A7C10387D
:20024000C0EBC51001682846D14001F0010103F0F5FB0E2707E0C8F80090062F02D0072FB7
:2002600001D1F6E70D273846BDE8F0879C48006870470A3806D0203804D0603818BFB0F1AA
:20028000200001D1012070470020704788280ADC882811D008380FD0801E0DD01E380BD0CB
:2002A000801E09D00AE08A3806D01E3804D0801E18BFB0F1140001D1012070470020704770
:2002C00002461078B0F185014FF0000018BFB1F11C0103D19178890928BF0120704710B55F
:2002E0003C499A4C41F21403002297484B6023688A60C018086005F070FD10BD0346B1B10E
:20030000774A083210680068807802090FD310F0030F0CD0086A50B1B0F5805F07D8042B2A
:200320004FF0010004D0062B02D00A2B00D00020704710B5002469B18A78EC2A0AD10428A8
:2003400008D10420FFF7DAFF20B1086AB0F5007F08BF0124204610BD024680B5002059B1A4
:20036000032A09D1774A12681268927812F00F0F02D10F6A07B9012080BD10B5024681B1EE
:200380008878B0280DD148794F280AD18879C22807D1C878D03801280AD9401F08D0401FE7
:2003A00001D0002010BD1046FFF7D6FF04460FE0042A4FF000040BD10420FFF79FFF38B137
:2003C000087B012804D1086AB0F5007F08BF0124204610BD58F3000868EC000890F30008AD
:2003E000C0B5071C21D0574802681168887800F00303022B19D1C00817D30B78387B852B4D
:2004000005D14978490824BF797B40EA012060B1137CC24A40F28441594356582EB14FF0C7
:20042000FF31B1FBF6F1814201D20020C0BD3A6A70430021904208BF01210846C0BDC046C2
:20044000D8FEFF0430FEFFFF30B50546FFF771FF18B92846FFF791FF08B1012030BD887875
:2004600040280CDC402815D020382AD0001F28D0401E16D0801E0DD0801E22D00FE04238BE
:2004800008D082381DD0001F0BD01D3818BFB0F1130004D12846FFF75FFF04461EE0002004
:2004A00030BD0024062D18BF0A2D08D12846FFF725FF20B10846FFF793FF00B101242046A6
:2004C000EBE7042D4FF0000408D10420FFF716FF20B10846FFF784FF00B10124204630BD0D
:2004E00060F30008B0B5044616480068007C0F4630B92FB10AF013F801280ED0022801D08B
:200500000020B0BD08F030FD20B120463946FFF79BFF00E00120054611E020463946FFF7CB
:2005200008FF012558B92046FFF727FF38B9B878E52803D12046FFF70FFF00B90025284643
:20054000B0BDC04668F300081026010074EE00082DE9F041AF4C216908684078ADF1340D51
:20056000C0F3430838F0010000F0DC80B8F1030FC0F2D680A64DB8F10C0F10DDB8F10F0FDA
:2005800040F0CE80206829460E220BF051FA206821698860216909200E22CA60C7E0684614
:2005A000002134220BF024FA8020294627224FF0000C23698DF80100891C8DF8002018682C
:2005C00081F800C00278A12A30D000791A688DF8030090798DF80C00107A8DF80400907A63
:2005E0008DF80500107B8DF80600507B8DF80700907B8DF80200D57B501C8DF80F50067854
:200600000627042576082FD380788DF80B0050798DF80D00D0798DF80800507A01268DF8D5
:200620000900D27A0E708DF80A201AE0C07819688DF8030008798DF80C0048798DF80400A1
:2006400088798DF80500C8798DF80600087A8DF80700487A8DF80200C87A032504278DF8D2
:200660000F0023691868401C40781968C0F340100590887810F0030025D0401E08D0401EA6
:200680001FD14878400838BF3D1C04D33D4604E04878400801D2485D05E04A19485D12F85D
:2006A000011C40EA0120089018688078C0080CD3197C1A4A089F40F28440484310587843D7
:2006C00002E0586800E0604608909DF80200EC2812BFA1284FF400700890089F604627B1A5
:2006E00019688978090938BF0120069069464046FFF7F8FE68B92069007C09F010FF02283F
:2007000005D108F031FC002818BF15200FD10A200DE06846FFF74DFD09E0C04690EC000852
:200720000B2004E0087C012103F088F900200DB0BDE8F08102460846111C00D108B9002028
:200740007047B04A40F2844303FB012211684FF4F813B3FBF0F051B9516A19B1AA49096886
:20076000012904D0B0F5807F88BF4FF480707047F0B5144602780025083A0ED0921E0CD05C
:200780001E3A20D0921E1ED05E3A13D0921E11D01E3A0AD0921E08D004E007790FB94FF43E
:2007A000807714E02F46012511E08279C379067A477A03E0827AC37A067B477B43EA022399
:2007C00046EA032601E0C679077A47EA06278F4840F2844202FB0102906B10B1166816B9E9
:2007E00010E04FF400764FF0FF32B2FBF6F2BA4208D328B108463146FFF79CFFB84201D377
:200800007E4301E00026032526602846F0BDC046A4F3000858F30008F0B50F1C08BF012097
:2008200000F0AE80067800214D2E3ADC4D2E00F0A2801D2E1FDC1D2E00F08D800A2E0FDC2C
:200840000A2E00F09A80002E00F09380F61E00F09280761E00F08780361F00F08C8086E0CD
:20086000123E00F08880F61E7AD0761F00F08380701E7ED07BE02A2E0ADC2A2E7DD01E3ED4
:2008800077D0761F77D0B61E75D0F61E73D06EE02F3E6ED0B61F6CD0B61F55D0F61F4ED08E
:2008A00065E0A12E17DCA12E39D08A2E0ADC8A2E63D0553E43D0761F5DD02B3E2FD0F61EEC
:2008C00059D054E08F3E54D0B61E52D00D3E2DD0B61E50D04BE0B52E0BDCB52E14D0B6F135
:2008E000A20211D0921F46D0921E46D0501F40D03DE0E03E3FD0761E012E3AD9B61E022E43
:2009000039D9F01E35D032E08479C279037A457A224313431D432CD0A22E2CD02DE0807844
:2009200010F0030F25D0000925D226E0847AC27A037B467B224313431E431AD01BE0C279F5
:20094000067A164315D018E08379C279067A1A4316430ED011E0C2780679164309D00CE0CE
:20096000067936B109E04078400902D305E0012105E0052103E0802000E0084638600846A9
:20098000F0BD90B50446081C1BD07220B0492070087800F00F006070887AA0700020CA7A2C
:2009A00020716071A071E2708F7A87B9C97A1D290DD10E2204F10800A649E2710BF038F828
:2009C00006E0A549204612220BF032F80A20E07100BFE079083090BD00780A380ED020387C
:2009E0000CD0001F0AD0143808D0483806D0001F04D01C3818BFB0F1040001D1012070473B
:200A00000020704764EC00086CF9000890EC00082DE9FC470021044634220AF0E9FF8F48E3
:200A20008F4A00681030017840F2844A0AFB01F15758002F0CBF402142212722A170DF4DD2
:200A400022708021617090F8008095F8252095F8243095F8236095F8227095F821C095F8AD
:200A600020E0D017D9174FEA0029100E49EA0000120201431343180E0A021B02F1170243A2
:200A800011431E43F8170A02330E36021A4310433743634601023E02380E43EA0602014338
:200AA000130E16024FEAEC704FEAEE7240EA010738021843774602436B4647EA0601404697
:200AC00009F06CFB002808BF00202FD09DE80C009DF8000020719DE80300170E1E021A1CEE
:200AE00062729DE80C00000A0906084360719DE803001A0A000C0904A2720843A0714021C6
:200B0000E17147EA0600C0B220722A69D94F127C0AFB0272D2F874721FB900F00F000143BB
:200B2000E171287D2073697D01206173BDE8FC87A248D0B501690A6811780027083968D0B4
:200B4000891E66D01E390AD0891E08D05E3930D0891E2ED01E3918BFB1F1020175D15178EA
:200B6000090903D301220169C2610A68917880F8231001690968CA7880F822200A7980F8E5
:200B800021204A7980F820200A78A82A08D0AA2A06D04A7AD20828BF0B27CB79097A35E030
:200BA000CA7AD20828BF0B278C790B7ACA79497A28E0D17BC90828BF0B275178090904D37E
:200BC00001220146C26109690A6896780EB9D67806B10C27117980F82510016909684A79C2
:200BE00080F824208A7980F82320CA7980F822200A7A80F821204A7A80F820208C7A0B7B39
:200C0000CA7A497B42EA042243EA022341EA032115E05179C90828BF0B27517801F01F0156
:200C200080F82210016909688A7880F82120CA7880F820200E79466116B94FF480714161A7
:200C400027B9466906B90B2700E001273846D0BD92F30008A4F3000890F3000868F30008E7
:200C600064EC00082DE9F047544C21690E68307800270925252800F0A7809E2840F0A280B6
:200C8000F07BC00828BF0B257078102840F0EA80092D40F0E880B37AF07A327B767B40EA23
:200CA000032042EA002256EA022A00F08980DFF8C4C1087C40F2844E0EFB00C000F51E702E
:200CC00090E80C0001264FF00009B046B2EB080273EB090318462368060E1E702368060CF2
:200CE0005E702368060A9E702368061CDE700602130E334326683371130C06043343266884
:200D000000067371160A46EA0003206883712068C271087C2268764606FB00C090F8A302A7
:200D20001072087C226806FB00C090F8A2025072087C226806FB00C090F8A1029072087CF4
:200D4000226806FB00C090F8A002D072206807730A7C206806FB02C292F8A8224273097C79
:200D600006FB01C101F52B72B1F8B4121368591A09B28B4201D0002900D53946C1F305230E
:200D80008373C17356695EB196694EB1817B41F080018173D6691EB1817B41F0400181734B
:200DA0001030394610220AF023FEBAF1200F2CBF20275746E548016855E0C04658F300085A
:200DC0003D4650E00A254EE0707AC00828BF0B25307A400828BF0B25B3783279F078767904
:200DE0001843024316433DD1092D3CD1087CD84A40F2844303FB002C9CE8C0004FF0000954
:200E000001239846B6EB0806304677EB0907002F08BFB0F1FF3F24BF4FF0FF304F462668F0
:200E20003B02020E1A43327026683B04020C1A4372702368020A3E0632439A702268D07028
:200E400022689CF82B00107122689CF82A00507122689CF82900907122689CF82800082702
:200E6000D07100E00B2520688860CF602846BDE8F087C046F0E900082DE9F84FDC4C226901
:200E800010682768467836F0080640F0FE808178DFF860A300268B1111F03F0F01F03F098E
:200EA000009300F0AB80B9F1310F00F0A780B9F1330F00F0A380B9F1340F00F09F80B9F1DE
:200EC0003F0F18BFB9F1080F40F09680107C01F053FF20690068DFF814C301781A292DD0BF
:200EE000417AC90828BF0B260025C27990F8088041783D701A207870BD702069037C40F2EF
:200F0000844058435CF80030C1F3001948EA0228002B0CBFAB464FF0100B08F025F8002847
:200F20000CBF281C802040EA0B00F87087F804907D71BD714FF00809FD7122E04179C908EB
:200F400028BF0B2690F804801721397000257D702069027C634640F2844101FB02F0185875
:200F600000280CBFA9464FF0100907F0FDFF00280CBF281C802040EA0900B8704FF00409C6
:200F8000FD70002E40F0DE8009EB070B2946142258460AF02DFD08211220009B07F80910AD
:200FA000012B0BF10101087015D02069007C40F2844202FB00A0B0F8AA00800934BF281CFE
:200FC000042048702069007C02FB00A0B0F8AA00C0090CD20AE04D702069007C40F28442F6
:200FE00002FB00A0B0F8A400C00900D3202509F11400CD72C0B29BE00B26A3E001781A297D
:2010000040D0417AC90840D2C57990F808803146082238460AF0ECFC07F0A6FF48EA0528D8
:2010200000280CBF301C8020F870206900684078C0F30010387120690068407800091FD2B1
:20104000082207F108003146FA710AF0D1FC2069007C40F2844101FB00A090F8A20278730E
:201060002069007C01FB00A090F8A102B8732069007C01FB00A090F8A0021025F8733AE0F4
:20108000082538E04179C90802D30B20BDE8F88F90F804803146042238460AF0A9FC07F097
:2010A00063FF00280CBF301C8020B87020690068407800091ED20822381D3146FA700AF0CB
:2010C00097FC2069007C40F2844101FB00A090F8A20278722069007C01FB00A090F8A10203
:2010E000B8722069007C01FB00A090F8A0020C25F87200E004256168B9F1000F0BD0009B5F
:20110000E819491B4A4608F0EBF92818C0B2854208BF0B2600E028462169096809781A2980
:2011200004D000213970851E7D7001E0411E397046B9216822698045916098BF4046216968
:201140000926C8603046BDE8F88FC04668F3000868EC0008744BF0B540F28442044602FB2E
:2011600004F0185800250E4668B177685FB1204609F0D5F9874206D1204609F0D7F93168F5
:20118000814208BF01252846F0BDF0B5071C0E4606D12EB1644940F284407843085808B933
:2011A0000020F0BD384609F0BAF97060384609F0BDF96024604D3060314638462C61FFF702
:2011C000C9FF5C4A50B15A49F801131DC31A801A196000220AF050FD012004E00020C2EBA9
:2011E000C711086040242C60F0BDC04678EC000858F30008F0E900082DE9F0434B4FDFF8B2
:201200003C91144688460646082C0AD148460068827C0121C7EBC6109140002201F044FABE
:201220000446F5017CB148460168EB1B8A7C1868012101FA02F2024205D0304602F0FEFB33
:201240000E20BDE8F0833C4F6020414638613046FFF780FF0646374846B13CB9A0F10C01DD
:20126000691A096811F0210F18BF0D24304A011D691A0A601EB900200E24486004E02D1AC0
:20128000114628460AF0F8FC402038600EB1202038602046BDE8F083F0B5074627480068C5
:2012A000047C0D46002FADF13C0D08BF002039D01D4940F2844060430E5836B3204609F0A8
:2012C0002EF9022821D16846002134220AF090FB27268DF800608DF80C7001218DF8031034
:2012E0000620069180238DF802003A0A8DF801308DF80D2040268DF807607902089135B10F
:2013000020460DA9FFF741FF08B90E200AE06846FEF74FFF02462DB120460DA942F21073B8
:20132000FFF76AFF0FB0F0BDC8EC0008C8FEFF0401000040ECFEFF0430FEFFFF68F30008A0
:201340002DE9FF4FDFF83883D8F81030DFF8E0B21A68191D501C0C7B1E7CC77940F2844A99
:201360000AFB04B4D279D4F8C05247EA0227002D40D00278520829D2007AC00826D2002FB8
:2013800000F02681082F21D3B7F5006F1ED8086887421BD8DFF89C92A44DA34CD9F8000098
:2013A0003A462918241820460AF042FBA178E07840EA012010F00F0F08D1083F874205D3F8
:2013C0004146096949680839814201D20B2000E10009019000F0FC80484601680AFB06BABE
:2013E0000AF51E7ABAF8540000266D18042803D2834618B90A20ECE04FF0040B4FEA4B2220
:201400002846314602920AF0F3FA08344FEA8B10019F0090002F00F0D38000200390217A6C
:20142000607AA37AE77A40EA012043EA0021237857EA01274FEAE3714FEA0122617894F869
:2014400007804FEA136042EA00024FEA03204FEAE17343EA020341EA00014FEA03224FEA4D
:20146000116042EA0002A0784FEA01214FEAE07343EA020340EA01004FEA03224FEA106169
:2014800042EA0102E1784FEAE17343EA02034FEA032223794FEA002041EA00014FEA1160DC
:2014A00042EA00024FEAE37040EA02004FEA01224FEA0020194641EA02014FEA116240EA2E
:2014C000020062794FEAE27343EA00034FEA0320A3794FEA012142EA01024FEA126140EA99
:2014E00001004FEA02224FEAE37141EA000118464FEA012140EA02004FEAE8734FEA1062B1
:2015000041EA020143EA01094FEA0022434643EA02084FD09AE80300894508BF80450AD271
:201520009AE803000022B0EB080071EB09018A4208BF874201D90C204BE00098B0420BD108
:2015400058460121FFF7A8FE002842D1029A284600210AF04DFA00264FF6FF7005EBC603F5
:20156000B84288BF381C4FEA18214FEA096283F8008011434FEA09425970761C4FEA184100
:201580003F1A11434FEA092299704FEA18611143039AD970494619714FEA192159710146A8
:2015A00018EB010898714FEA102149EB0209002FD971C2D101981034401E01907FF42FAF44
:2015C00036B106F13F040021A009FFF765FE00E000200090BDE8FF8F294A10B513691C7CB8
:2015E000ADF13C0D02F1200383E80300012050616846FFF70DFA20B120460DA9FFF7C5FD5E
:2016000008B90E200DE06846FEF7D3FD02460DA94FF4FA632046FFF7EFFD00281CBF0E285C
:2016200010200FB010BDC046101E010010160100F0E9000874EE000878B5114C20690368C9
:2016400022681878E038072818D8DFE800F04D4B04454238321BE06880B1002421460620B0
:2016600000940A46134609F092FB2146C72000940A46134609F08BFB204678BD0A2078BDA3
:2016800058F30008002000905E78DD78197998785B7940EA062045EA0025032041EA05218E
:2016A00009F075FB20682169886024692068417926E004F091F90AF0E5FA002078BD1248EC
:2016C0000078107021692068886009202469012117E00621012001E06021922011702168E3
:2016E000487008E00020F2E70AF082FA0146206802220AF09DF920682169886024690221AE
:201700000920E16078BDC04640F900082DE9F04F0646307CADF5DA7D002818BF012040F04D
:20172000B787C34C0021182204F1100528460AF05FF92661307C08F0F9FE3168A0610878FB
:20174000E02805DBE82803DA707C062800F06787DFF82C83307CDFF824A340F2844909FBE9
:201760000080D0F85402002840F0F9862069C54E017C09FB0181D1F8D8726C963FB107F059
:20178000F7FB002700B1012730460068E7B101680978032918D0122916D04D2914D01A2925
:2017A00012D05A2910D015290ED055290CD01E290AD01B2908D0A22906D03B2904D01D2912
:2017C00018BFA02940F029870068FFF705F920B107F0CAFB002840F0C0862169B54A086809
:2017E000D2F800C0DFF8D0B203781A463B2A3BDC3B2A00F05D831B2A1CDC1B2A00F0118473
:20180000002A00F07D86D21E00F05686521E00F04586121F00F05281921E00F04F81083A1E
:2018200000F07684D21E00F0B682501F00F08F8600F088BE1D3A00F0B283521E00F0968307
:20184000521F00F03F83921E00F07E86D21E00F03581921E00F03281521F00F0C080921F86
:2018600000F0718200F06EBE912A1CDC912A00F06A82423A00F06E860B3A00F0E982083ADD
:2018800000F08982521F00F062862B3A00F0C286D21E00F01381921E00F01081521F00F061
:2018A0009E8000F04FBE9E3A00F04E86921E00F00082521E00F0AE86521E0BD0921F00F0CF
:2018C000FD80921E00F0FA80521F00F08880921F40F038868579C179027AC67A477A41EA89
:2018E000052142EA0122F10847EA022723D2A22B4FF0000620D1417820291DD1057935F095
:201900007F0525D18378C2786168206842EA032292B204F040FD30B96C9866490068D1F834
:2019200000C0006808E021682269B842916088BF381C074618E30B26057935F07F0507D185
:20194000D948B84238BF0B2607F2FF10450A05E04FF6FF70B84238BF0B263D46002E3CD174
:201960006E0258460021324660440AF041F802A8002134220AF03CF8272080238DF8080023
:201980008DF8093077B1216908680278A22A14BF5F225D228DF814508DF80A202A0A8DF8FD
:2019A0000C200BE021695B2208688DF80A2003780022A22B08BF01228DF8102040780968B8
:2019C0008DF80B00C8788DF80D0088780A968DF80E0002A8FEF7EDFB0646304667E12F3B77
:2019E0004FF0000703D0603B24D0203B4CD1384668752875206900688178E974C178A97432
:201A000001796974417929740178AF2906D0417AC90828BF0B27C379007A2AE0C17AC90880
:201A200028BF0B27C279037A8179407A1DE0C04658F30008C17BC90828BF0B2786780EB9E0
:201A4000C67806B10C270079687520690068417929758179E974C179A974017A6974417AFE
:201A60002974C27A037B817A407B42EA012243EA022340EA0320606107E0C046D0F30008F2
:201A8000F0E9000868F300080127381C40F00F81FEF736FB002840F00A816169002900F0DA
:201AA000068129A8FEF7B4FF002800F0FB8029A8F5E0C04674EE000810160100FFF738F830
:201AC000002840F0F480FEF71BFB002840F0EF802069007C676909FB0081D1F8A4623146C8
:201AE000FEF728FEB842C0F0E180DFF860B3DBF800304BB950460068806806FB07F1884226
:201B00003CBFB0FBF6F0606152A80021342209F06FFF276938680078FEF7ABFB802306466E
:201B200027208DF84801687D8DF84931C117020E0302287D09021143C2170A431843110227
:201B40000302020EE87C1143C2170A43184311020302020EA87C1143C2170A4311026A7C78
:201B60001843030E19430302D01708431A430002110E0843297C1302CA170243387C1943AD
:201B80006B468DE8060008F009FB002800F08A809DF800008DF84C019DE80300000A0906F3
:201BA00008438DF84D019DE80300000C090408438DF84E019DE80300050E080205439DE8D5
:201BC0000300081C8DF851019DE80300402723698DF84F7110338DF85051080A8DF85201F4
:201BE00000208DF85701197809FB018101F51D714F6A1FB1DBF80020012A27D0E7692EB978
:201C00000A68002A0CBFC821252108E00A68002A08BFCA2103D0002F14BF3D2135218DF8EA
:201C20004A118DF84B0161698DF853018DF8541142B9ECB29DF84F218DF8550104F00F046B
:201C400014431BE00A0A8DF8552119E0002E14BF6122602261698DF84A21E7698DF84B1139
:201C60000A0A8DF853219A788DF85501D2008DF854212FB19DF84F4144F080048DF84F41CC
:201C80008DF8560158965690012259921A7809FB0282D2F8A422579052A851435A91FEF787
:201CA00088FA04E00E2002E000FEFF010B20074647E08779C179027AC37A457A867841EA36
:201CC000072142EA0122D90845EA022534BF00270B27C17802794378407919430A431043E6
:201CE00018BF0B27022E2BD8102D29D34FBB206800260670206846702068867020680821D4
:201D0000C1702068374646602168062201EBC7010E7201F10A004F72314609F069FE7F1CD3
:201D2000F2D02068216988602068C01C01780831A9429CBF0578083520690927C56000E013
:201D40000B2738466AE1352B07D0912B03D1C07BC00805D377E00A2060E1407AC00872D25E
:201D60000FA80021342209F043FE272180208DF83C1027698DF83D00387C09FB0080D0F8F0
:201D8000740200280CBFE720EA208DF83E000FA8FEF70FFA42E15D46152B654405D0C17993
:201DA000077A467A47EA012701E00779467929463A4607F099FA032840F03081F00880F07C
:201DC000BF83206901684878420880F0B983400939D3002F4FF0000000F020810978152906
:201DE00005D0AB79E979082241EA032101E0E97804227F1A8918BF1A0D4440F30F814FF041
:201E000027094FF08008EF2629786C7801F03F01082914D145A80021342209F0E9FD8DF822
:201E200014918DF815818DF81661287B800934BFAA2055208DF8170145A8FEF7BAF93F1BFC
:201E4000BF1EE1DCEAE00B20E8E0C0466CF900084778C279057A002F45EA022540F0708397
:201E6000C778002F40F06C830779002F40F068834779002F40F064838779002F40F06083C3
:201E8000427AD20880F05C83837866680A7C2068314603F03F0304F077FC002800F0508388
:201EA00021682269A842916000D8054628461BE3496800290EBF00255D4665442A4604F028
:201EC00025F9AEE3427AD20880F03A83C279077A57EA022761D020680025057020684570DA
:201EE0002068857020681022C01C0270097C002609FB018303F51E7106C9002E114606BF8A
:201F00000029D3F878124FF0FF310A0E427022680E0C567122680B0A93712068C1712068BA
:201F2000022606722068457220692168007C09FB008090F8A102887220692168007C09FBF9
:201F4000008090F8A002C8722168082201F10C00091D09F06DFD2068057421692068142F0D
:201F60008860A8BF1420A0DA38469EE74279D20880F0E682007900F0010540080CD3087CDA
:201F800009FB0080D0F8D802002800F0BF8006F0EFFF002840F0BA80A560002041E341794B
:201FA000C90880F0CD82C37802795D466544294642EA032207F04FF9014603292FD1206994
:201FC0000268501CC778D278174340F0B982007800F00F00042822D100200021FFF7FCFA1A
:201FE000011C1CD12069007C09FB008000F51E7003C801220023801A9941FFF7EDFA011C4C
:202000000DD12069007C09FB008000F51E7003C8CA07400849081043FFF7DEFA01460846EB
:202020003AE24279D20880F08B820079820853D2087C09FB0080D0F8D802002866D006F04C
:2020400097FF002862D138A80021342209F0D0FC2721802220698DF8E01001688DF8E1209C
:202060000979490822D2017C09FB0181D1F87472002F0CBFE721EA218DF8E210007C36A908
:20208000FFF783F8002841D038A8FEF792F802462069007C36A947F23053FFF7ADF800288C
:2020A00040F0FA81E0208DF8E20011E0002068752875E874A8740F27687401262F7438A84F
:2020C0006661FEF7A5FC002808BF0E2000F0E48138A8FEF76EF8DFE140080CD2FEF7C6F85D
:2020E00038B907F04EFA00287FF457AF06F0F8FE53E7142095E2087C09FB0080D0F8D80294
:2021000020B106F035FF00283FF447AF0E2088E24279C57803798778D20843EA052A80F0C2
:202120000F824078E34D400859D2002F40F09881274638680021402209F05AFC2068802133
:20214000417020680626867020680226C67020683B2303712068082205F11401083009F0F6
:2021600067FC206805F11C0310221946103009F05FFC2068DFA10422203009F059FC2068E6
:20218000382180F8241020680322DCA1253009F04FFC206880F828602068572180F829103E
:2021A0002068502580F82A502068042380F83A302068602280F83B20206880F83C302068CE
:2021C000C02680F83D602068172580F83E50216830233A4681F83F301069402652E120685C
:2021E0006668B02F02460EDCB02F6DD0002F00F03E81803F00F01B81FF1E00F03381B81F23
:2022000000F0C0802CE1B13F3BD07F1E15D00E3F09D0BF1E40F024810A7C314604F030F912
:20222000061C08D02BE10B7C31461A4604F098F9061C40F024810D202EE1206800210822AF
:2022400009F0D6FB2068B221417020680427C01C07702169097C09FB018101F530710F68FF
:202260006FB1802282704F684FB1827842F0020282708F681FB1817841F0040181700826BC
:20228000FDE020680021402209F0B2FB2068002101702068B12242702068817020683C2725
:2022A000C77021690A7C09FB0282D2F8D872002F66D0B2F8CE228280097C09FB0181B1F886
:2022C0005011871D39805BE020680021402209F08FFB2068B021417020683C27C7702068C3
:2022E0000126C6712069007C09FB0081D1F8A012FEF720FA22685FFAB0F1117223685FFA81
:20230000A0F75F7225685FFA90F6AE722568E8722568297321684F7321688E732168C87320
:202320002069007C09FB0080B0F8CC22900A18BF4FF4806225699005A0EB8210030A00F4A7
:202340007F46020603F47F4342EA0622134343EA10634B61287C09FB0080D0F8C072183196
:20236000002F0CBF00237F231A0A180603F47F4502F47F4240EA0520024342EA13620A604B
:2023800040267CE0206800214FF40F7209F030FB206800210170206889274770226843F61E
:2023A0000203291D02F108005380062209F040FB206805F10C010822103009F039FB2068FE
:2023C00004222946203009F033FB2068342180F824102169097C09FB0182D2F8D8721FB3EC
:2023E00092F80112C90924BF402180F82510263002F202210C2209F01BFB2069007C09FBCA
:202400000080D0F8540200280CBFEC20A120216881F8380021692068097C4FF400723C306C
:2024200009FB018109F004FB4FF40F7627E0002313708027477083701422C270097C09FB67
:202440000181D1F8D87227B9001D202109F0D0FA04E0001D01F5047109F0EAFA18260EE071
:202460000B2019E0314604F058FA064607E00D2E88BF0D2620688A49324609F0D9FA6C98F0
:2024800027460068396808305645016098BFB246226909205146D160014608E042790B21B1
:2024A000D20804D2407810F0170F08BF00210846B7E0C04614C0000841790579C9083FD2C5
:2024C000417831F001073BD18778002F38D1C778002F35D1206801F00101FEF752FA21681E
:2024E0002269A842916000D8054621690920CD6097E0C0463030303100C046C05244580081
:202500004079C0081CD2087C09FB008101F53871086888B91CA80021342209F069FA8027B5
:202520008DF87170E5268DF8726027208DF870001CA8FDF73EFE74E000220F200A6070E044
:202540000B206EE00A206CE0FEF78CFB69E0FEF793FC66E0FEF7F4FE63E0152470E02069C1
:20256000017C09FB0181D1F8D872002F55D000680178A12902D1407A00284BD1852949D0AE
:202580005FA80021342209F033FAA027FF268DF87E7155468DF8816127208DF882618021E5
:2025A0008DF87C012B688DF87D1103F108000168202912D3012221698DF87F21097C09FB85
:2025C0000181D1F8707247B10079802805D19DF87F0140F004008DF87F012269116808780D
:2025E000FDF747FE65900878FDF750FE074666979868679047B9B0F5805F02D8187B802811
:2026000002D14FF480506790527C68A809F010FA5FA88EE7FDF79CFF03E00E2423E0FFF7E3
:202620000BF8002804462DD009380C282FD8DFE800F0292624201D1A17120E2E2E0A07C0C7
:202640002721002205E05321022205201DE074210822072019E0122404203E21032214E0C0
:202660000620282107E002203A2104E00420442101E005202121002207E0242100E0202163
:202680000022E2E7002001460246FDF754FD20466DB0BDE8F08F0349002008607047C04623
:2026A00080F3000860F300082DE9F041002B17460E4605460EDD1C464FF000082868304042
:2026C000874209D04FF47A7008F070FE09F07FFA641EF3D14FF002084046BDE8F0810B46D7
:2026E0001146AD4A10B5C2EBC01004681A1C084618BF147008B1210A017010BD98B5044646
:202700000DF101016A46FFF7EAFFA44A40F284416143501800F534704768002F41D19DF81B
:2027200001305B0842D39DF8007037F07F0734D19DF80030DB0923D29DF8000080091CD28F
:202740009DF80000400915D29DF8000000090DD29DF80000800806D29DF80000C00825D3ED
:2027600000210A461BE002203A211CE006205A21012219E00520212115E00620282112E0FA
:20278000007801EB80015218D2F80803002807BF032011210720272105E0472103220B20C6
:2027A00002E0042044210022FDF7C5FC98BD10B5794C04F108010022C1EBC01401212046D0
:2027C00009F05AFA4FF4004100224FF4FA632046FFF76AFF10BD2DE9F84F0F466F49904694
:2027E000034640F2844202FB03F0081800F527718E6B002E18BF062040F0A180097841457F
:2028000038BF0120C0F09B8063491839C1EBC31151F8044C09684FF0010B0BFA08F22143A0
:202820000A4240F08B80CA4E31687A695C024FEA082504EBC32400EB88036118681803F57C
:202840003A71009100F581300A603946142209F0EFF8A146B878BF4CAA46A0280BD1316848
:202860002046494440380AEB010207F124018018102209F0DDF83D6AD6F800E085B309EBBF
:202880000E005044201847B3F9693368002429B1BE69002E0CBFB04AB04A01E0B04AD21890
:2028A000002914BF4FF4F8114FF48051A94214D3D7F818C02E462146B6F5783F34BF331CC4
:2028C0004FF4783302604160641C5D1E8160F61AC56000F11000EFD106E05846BDE8F88F85
:2028E000D7F818C000210C4609EB0E024FEA48104FF480350526831803F5803380182E50AA
:202900001868BCF1000F40EA044408461C6003D01C6844F040041C60009CC4F820C0BC7888
:20292000A02C03D11C6844F020041C605244596002F581329A60D960BDE8F88F0720BDE87B
:20294000F88FCB4BF0B517460A46014603F11C04C801041B246864081BD33FB9CD4E40F21A
:20296000844501244D43944072550DE0CA4D012440F28446C71A944006FB01553C60D5F8A4
:202980003C132143C5F83C131B1FC11A00200C60F0BD0120F0BDC046E0FEFF04F0E9000894
:2029A00090B50F4604463422ADF1340D0021684609F01EF8EF22802027238DF8022003215A
:2029C0008DF801008DF80030B44A8DF80310002067B940F28441121D6143515A8A0803D20A
:2029E000490828BF0B201CE00C201AE040F2844101FB04214F885FB90F8897B10220012227
:202A000000E0401E02FA00F10F42FAD0203008E00620012200E0401E02FA00F10F42FAD0A9
:202A200040308DF80C00694600222046FFF7D3FEC0B9002120460A46FFF783FF90B98C48B2
:202A4000E401012100224FF4FA63001F201AFFF72BFE214630B9C24A891A096811F0210F94
:202A600018BF01200DB090BD30B50C4605463422ADF1340D0021684608F0BAFF2720802234
:202A80008DF80000EF218DF80120002C8DF802102C4614BF10209020002269468DF80300BA
:202AA00002208DF80C002846FFF795FEB8B9002128460A46FFF745FF88B9A94DE4010121A4
:202AC00000224FF4FA63A5F11800201AFFF7ECFD28B9641B216811F0210F18BF01200DB09E
:202AE00030BDF0B59E4D07464FF0FF336622FC01A5F11000211A0B6005F108000A64201A24
:202B000001210A4609F0B8F8964840F2844101FB0706F06FA8B1306F98B1706838B93846D5
:202B20000021FFF73DFF38460121FFF739FF306818B138460121FFF797FF10350120641B02
:202B400020600020F067C6F8C000F0BD0020704774EE000880020100000010C0000014C0EB
:202B600010160100F0B50C46002A014614BFA578E57BB54B40F2844202FB013000F53470B7
:202B8000067802FB01F707EB86029B18D3F8E8724FB147683FB96A0805D2012000211D22FF
:202BA000FDF7C9FA0DE0406805F00107074305D1002001460246FDF7BEFAF0BD0846FFF760
:202BC0009DFD6949E0784870607B8870207B0B78C870580834BF0020207A08712079487198
:202BE000580834BF0020607A88716079C871580834BF0020A07A0872A079F02748725B48E9
:202C0000E27907708A72CD72E1780571C170E1794171217B8171677B002F0CBF00214021AF
:202C2000257A627AA77A5219BF180CBF0022202241EAC3110A430272A1794172617981722D
:202C40002179C172F0BD10B5D64C0A01FF2142F00102C4EBC014204609F00EF8052008F0AE
:202C60007AFC0F210022204609F006F810BDC046CCFEFF043E4A40F28443102103FB0022BD
:202C800052F8040F002818BF012002D1491EF7D100207047C0EC0008DCE900084CEC00081D
:202CA0002DE9F84F0646C048F401211A0F680022A4EB000B4021584608F0DEFFB949002505
:202CC00007F04009884608F10400A4EB010A201A009050460F21012208F0CEFF052008F0BA
:202CE0003AFC50460F21002208F0C6FF00980F2103223223FFF7D8FCDFF878C0071C14D0D7
:202D000028460C2800F10105E3D3604640F28441903801FB0600D0F8845035B10021C0F8A2
:202D200084100122C0F888200160414640F284424FF08060B9F1000F4FF00105A1F10401E8
:202D400002FB06C6A4EB0104206004D0402158460A4608F091FF35603846BDE8F88FC046A6
:202D6000E0FEFF0458EC0008A6F3000890F3000830EE0008D4EC00082DE9F04F324C40F207
:202D8000844AADF1400D0AFB00FA0F905444D4F8D80238B184480F990022C0EBC110022180
:202DA00008F06AFF68460021342208F021FE272080218DF80000D4F854728DF80110002FB2
:202DC0000CBFEC20A1204FF40072DFF83C838DF80200CE4F0D923968089208EB010000217D
:202DE00008F006FE0F9869460022FFF7F4FC0E90002840F0B9810F9800210A46FFF7A1FD9D
:202E000000280E9040F0B0810F98664DC6010121002241F65833A5F10C00301AFFF744FC42
:202E20000346002B0E93304640F09E81E049411A096811F0210F1CBF01210E910E9E3968A9
:202E4000002E40F0918101E0F0E900081C350222401B02600D9A46467118204608F0E8FD0F
:202E6000002504F52378A4F86052A946C4F870523F68C4F894520822A4F85E52404684F81D
:202E80006392294684F8629208F0B2FDC346F619A4F8B4520A27C4F8BC52DFF86CC3C4F840
:202EA000B85206F11402A4F8CC52308884F8A8920CEB0A01C0F3C010C4F8580232F8020B01
:202EC00003067F1E4FEA202040EA134021F8020BF4D10CF1140006F12E020427504432F84A
:202EE000021B0B067F1E4FEA212141EA134120F8021BF4D1604606F1360214271C30504423
:202F000032F8021B0B067F1E4FEA212141EA134120F8021BF4D1B06F002104F51E7282E895
:202F20000300D4F8540240B1B6F87C7028466FF30E0707B10120C4F87002B6F87E00A4F82D
:202F40005C02B6F86A00800824BFB6F88000A4F86002B6F88A10B6F89600C1F38032C4F8B6
:202F6000C42200F01F0084F89D02C1F34011C4F8C8120728A8BF0720B6F89810012784F8EF
:202F80009C02C1F30023C1F34022C4F898320320C4F864220A4607FA00F1114206D1401EF1
:202FA000F9D105E0D4FEFF04ECFEFF0484F86302B6F89C10B6F89E00B6F8A0304FF6FF78DF
:202FC000C1F38001C0F38010C4F868129845C4F86C021CBF002B84F86232B6F8A600B6F824
:202FE000A810C0F38022B6F86A30C4F87422C1F38011C4F88812D80824BFB6F8B000A4F8D2
:203000005E02D4F8740280B16FF0704004F51E71C31706C99A4208BF814206D104F51E70D9
:2030200006F1C801082208F003FDB6F8A800400A10D306F1D801C4F894725846082208F0D9
:20304000F7FCB6F8D8006FF30B00B0F5A04F18BFC4F89452DFF8A8C20F98C4F8AC7240F289
:20306000844E0EFB00C404F51E7090E8000CB6F8D400C10B4CD3C113C903B1F5004F47D08D
:20308000400B0CD3B6F8EC10B6F8EA006FF0004240EA0140411E8A4288BF45000D950D98BA
:2030A000C4F8A002B6F8D400810B3CBFD4F8A002C4F8B0023CD300F00F000F9F84F8A802EB
:2030C0000EFB07C494F8A8124846814214D8D4F8A002D4F8AC22B6F8A2114243C4F8B0221D
:2030E000CA0B25D3CA13D203B2F5004F1CBFC1F30D01A4F8B4121BE0D4F8AC22401C520019
:20310000C4F8AC22E1E7C0461016010074EE0008D4F85472002F0CBF0D984FF40060C4F836
:20312000A0020F9FC4F8B0020EFB07C4D4F8A002C4F8A40204F5207080E8000CB4F8B402CE
:20314000A4F8B602B6F8520110F00100C4F8C00205D0B4F8D20000B94046A4F8CC02B6F8F1
:20316000B201A4F8CE0205E00020C4F8D8020127C4F8DC72D4F8D80238B1C0480F99C0EB79
:20318000C11002210A4608F077FD0E9810B0BDE8F08FB949C1EBC0100068C0F30310704792
:2031A000B748012100224FF47A730160FFF77CBAE0FEFF04F0B50F46514940F28442044658
:2031C000002502FB0410C0F8D8520126C0F8DC62204607F06DF8204605F0A4FEA748AA4919
:2031E000A84AA300C0EBC410C9180560202414600C6814B12FB1374601E0A548C550A34859
:20320000C7500E60F0BDC04600EC00083C4A40F2844180B5484310270021831803F24443D6
:203220007F1E43F8041BFBD18018C0F83C14C0F8401480BD2DE9F04F0546314840F28447CC
:2032400080466F4308EB070404F52674C0192668D0F8D8A28B46002E04BFEE014FF00009C3
:2032600004D08D48EE01301AD0F800902846FFF79EFA82480C38361A306800F0880049EA77
:2032800000005BEA00000ED02846FFF709FD18B10020206401266664BAF1000F03D0284648
:2032A0000121FFF787FF2846FFF71BFC79480068032823D1BAF1000F20D02846FFF7DAFCC9
:2032C000E0B9D4F89C00C8B1D4F8A41107EB81014144C1F83C03D4F8A401012607EB8007F1
:2032E00008EB0700C0F84464D4F8A401401C1028C4F8A40124BF0020C4F8A401BDE8F08F86
:20330000F0E900082DE9F04FDFF884A1CB4C5F49DFF874B100273846524627605B4643F820
:20332000047B42F8047B401C41F8047BF7D05B4807F0D9FEDFF8688101254FF07B464FF4E0
:203340008031F56040460A46C038376008F094FC102140460A4608F08FFC082140460A46F1
:2033600008F08AFC07210222404608F085FCFFF717FF08BB02207060DFF8FC80D6F80C9006
:203380003E4605FA06F019EA000F13D0304600F08DF860B1C8EBC610006800F00F000328A8
:2033A00008D0B0004BF800504AF8007002E02068401C2060761CE4D02168384601B9284685
:2033C000BDE8F08F2DE9F04FDFF8DCA040F28442064602FB06A505F5367528688B4670B30C
:2033E000DFF89880F4014FF00009A4EB0807C7F8009008F0D9FA3046FFF708FF3046594661
:20340000FFF718FF2D68F868002D0CBF4A46254A414610F0880FA4EB010422600AD01A4843
:2034200050F8260030B98548006808B1CAF8D892FFF768FF062029210322FCF77CFEBDE817
:20344000F08F2DE9F0417D4C924F8046402620683E6170B10025B8F1020F18BFB8F1030F17
:2034600004D128460021FFF7ADFF20686D1C8542F1D33E60BDE8F081D8FEFF04ECFEFF0430
:20348000040000FB40FEFFFFD0E90008D8E90008D4E9000844F90008CCFEFF044334000811
:2034A000780100FB5F000079F0E9000863492DE9F04F40F284424FF00009ADF1180D143196
:2034C000039002FB0018C8F8D8920446C8F8DC9206F0EEFE204607F029F80590204605F052
:2034E00021FD6D4A2046C401A51A6A4A20211161C5F80090402145F8041C01218140029125
:20350000C44A5160C14969600221FFF79CFB4CF21101DFF8FCA26868CDF8109001421FD03D
:20352000FFE70398FFF743F988B9B74810214A46251A284608F0A0FB28464FF480414A4695
:203540004FF4FA630090FFF7AFF8071C0CD00398FFF7A6FB0746AC48201A009027B111E099
:20356000A9484F46201A009050461038211A48680E68064303D00398FFF792FB07460FB96D
:20358000C8F8D492BC4E039930684D024FF4807205EBC1254946281800F5803008F028FADF
:2035A000DFF8D0B2306849464FF480722818584408F01EFA01953168019B50462430201A7B
:2035C0006A1802F5803202605D465918C0F8049069188160009810210A4608F04DFB17B17B
:2035E0000398FFF75DFBC4480F210322FA23201A8346FFF759F80746DFF880A20498401CDC
:203600000228049002D8002FEAD100E0C7B9504689214A4647F23053201AFFF745F8071CAC
:2036200040F0BE807A484FF6FF7140F201120A23201AFFF739F8074605E0C046DCE90008CD
:203640000120C8F8DC02002F40F0AA800398FFF748FA6F483168201A026801984035012725
:203660005FFA92F65FFAA2F3012E084405444FEA126102D0D0B2012806D153EA01060DD096
:20368000EB2908BF142B01D05FB110E03846C8F8540205E030FEFFFFECFEFF04C8F8549207
:2036A0004F4608F500702946102208F0C1F9002F76D1D8F8540228B100984FF080710A4628
:2036C00008F0DAFA0398FFF757FB071C05D10398414606F0A6FD00B9012791484FF47061B9
:2036E0004FF44072201A08F0C7FA002F58D198F8630202283ADB0398FFF74BFD022835D24C
:20370000039D2846FFF753F82846FFF7C9FA2846FFF73FFD02281BD2FFF742FD02253D499A
:2037200039480D603949201A0160FA2007F03EFE03982946FFF787FA009810210A4608F09F
:203740009BFA58460F2103223223FEF7ADFF074637BB504689214A4647F23053201AFEF7F1
:20376000A3FF071C1CD10398FFF7BBF903984946FFF716F9071C13D103980121FFF710F960
:20378000071C0DD10398C8F86892414606F056FE002808BF012703D0039806F0C7FE05902D
:2037A0001B491C4B029A4FF0FF306FF040060C39651A2860002F45F8206C4FF0010A5A6047
:2037C00040D1039EC8F8E0A2304605F08DFBA948A9490861304606F0A9FE059981421BD156
:2037E00055F8080C00F00F00032815D155F8200CC00911D2C8F8D8A2BE489F4945F81C0CA6
:2038000060260E601AE0C046E8FEFF0402000400DCFEFF04040000FB3748201A006800F0D8
:203820000F00032802D0304606F071FE30464946FFF7C0FC90494020574608604FF4001059
:20384000086067B1AC49039851F82000C8F8DCA208B94FF04009A9484946241A2160D8F859
:20386000380310B1014603988847384606B0BDE8F08FC0460001010074EE0008E0FEFF04F0
:203880002DE9F04F05F0DAFB002847D19A48DFF82093002635464FF0010B2F46A0F104085F
:2038A000BA4658F8040F002834D0954CA419236823B13846FFF7DEF960BB25603846FFF71D
:2038C000D9F928BB8F4880190368BBB10A49C1EBC711096801F00F0103291BD1C8F800507B
:2038E000056038462560FFF7E1FD98B9D9F80000401CC9F800000DE0D8FEFF04C0F800B01F
:203900003846FEF754FF08F04FF8C9F800A001E0C4F800B07F1C06F10406C2D0BDE8F08FA2
:20392000D4FEFF04F0B508F052F97749486DC0F30327002F6ED0086800F00F0004285CD044
:203940009B4C2269022F56D9704B1868801A032898BFA06802D91A6800202261401C0828AA
:203960004AD300271868A760801A032845D8D4F8EC5204F1140645B9086930B10120C6F852
:20398000DC023846FEF713FF37E0D6F8D8523846FEF70DFF3846FFF783F910B1642007F00A
:2039A000DAFD1DB138460121FFF704FC3846FFF798F8E068401CE060FDB13846FFF75AF96F
:2039C000D8B9D6F83403C0B1D6F83C1406EB8101C1F83C03D6F83C14012506EB8101C1F8E7
:2039E0004454D6F83C04401C1028C6F83C0428BFC6F83C7401E00020A060454C4FF4807174
:203A00000A46204608F038F94FF480710022204608F032F9F0BD3F4B40F2844250431950BD
:203A2000704703463B4880B500270C380360416082607F1C00F28440F8D080BD70B50446B8
:203A40000846B4B90C4D2D49602200262A61C1EBC4110E6038B107F0A7FF2046FEF7A7FE34
:203A60002046FFF71DF920463146FFF7A3FB4020286070BD6000200030FEFFFF90B54FF01E
:203A80007B404FF080614A4CC0F83011D4F8EC72D0F82801143400F00F00032802D000203D
:203AA00006F035FD00203946FFF784FB0FB3CA48006803281DD10020FFF7DCF8C8B9D4F83E
:203AC0003403B0B1D4F83C1404EB8101C1F83C03D4F83C14012704EB8101C1F84474D4F8D7
:203AE0003C04401C1028C4F83C0424BF0020C4F83C0490BD5F000079D0E90008ECFEFF0424
:203B0000D8E90008D4E90008280100FB30FCFFFF780100FB28ED00082DE9F84FAF4E306846
:203B20004008C0F05781DFF88890D6F808010127CB46D6F80C51C6F808010540E80980F01E
:203B40004181A748284240F02B81A8480346D0F800C01C68280945D31846DBF85014DFF874
:203B600084E203684FF0000888000EF1180E00EBC10000EB0B020BF1140182F890834018E6
:203B80000EEB0302FD2380F87D33127880F87E23D6F82C21DBF83C335A40C0F88023DBF817
:203BA0004033DBF83C039043CBF83C03D3B101E0DCE90008D1F83C24D1F82C0301EB8202E8
:203BC000C2F83C03D1F83C0401EB8000C0F84474D1F83C04401C1028C1F83C0424BF404608
:203BE000C1F83C04E80834D3DBF850148800002300EBC10000EB0B027A4982F890333E39D8
:203C000061440B780BF11402801803F01F0C0B6980F87DC34946C0F88433D1F84433BBB1DE
:203C2000D2F83C34D2F8300302EB8303C3F83C03D2F83C0402EB8000C0F84474D2F83C04EF
:203C4000401C1028C2F83C0424BF0020C2F83C044F60680846D363480146D9F85084005DAD
:203C60003A46891E0919C0F34010C9F8E8020020FEF778FF4FEA8800002100EBC8004844A0
:203C800000F56470017099F8E412564B4170195D564C554B8170216899F8E42201EB421109
:203CA0005C5809F1140184600CB158464760D1F82C43ACB1D1F83C0401EB8000C0F83C431A
:203CC000D1F83C0401EB8000C0F84474D1F83C04401C1028C1F83C0424BF0020C1F83C046D
:203CE00042480468A80852D33E4859465A464F60223800EB0408D2F8501498F80F30584699
:203D000000F11404880033F07F0300EBC100204400F55F7A3BD194F8D012D6F830010142D3
:203D2000FBD1002041460246FEF71CFF00208AF8000094F8D0022D4B8AF8010098F802002B
:203D4000294A8AF80200186894F8D01200EB41101058CAF80800D4F82C03A8B1D4F83C14A0
:203D600004EB8101C1F83C03D4F83C0404EB8000C0F84474D4F83C04401C1028C4F83C0453
:203D800024BF0020C4F83C040220C6F80801680E1AD30020FEF70BFD0020FEF7A2FE13E013
:203DA000280F0AD2E80F08D300200DF101016A46FEF795FC0020FEF7A1FC00200146FFF7B9
:203DC00039FA01E0FFF75AFED6F8080100287FF4B0AE3760BDE8F88F44F90008080000FBA6
:203DE00010000078420101000400010074EE00082DE9D043144681460F1C08BF00204DD00F
:203E0000C148DFF890820068032818BF002309D14046A03050F824004088030203F47F4301
:203E200043EA2023832049463A4601F047FB061C2DD0042E31D1404600EB840258321168E0
:203E400005292AD000F51A710B6800EB8303C3F8E891D0F8683200EB8303C3F80872D0F8D2
:203E6000683200EB8303C3F84842D0F86842012700EB8404C4F82872D0F8683240695B1C0D
:203E8000984298BF00230B600520106005E040460921046100EB840081653046BDE8D08311
:203EA000F0B50746BF480168BD4C7A484FF0000CBE00054601EB4711AA19641884F801C0C1
:203EC0008119D1F8A010926D891C0B8858303618092A63800DD0072A0BD00B2A09D00A2A81
:203EE00005D0082A03D00C2A18BF012034D1072200E006222270AB683BBB2278062A0BD143
:203F0000D5F86C2205EB8202D2F8482250F822000B2801D1974218D17B480068032818BF40
:203F2000634605D10888030203F47F4343EA202382202146042201F0C1FA00B9EF6108B99F
:203F40000121A960042801D0F0BD04202178062914BF0C210B213160F0BD6B4BF0B51B6858
:203F600014460D460646032B18BF002308D18B4850F824004088030203F47F4343EA202312
:203F8000032031462A4601F099FA074641487FB1042F12D100EB840158310A68062A0CD000
:203FA0004663856304640122C26306260E6004E0C4600A2100EB840081653846F0BDF0B5CE
:203FC000514A7A4D7A4C12680F460646022A02D1FFF766FFB0B9744850F8260008280BD0A6
:203FE0000A2809D0072818BF09283DD1284639463246FFF7FDFEF0BD204639463246FFF71B
:20400000ACFFF0BD04282FD1224A02EB8600806D0C2824D00B2827D102F51A70016802EB26
:204020008101C1F8E851D2F8681202EB8101C1F80872D2F8681202EB8101C1F84862D2F846
:204040006832012402EB8303C3F82842D2F868125269491C8A4298BF00210160F0BD54639C
:20406000976316640120D063F0BD2DE9F04F094E4C4A4B4C82460F464FEA8A0906EB09010E
:204080001068CB6F002500EB4A10241823B927B908E0C046F4F30008022706EB09000121EA
:2040A000C0F8C41020462946222207F0A1FC032109EB0600217000F1A008A771D8F8000097
:2040C0004088AB466080022FA4F80EB00BD104F110002946FCF755FC0546A8B22906001242
:2040E00040EA1140E081D6F89C0106EB8000D0F8580106F5AC7758BB034800681035032893
:2041000018BF5B460AD101E040F90008D8F800004088030203F47F4343EA2023822021465B
:204120002A4601F0CBF908B9C6F81CA070B9FFE706EB090010218165706950452CD9706AB2
:20414000401C00F03F007062BDE8F08F042823D106EB09005830026801210D2A13D00D2267
:204160000260D6F8980147F82010D6F8980107EB8000C0F820A0386C401C0828A8BF584681
:204180003864BDE8F08F786C401E48BF07207864D6F89C0147F82010BDE8F08F94F4000885
:2041A000F014010074EE00084CF40008000010C0000014C02DE9F04FCF4C064631192C3141
:2041C000B54B0A78B700381900F1A00984F85420D9F80000A2191030606492F82C5040F203
:2041E00084426A439D588A46002D06BF002184F8561084F856600078E02803DBE828B8BF7B
:20420000062000DB102084F855003D194FF0000B04F14400C435C5F800B0FDF777FA804632
:20422000B8F1080F00F08280B8F1090F31D0B8F1000F0AD0E019806D092803D00A2804D187
:20424000032000E0832001F040F8012028606269B8F1120F0ED0E419A06D0A2800F0858042
:20426000B8F1000F14BF022159463046FFF7FDFEBDE8F08F04F58470016804EB8101C1F8E6
:20428000E860D4F80811491C8A4298BF59468B4669E0CC484FF001080068C5F80080022885
:2042A00018BF584602D13046FFF7FAFD0028216DC54BAB482DD0E219926D0B2A55D11A68C6
:2042C000D4F8685204F5F473821804EB850541F214008842C5F8E82188BF081CD4F868125D
:2042E00003EB81010862D4F8680203EB80000666D4F8680203EB8000C0F840806169D3F823
:204300008000401C814298BF5846C3F88000BDE8F08F41F214028A4288BF0A1C1B6811464E
:20432000C0183246FFF764FDBDE8F08F9AF80010C24A40F2844000FB0120D0F8980228B1B7
:20434000D9F80000007CFBF7A1FF70B904F58470016804EB8101C1F8E8606269D4F80811DD
:20436000491C8A4200D859460160BDE8F08F2DE9FC4F614C0746BD006019D0F8A06001A90D
:2043800006F110094846FCF747FA06F1100B8046B8F1000F484619D1E1193F4B91F82C20EA
:2043A00040F2844606FB02F15E581EB10078FBF76DFF28B9019800280CBF0A20092009E009
:2043C000019800280CBF0820072003E0B8F1050F02D10F2061198865B8F1010F51D0584681
:2043E000FBF76EFF3E192C366119DFF850A2C867307840F2844909FB00A0D0F89802A0B92D
:204400009BF80000FBF742FF78B1317809FB01A0D0F8D80248B158466A46FCF7A9F958BBCE
:2044200000993846FFF7CBFD26E06019806D0A2822D164480068022803D13846FFF730FD63
:204440008046614801689948B8F1000F0CD0B8F1040F1FD1401860634FF48056A66327649B
:204460000125E563BDE8FC8F40183A464FF48051FFF773FDBDE8FC8F3846FFF79BFEBDE86A
:20448000FC8F052020210022FBF755FE38460221FFF7EBFDBDE8FC8F88EC0008F0B5164C92
:2044A000A06A656A002814DD04F55C7604F1580306EB85010A6853F82270032F33D0042FC1
:2044C00007D0401E05F10105A06205F03F056562EEDC04EB850101F55C710A6804F15806E2
:2044E00056F82230032B1ED0042B38D167682FB16D1E30D430E0C046F4F300086C4F07EBD8
:2045000085000068FFF733FF20686D1C05F03F05401E206023D007EB8500016856F821100C
:204520000429EED0F0BDA318624A93F82C30C2EBC31252F8043C17681F430AD1676847B9FE
:20454000012060600868FFF712FF2068401E2060F0BD6D1E00D53F256562401CA062F0BD5A
:2045600010260100F0B50E461749C54D09680746082201EB471000212D18284607F038FA71
:20458000C04C04202946BD00087064192068801C02884A800B4ACE711268032A18BF00231D
:2045A00005D10088030203F47F4343EA20238220082200F083FF0646CD489EB3042E3BD141
:2045C00004E0C04640F9000874EE00084219583211680E290ED1D0F8E41100F5D0724B1E75
:2045E0000029D8BF07235364D0F8E411012742F82170F0BD0E2300F5F07113600A6801262A
:2046000000EB8202C2F8A061D0F8E02100EB8202C2F8C071D0F8E001401C0828A8BF002091
:204620000860F0BDC7612368012241191A741027C1F8C42040198765F0BDC046F0E90008FA
:2046400030B50446CD488E490068A94D00EB44100918CB48CA89CB890068120202F47F4294
:20466000032842EA132202F1100218BF002309D12846A03050F824004088030203F47F43A5
:2046800043EA2023822000F019FF68B928461022C46100EB84018A654169A14204D9416AA6
:2046A000491C01F03F01416230BDC0461016010064F70008C8FEFF04F0B58D4C04F11C05E7
:2046C0002A6890002118896D3C35102953D12118D1F8A010097C04F1A006012913D00027B5
:2046E000A7603058007CFBF7D1FD50B1E269A018BE4990F82C3040F2844058430B580BB150
:2047000001E0E2696760900021186769D1F8C4306BB300232B506169914228D9315848889D
:20472000C0F3052004EB8006D6F8700204F51C7C891C401EC6F8700204D50888C0F30520E7
:204740004CF8203004F5A870016804EB8101C1F83021D4F85021012604EB8202C2F81061CE
:20476000D4F85011491C8F4298BF191C0160206808B1FFF793FED4F89C0104F5AC72810020
:204780005758002F6ED1D4F8E40104F5D0728000175857B111180027096A1750506C401CD7
:2047A0000828A8BF381C506400E0012773480068002F4DD07248006802285FD1A068002837
:2047C0005CD1E06B20B1206C55F820100C2933D0D4F86C0280000119D1F8481255F82110DA
:2047E00004F5F4760B2949D13018006EFFF758FB002843D1D4F86C0206EB8000006E05218E
:2048000045F82010D4F86C0280008219116A3058126EFFF7EDFA88BBD4F86C02002106EBE7
:20482000800001646269D6F88400401C824298BF081CC6F88400F0BDFFF732FBF0B9606B55
:20484000A16B226CFFF789FB08B90020E063F0BD0B4A00EB4110D21D125C08461146FFF7EA
:2048600081FEF0BD50180023006A5350516C491C0829A8BF191C5164FFF7E2FEF0BDC04647
:20488000F014010094F400085849F0B5086C28B1086800281CBF0879401C00D10820144C47
:2048A0000021482204F588756061284607F0A0F86169012604F154070022134657F8040F9B
:2048C000012810D099423A600DD9D4F8500105EB80000362D4F8500145F82060D4F850018B
:2048E000401CC4F850015B1C092BE7D3F0BDC046F4F3000830B50446032000F0E6FC832081
:2049000000F0E3FC07F042F8C54D0021482205F5AC7007F06DF80021882205F5F47007F068
:2049200067F80021102205F1340007F061F80021242205F17C0007F05BF800214FF48072D2
:2049400005F51C7007F054F80021242205F1C40007F04EF80021282205F1E80007F048F8B0
:204960000020A8606860286028626862A862E86028610CB1FFF788FF30BDC04674EE0008F9
:2049800040F900081948F0B54438006808B107F079F9FFF779FFAF4AD7682FBBA048044608
:2049A000D4F8541100F588708900475867B143181D6AA56100264650416C6369491C8B424A
:2049C00098BF311C416400E0A569A448A24912880068002300EB45100918022000F06EFDC6
:2049E00004EB85040120A065F0BDC04688EC000810B58B4C0021242204F1580006F0F8FFAD
:204A00000021482204F5D07006F0F2FF022000F05CFC822000F059FC0020FFF76BFF904842
:204A20009049914AFEF7FDFF90490020FEF7F3FF8F49086808B9486808B1FFF7A3FF10BD1A
:204A40008C4930B5822006F043FB8B49022006F03FFB8A49832006F03BFB8949032006F013
:204A600037FB884806F030FB7C4D7B4C286800214FF49072201806F0BBFF834829684FF406
:204A800090724018002106F0B3FF65492A680920A031A41841F8044B401E04F12004F9D134
:204AA00030BDB0B50F4601460B784FF0FF320024981125D0401E1DD0401E17D0181103F0A7
:204AC0000F0300F00305012B08BF10F0030F17D0022B09D1012D07D14B788878CA7840EAA4
:204AE000032042EA00220CE001240AE04A7802F01F0206E04A78180200F47C50024300E0CE
:204B00004A7807B13A602046B0BDF0B55F4F604C00231D4657F8046F7688B04209D1E6585F
:204B2000012E06D9102E04D2AA421CBF0D60012004D16D1C1B1D092DECD30020F0BD7047EF
:204B400070B5374D06462C46E06880002118896D58350A2918D12018D0F8A000007CFBF740
:204B600095FB20B97068A064E068FFF723FBE0688200A118D1F8C410002904BF0F20A85061
:204B800002D00021FFF771FAE06B58B1226C55F82200062806D1606BA16BFFF7DEF908B906
:204BA0000020E06370BDF0B51D4C04F11005286881006218926D4835092A0AD16218D2F8F4
:204BC000C470002F04BF0F20685002D00021FFF74CFAD4F86C028100081900F50A700768DF
:204BE00004F5F476D7B1006A55F82000052815D18A197058116A126EFFF7FAF870B9D4F89D
:204C00006C02002106EB800001646269D6F88400401C824298BF081CC6F88400F0BDC04682
:204C2000F4F300080246CD4890B543690121092B0ED200EB8300C3F10904543050F8047F83
:204C400027B1641E03F10103F8D101E013600021084690BD14FA0008D013010074EE0008C5
:204C600059500008954F00081150000885490008C8EC0008B9460008954C0008A74B0008B2
:204C8000414B0008F1490008F014010090F400084CF400082DE9FE47B0490C461431A06971
:204CA00063690A684E68834221D8D4F8543104F588719B00CF58D7B1CA180025176ACD5010
:204CC0004A6C6369521C934298BF2A1C8600A76104EB87004A64A119D0F8A000D1F8A01025
:204CE000202206F0A5FEA01985656269A66904F158084FF0020A48F826A0C34FDFF80C932E
:204D0000D4F8540104F5887151F82030354633B904F11800FFF786FFF0B9A6690DE0D4F887
:204D2000540180000B181E6AA66100230B50486C401C824298BF181C48644946C54A086855
:204D400012880023394600EB46100918504600F0B5FB012048F826006069A84240F20E8184
:204D6000206A494604EB80000A68C0F87053206A3E4602EB4512B618401C00F03F00206291
:204D80003078CC46012818BF052840F0F58006F1080001A9FFF785FE0198012807D1307823
:204DA000012804D1307CA02804BF0020019070888111821101F0FC0102F0FC026318A218DD
:204DC000D3F870E2D2F87012071204F51C79BEF1000F4FEA006301F1010147EA1347C2F830
:204DE000701206DD69462A46FFF78FFE002840F0A3809DF8041028192C3001703278DCF8FC
:204E0000001004F12C06012A55D0052A40F0B48004EB85009DF80430D0F8A010002B01F1A6
:204E2000020746D10879401E0DD0401E2BD0801E29D0001F27D0083825D0303821D040388A
:204E400002281ED91BE0C888FF2202A9FFF75DFEB8B10298800058F80010012911D90429A5
:204E60000FD8002648F8006031462846FFF77AFB20680028C4BF401E061C304656E00421B1
:204E800012E0052110E0705D0121FEF79BFA0120FFF730FD38880021801100F0FC0059F89E
:204EA0000020521C49F800202846FFF75BFBBDE8FE870921F8E70778002F3AD1BC4A40F225
:204EC00084407843175837B1B74801EB4511405CFBF7DCF990B92068616850EA01070BD1A0
:204EE000725DB449C1EBC21151F8042C0F68174304BF0120606010D0032114E02068616830
:204F000050EA01070ED1725DA849C1EBC2110A68012707FA05F1114204D12846FFF727FAF3
:204F2000BDE8FE87042148F82510401C2060BDE8FE87052025210CE03078012810D1009806
:204F400004EB8004D4F8A0000078012808D10B204E210022FBF7EFF8514616E0F4F30008E7
:204F600001980021FEF72EFA0120FFF7C3FC07F03F070A21B80092E7514695E704EB850460
:204F8000D4F8A0000121017428212846FFF76DF8BDE8FE8770B506468748006802282DD102
:204FA000864D2C46206980002118896D58350F2906D12018D0F8A000007CFBF767F998B919
:204FC000E068800029580F2918D12018D0F8A000007CFBF75BF988B1E068012104EB8000F3
:204FE000C0F8C410E06806E02069012104EB8000C0F8C41020690021FFF737F87078B16881
:20500000FEF7DDFF70BDC046D013010074EE00086A4890B5D0F80C1100EB8101D1F8E84004
:2050200000EB84018F6D00F1E80297B1516A4069491C884298BF00210320516200F045F9D2
:20504000832000F042F906F079FC20460221FFF70CF890BD14FA00082DE9F04F06467078A8
:20506000FD2856D0554AD2F80C5102F1140102EB85000B68D0F8E84002EB8400876D443168
:2050800002F1E80067B9D2F80811A94240F38980416A491C8B4298BF00214162BDE8F08FEF
:2050A000456A6D1CAB4298BF00254562B5786D0827D2A00001238218C2F8C43008580F286A
:2050C0001AD0092868D1D2F8A000007CFBF7DEF8002861D138480068022804D12046FEF732
:2050E000DFFE002858D1364936480A68B16880182246FEF77DFE4FE020460021FEF7B5FF2B
:205100004AE0416A491E48BF591E4162FFF780FF42E0B07840083FD2776817F0FF0F18BF4F
:20512000002409D117F47F4F18BF082404D117F47F0F14BF10241824204D6869A0422BD9C0
:205140004FF0010905F1580AC846CB4609FA04F10F421ED0A1005AF801000F280BD0092821
:2051600005D0052803D00A2818BF0B280BD16818C0F8C48007E06818C0F8C48000212046DC
:20518000FEF773FF77680BFA04F04740776003D06869641C8442D9D30848006808B1FFF775
:2051A0007DF9BDE8F08FC046E0130100CCFEFF0488EC0008C8FEFF0440F90008F4F3000819
:2051C00074EE0008101601002DE9F047B84D074678009A46914688464FF47A7620F480706B
:2051E00040EAD710040103E0012006F0DFF8761E601B0168C90A47D2002E47DD08F0FF0615
:20520000D14A40F808AC072E40F8049C08D111460C31096841F28A038B4238BF414602D3BC
:2052200048F48061601B082E01602AD1FEB2114636F07F0608D007F07F02D00000EB421035
:20524000081800F5907006E007F07F02D00000EB421008188030466A9EB1380A0DD3C86BAA
:2052600000280CBF062005204FF07D42D36801210A3081405940916003E04FF07D4188693F
:20528000C8610020BDE8F087002EADDC0220BDE8F087C2B232F07F01864A1ABF111CA031F7
:2052A000111C00F07F03DA0002EB43128918C96900220904134641F00701FFF785BF420023
:2052C0007D481E2106F0D8BC704770B5794C0546E8B230F07F0018BFA03405F07F01C80033
:2052E00000EB41102418206A10B3E069002240F60811134641EA00412846FFF765FF08B9E1
:205300000020206206F063FC694C680020F4807040EAD510060142F2107503E0012006F0AC
:2053200045F86D1E301B0068C00A03D2002D03DD002070BD002DF1DC022070BD2DE9F04169
:20534000814D0646F0B230F07F0718460B4607D106F07F04E10001EB44116C18803407E0AA
:2053600006F07F04E10001EB44116C1804F59074A3619968E160A260002767601A68010454
:2053800041F4837122603A46E0823046FFF71CFF5FEA00081BD1012020622869032816D077
:2053A000454C04F108000068C0F3834002280ED1300A0CD320464FF4F0713A4606F05CFC87
:2053C00020464FF4F0714FF4807206F055FC4046BDE8F081B54810B500235B4C0168E36172
:2053E0000068636201F5893100F5863008604B6008228A602320C8601846FFF79FFFE06A57
:2054000008B903F0E0F810BD30B50446E0B230F07F0014BFBF4D274D04F07F01C80000EB59
:2054200041102D18686A10B12046FFF74EFF0022204604211346FFF7C7FE08B9012028616E
:205440000CB9FFF7C7FF30BD4006820DB2484FF47E7106F011BC704770473B4810B50169FA
:20546000032918D0C06DB0B1AB480C300068C0F38340032818BF05280DD10F4C4FF4F07171
:205480000022204606F0F8FB4FF4F0714FF48072204606F0F1FB10BDA049020A28BFA03100
:2054A00020F08000C20002EB401008587047C046F437FF03B0F9000804C700FC2DE9F04F46
:2054C000C7B2ADF1180D1C468C46039037F07F0702921D48019408D1039901F07F01CA00DE
:2054E00002EB41128518803508E0039901F07F01CA0002EB4112851805F590752F6A00F1F5
:205500000C010590002F18BF042040F0B980844A6046824204D0834A824218BF002200D1EF
:2055200001226A62614BDDF80CA07F4A1B681AF0800A0BD1AF8A029C4032E419641EB4FB1C
:20554000F7F4674303E0C04630F90008029F6E6AD84CDDF80CC0002E04EA0C0403EB04142C
:2055600022447AD0DDF814C0DCF83C403A46002C0CBF4FF400354FF44035DA480027BAF1E7
:20558000000F08D1B03001F5F8714FF4003E4FF00808C0180AE001F5DA71C018002C14BF3A
:2055A0004FF4804E4FF4004E4FF00A08019E01EB870340F6110B00906FEA0509340403F16E
:2055C000040C4BEA940BCDF810B096458CBF151C75464B6BDDF814B009EA03034B63049BBB
:2055E000DBF80C4041F20A26521BA64207D1019E2EB1002F04BFBAF1000F23F00103002A91
:2056000014BF042402244E6B4FF0000B06607F1C1C43C0F804B04E6B8560AB194B63C46066
:205620001030CCF800501AB1B8450CF1040CCCD8B84509D1DDF800C0C0F800C05F4647606D
:205640005E4686608123C360CF62019F0A60DC468F63009AC1F830C00CE0019E10604FF02D
:20566000000C40F61300C2F804C03104976040EA9100D06011460398019B029AFFF75EFEC4
:2056800006B0BDE8F08F10B501242046FFF71DFE44F08000FFF719FE641C032CF5D910BDC4
:2056A00009040A0C00230221FFF78EBD74EE0008C84A70B512680D460646042A0EBF4FF448
:2056C0000070D94830F81200D8494FF4A063A1F89400C400A1F83401224601210020FFF739
:2056E00073FD2DB10020022101220346FFF76CFDDD4B06F01F068020012144EA4642FFF79D
:2057000063FD2DB18020022101220023FFF75CFD70BDC04650FA000800C700FCC0F90008EA
:20572000000010C0000014C0101201002DE9F04317460E460546FFF7A6FFD04C4FF04041E6
:205740004FF08042204606F097FA2A462068C00FFCD2A04CDFF8209304200025103C09F1C1
:205760001003206165611868E5616FF31F40E06002B1226006B1666007B1A760DFF848C3B5
:20578000DFF8408304F10C0E04F168012A4641F8285F5600D0090D6126F480774D61521C08
:2057A000C1F8A0500743C1F8B05008EA0606C1F8B450032ACCEB071740EA06003D604FEA7A
:2057C000001040F01000A0EB0C000560DFD9CC480068C3F8E4524FF4007200F58531C3F83D
:2057E000E01200F58530CEF82C02C44FC3F8E82241F21A06CEF8301201F50072C3F8EC5285
:205800001F21C3F8E075E768CEF83422BE42C3F8E81505D002216FF05F000A4606F02CFAF3
:20582000D948DA4FDFF85C83006848B9E06841F21A3181420BD94FF4806138460A4602E0BE
:20584000D349D44A484606F017FA404600683146F031814218D84FF4802138460A4606F098
:205860000BFA484601212A4606F006FA4FF4003138460A4606F000FA4FF4803148460A4609
:2058800006F0FAF9404600687036864205D22846092102461346FFF797FC28460121FFF7A4
:2058A00007FF0120A062E062322005F054FEBDE8F083C0467FFFFF0FD748006810F00700AC
:2058C0000ED0401E08D0401E08D0401E04D0401E14BF04200320704701207047002070476E
:2058E000022070479012010070B5504C06462069032815D104EB8600C06D88B15F4D4FF4BB
:20590000F0710022284606F0B7F94FF4F0714FF48072284606F0B0F984F848600120606401
:2059200070BD77490B68002814BFDB49D849D94A1268002A19440CBF0323042300220A60FF
:205940004A601B018A6043F00303CB601346FFF7F5BC8C4BF0B507460C46FEB2104636F0EC
:205960007F0607D107F07F05E90001EB45115918743107E007F07F05E90001EB4511591810
:2059800001F58A710E6A9C46002E18BF04201CD15B4B1D6847B9888ABD4B1118491EB1FB25
:2059A000F0F61946704300E0BB4949190C60BCF88840002384424B6098BF201C886040F67C
:2059C0005300C8603846FFF7B9FCF0BD0023FFF775BDC04640F9000810B5284C206800081B
:2059E00021D3FFF750FE20464FF00041002206F043F920464FF4F0114FF4202206F03CF9DB
:205A00006048006841F28A01814208D94FF0804120460A4606F030F92068C00FFCD24FF4D7
:205A2000FA7005F098FD10BD8CC0000830F900082DE9904188460022044603211346FFF78C
:205A4000C3FB4146071C0BD1D04A600020F4807040EAD410C2EB00121068C0F38460086040
:205A60003846BDE89081C0460005000203484FF000410A4606F000B910C100FC04C700FC87
:205A800070B50446C2481546CA00A306260A42F0060243F4E06306D305F01F0543F0007343
:205AA000A03042EA454224F08006F50005EB4615415320460121FFF787FB20460121FFF777
:205AC000EFFD70BDFFFEFF0FF437FF0310B50022052104461346FFF777FB68B9E0B230F08A
:205AE0007F0014BFAB48AC4804F07F01CA00002402EB41128018046110BDC04604004600B1
:205B000074EE0008F0B50446A448006815469C46CA0042F00402032808BF42F07072A048AB
:205B2000A306012D43F440730AD9C66841F20A2743F08073B74203D1260A0CD243F40053A4
:205B4000260A08D224F08007FE0006EB47168019A0F894100DE024F080070CF01F0CFE00D2
:205B600043F0007342EA4C4206EB47168019A0F8341120460121FFF727FB20462946FFF796
:205B80008FFDF0BD3CF900087CEE0008C0C200FC0000F8FF000030752DE9F043804C04F1F9
:205BA00010000068042870D07E4F4FF003091A49C7F800900868800CFCD3FFF764FDE068CD
:205BC00041F28A01814205D27749002002460346FFF7FAFADFF8D481206908EB40000189A0
:205BE00000220120FFF74CFF206908EB4000018901228120FFF744FF0120FFF767FF8120C0
:205C0000FFF764FF23690F25002B3DD0E06B0126012820D102E0C0460CC700FC032B08BFFB
:205C2000022608EB4300018A012200230220FFF769FF0220FFF74AFF206908EB4000018A0D
:205C4000022332468220FFF75DFF8220FFF73EFF204603693F2508EB4300018B324600234B
:205C60004846FFF74FFF4846FFF730FF206908EB4000018B32464B468320FFF743FF8320D0
:205C8000FFF724FF45F0C0053D60BDE8F083C0465012010050F9000810120100F0B544492D
:205CA0003F4A0D68010A10D2D2F82812364CD2F8FC31082705EB011102F5FE756418590C00
:205CC00018BF4FF40033D16B16E002F5E076D16BF36A384C0A2705EB031302F5E075E4185C
:205CE00029B93368DE0B18BF4FF4004304E033689E0B18BF4FF48043002914BF4FF4403627
:205D00004FF400362968002908BF01203AD0696BB14340F6110C2E686963F61AA96B2E602F
:205D20004FEA01414CEA910C14BF042102216E6B266000266660A36041EA0C01E160E96AE0
:205D400005EB81014B60696B5B186B63E96A491C8F42E96298BFEE62D16841F29A028A42C2
:205D60000ED9154A410021F4807141EAD011C2EB0112116801F0FF01072908BF301C01D04C
:205D8000FFF787FAF0BDC04640130100F837FF03C4F9000850FA0008B0F9000840F900084B
:205DA00030F9000820C700FC090002008CC0000874EE000890120100F437FF03C94900B56F
:205DC000087848B108460178491E0170007818B9FFF702FE05F056FF00BDE24800B5002165
:205DE0004FF4B67205F004FEBE490020087005F0DBFC03F038FB00BD02784178807841EA9D
:205E0000022140EA012070472DE9F841171C0E46054621D04FF0000805F0FF04C4F580745F
:205E2000BC4288BF3C1C4146CDF8008006200A46134604F0ACFF40B9CDF8008002202946BC
:205E40003246234604F0A3FF10B10120BDE8F8813F1B25442644DFD10020BDE8F88110B5EB
:205E600000216C22044605F0C3FD9F4820609F4860609F48A0609F48E0609F4820619F4809
:205E800060619F48A0619F48E06110BD2DE9F04F1027ADF5867D6E460D784A788B78CC78F1
:205EA0007F1E01F1040142EA052243EA022344EA032446F8044BEFD101AC30272668656BA5
:205EC00054F8043C216AF2084FEA952C7F1E82EAF61219448CEA754C82EAB6428CEAF54300
:205EE0000A441344E36304F10404E7D1C2688369C6690168D0F80490D0F808E0D0F814B0BC
:205F0000DFF804C240274292E8464193026940965CF8045B58F8043BDDF804A14FEAB214AB
:205F200084EAF22484EA72645B19E418409B0BEA02062AEA020A8AEA06057F1E25444FEA73
:205F4000B10A419CCDF804B10EEA090640948AEA713A93462B4409EA01040EEA0105429A1B
:205F6000CDF808E1CE4685EA040589468AEAB15486EA05061A44264406EB0301C8D107685F
:205F8000036946688568C919D2180160C46802614E447544429947698369C2694660091989
:205FA00085600BEB07044461419F409CC160F918816143B0A118C161BDE8F08F2DE9F0414D
:205FC0000546686A16460F4600EBC60290426A6202D9286A401C2862286A4FF0000800EB8B
:205FE000567028621BE0A86EC0F14001C0F140048E4238BF341C394622462818283005F0CE
:2060000017FDA86E361BE7192018A866402806D105F128012846FFF739FFC5F86880002EF2
:20602000E1D1BDE8F081B0B50446A06E8023421CA266201880F82830A26E0D46382A0DD91F
:20604000A0180021C2F14002283005F0D1FC04F128012046FFF71AFF0022A266A0180021C2
:20606000C2F13802283005F0C3FC206A84F86300020C84F86120616A84F867100F0E84F85C
:206080006470030E84F86030000A84F862000A0C84F8652020460A0A84F8662004F1280176
:2060A000FFF7F4FE2D1F0827E078A278617805F8040F14F8043B6A70A9707F1EEB70F3D128
:2060C000B0BDC0B51746002610F8013B11F8012B7F1E82EA030242EA0606F5D1002006B9F7
:2060E0000120C0BD14F1000867E6096A85AE67BB72F36E3C3AF54FA57F520E518C68059BEA
:20610000ABD9831F19CDE05B14BF00082DE9F04F051C92460E46ADF1480D7FD06B78E81C92
:20612000FFF76AFE0746A81DFFF766FE834633F01F0003F01F0371D1A87800286ED1687ACA
:2061400000286BD15E4569D1DFF81890042B22D0052B63D156EA0B0060D14FF29E20B84285
:206160005CD101E018F1000849468868002855D0C868002852D0086900284FD1FFE7091DF5
:2061800000200422FFF740FE002837D1BB49052008700020F0E0ABF10100000B3ED1BAF162
:2061A000000F3BD00BEB07054FF29E20A84235D367BB00214FF4B672484605F019FC4C46FA
:2061C00004F11400FFF74BFE04F18000FFF747FE0026B0464146CDF8008006200A46134610
:2061E00004F0D5FD40B94246CDF8008020203146134604F0CCFD18B1012020610D20BBE013
:2062000006F58056300CE5D00120A0604C46A06820B1206910B92068B84201D00B20ABE0D5
:2062200004F1140651465A463046FFF7C7FE2A461196B2F5847F14D9B7F5C47F11D2B7F5BB
:20624000847F34BF4FF484733B1CB2F5C47F88BF4FF4C4721819D91BD21A1C38514405F01E
:20626000E7FB2A46B2F5C67F14D94FF29E21091FB9420FD904F18000B7F5C67F34BF4FF44C
:20628000C6733B1C914238BF0A1CD91BD21A5144FFF794FE28463E46B0F5C67F33D94FF258
:2062A0009E21091FB1422ED9B6F5C67F34BF4FF4C6753D1C814238BF081C8046A5F5C677C8
:2062C000A5EB0609042F10D2C5F5C876A8EB0500B04238BF061C0AEB090138193246001D8A
:2062E00005F0A6FB7519B144F719A8450BD90AEB0906A8EB050238463146FFF785FD002871
:2063000018BF0D2036D120684FF29E215844206081427FF43EAF119801A9FFF784FE04F1EB
:20632000800009A9FFF77FFE8C4E01A8202206F11801FFF7C6FE0125B8B904F1EC0031463A
:206340000822FFF7BEFE78B104F1F40009A92022FFF7B7FE40B104F21312582112F8010F11
:2063600010B9491EFAD100E00025002DE5607FF410AF11200121216112B0BDE8F08F41700D
:20638000091201707047C1700A0E02700A0C4270090A81707047B0B504461746101C15D05F
:2063A000401E11D00F380DD0401E09D0401E03D00E3803D0401E0DD1102508E0182506E07D
:2063C000052504E02C2502E0062500E012250CB18D4201D90020B0BD204600212A4605F05B
:2063E00007FB20463946FFF7CAFF281F81B2A01CFFF7C5FF6FB3012F26D0102F0FD0112F61
:206400000BD0122F07D0202F1CBF0120207333D1012108462EE004212DE0012017E01427A4
:20642000E775012020750021A175E1762023E177042223760227627604F12800A776BD4921
:20644000A777FFF7A0FF17E0012060710020207112E01127E7721021617200202072A072A4
:206460002073A0732074122363732022E273212767740121A071E1712846B0BD14F10008B0
:20648000F0B5071C144602D0B1F5017F01D20020F0BD00214FF4017205F0AAFA40F28445D7
:2064A0004FF48076C22202217A700020B970C44BF87005FB043232F8020B761E78714FEACF
:2064C0002021397107F10207F5D14FF40170F0BD70B5064615460024184601E0401C641C9E
:2064E0000278002AFAD12A68A018401C814238BF00200CD3B0181946224605F099FA286827
:20650000002324182C60611C33550120296070BDF0B50646069C05981546844238BF201C30
:206520005A1E002412F8017F1FB1401E04F10104F8D12A68A018401C814238BF00200CD3E5
:20654000B0181946224605F073FA2868002724182C60611C375501202960F0BDDCBE0008C9
:206560002DE9FE4F0C469649074640F2844390460520002F03FB0815029005F50B7A05F5F1
:20658000047B00F0D480BC2CC0F0D18038460021BC2205F02DFAC0207870D5F880524046C9
:2065A00001F0A5FB0646214602AA73A33846FFF78FFF002800F0BB800298AC4600F10901F9
:2065C0008C42C0F0B480DDF808E0DFF8B8911C2200212CFA02F303F00F0319F803300EEB70
:2065E0000105491C0829A2F104027B55F1D300F1090100220830029128253A54534621460F
:206600003846009502AA0195FFF782FF002800F08E8014200090214602AA5B460190384601
:20662000FFF776FF002800F08280002E4AD1404603F075FFB8A6022820D0334638462146C9
:2066400002AAFFF745FF002871D03846214602AA3346FFF73DFF002869D03846214602AABD
:206660003346FFF735FF002861D03846214602AA3346FFF72DFF00284ED158E0009520209E
:20668000214602AA534601903846FFF741FF00284DD033463846214602AAFFF719FF002884
:2066A00045D03846214602AA3346FFF711FF00283DD03846214602AA3346FFF709FF002850
:2066C0002AD134E0202500953846214602AA33460195FFF71DFF002829D0009506F120034F
:2066E0003846214602AA0195FFF712FFF8B11025009506F140033846214602AA0195FFF7A2
:2067000007FFA0B1009506F150033846214602AA0195FFF7FDFE50B10299B81C091F89B258
:20672000FFF72DFE0298411F3971BDE8FE8F0020BDE8FE8F00040180B0B504AF3D780C466C
:20674000114622460446A018FFF719FEA4186021C570022D817007D0E371180E20711F0CCC
:206760006771190AA17104E0241D99B22046FFF706FEA818001DB0BD4361727472696467C2
:20678000653A00C0E4BE00082DE9F84307460C4840F2844404FB020909F5207090E83000C4
:2067A000002F4FEA45524FEAD42040EA020080465DD0202B59D0212B26D00D2B57D101E097
:2067C000F0E90008102952D3FFE738460021102205F00EF90C21F9700026BE703E717E713F
:2067E0003E727E72BE720125FD720D2038700222FA717A734321B971397302F01CFC014658
:206800001020F973BDE8F883742930D338460021742205F0EDF80026702502242120BE70BD
:206820003246FD7004213870134638468DF80040FFF782FF042501240146022C07D0032CCA
:2068400005D00A2C14BF331C99F8633200E04346A2B28DF800503846FFF76EFF641C0D2CB9
:206860000146EAD97420BDE8F883382902D20020BDE8F88338460021382205F0B9F8002620
:20688000342502242020BE703246FD7004213870134638468DF80040FFF74EFF804602F0C2
:2068A000DDFD0425034601228DF8005041463846FFF742FF01468DF80050224633463846DD
:2068C000FFF73AFF014603228DF800403846FFF733FF01468DF800402A4601233846FFF79E
:2068E0002BFF014605228DF8004033463846FFF723FF014606228DF8004007233846FFF75A
:206900001BFF01461A468DF8004038463346FFF713FFBDE8F883C04600C090B5071C01D0D3
:206920002A2901D2002090BD00212A2205F060F82624FC708320787002233B7101227A71EA
:206940002221F97104F096FF0446082207F1080004F10A0105F06CF807F11000102204F105
:20696000120105F065F807F120000A22214605F05FF82A2090BD0000A349A2480968401885
:2069800010F8011C007840EA0120FEF79DBC10B59E4C04F108000068022812D360680328AB
:2069A00018BF03200ED19A4804F082FB9648B4F872200168002001F58631FEF7CAFF00207B
:2069C00010BD012010BDF0B50E46014691480778D7B100244378994203D1641CA51A012DE1
:2069E00014D0212B0CD1222905D1641CA31A012B08BF38440AD0057AC37943EA05231818A3
:206A000038180778002FE5D10120F0BD06B130600020F0BDB0B57D4CA168B4F87070B4F871
:206A20006E50012003291ED1012F1CD8AFB9012D13D825B1012D04D104F0FAFA01E004F021
:206A40000DFB002121200A46FFF7BDFF08B902F0C5FDE41984F85B5004E0012F03D115B97B
:206A600084F85C500020B0BD684800B58168032903D1B0F87010012901D9012000BD4018B1
:206A8000644990F85B00091F0A681070096880200122FEF75EFF002000BD70B55B4DA8680C
:206AA000B5F86E100124022801F0FF061FD3012E1DD811F0FF0F11D004F0D0FA0021212040
:206AC0000A46FFF780FF08B902F088FD03F0ACFA10B9204603F006FA032000E00220A860D1
:206AE00085F85A6000245B3505F8014B2C70204670BD00B5C24AAC4811680078087011689C
:206B000080200122FEF725FF002000BD78B5212000226946FFF757FF061C1AD10098057A0D
:206B2000C47969462220FFF74EFF44EA0524061C0FD1B34D00992868224604F079FF9A48AC
:206B400018300288944298BF221C29688020FEF700FF304678BDB8B5212000226946FFF7B3
:206B600032FF071C10D10099A54D0C782868224604F05EFF8C4818300288944298BF221C77
:206B800029688020FEF7E5FE3846B8BDFCB50F2000226946FFF717FF071C30D10098C17847
:206BA000847844EA012400E0521C102001A9FFF70AFFA0B9019881780429F5D1002151F817
:206BC000842C51F8801C51EA020608D0026182EA0103C160DB43836001EA02064660884DA2
:206BE00000992868224604F023FF6F4818300288944298BF221C29688020FEF7AAFE3846AE
:206C0000FCBDC046050C010074EE00083CF900087969000868F800082DE9FC4F80467848C3
:206C200005680C46002269460220FFF7CCFE0028019418BF012067D100990C782846224602
:206C400004F0F6FE00982018009007786519002F3ED04FF000094FF0400B4FF0020A0099FC
:206C60004E78042E06D0052E07D0212E05D0242E03D027E0C879622822D028463A4604F04D
:206C8000D7FE052E11D1E87802280ED1B8F1020F07D0B8F1010F04BF85F804B085F8059051
:206CA00003E085F8049085F805A0212E3C443D4408D10098027AC17941EA0221091800E0F8
:206CC0004431009100983F1800973F78002FC6D14B4D286884702968270ACF7029680A7A79
:206CE000FA20B0EB820F02D9087A8000C0B2087203F091F928B1C848006810B12868042141
:206D00000172019804600020BDE8FC8F98B5C84C6068032808BF03201CD0022805D0012861
:206D200018BF012715D1022000E001206946FFF773FF071C0DD13248016807224A70B4F8C1
:206D400072200099914298BF0A1C01688020FEF700FE384698BDB8B5AF4C403C6068032812
:206D600008BF032018D0062069460022FFF72BFE071C10D10099224D0A78286804F058FEC3
:206D80000098B4F8722000789042D8BF021C29688020FEF7DEFD3846B8BD0A28ACBF373026
:206DA0003030C0B27047C04696F900082DE9F8470246044669460320FFF705FE5FEA0008AA
:206DC00048D10F4D009928680A7804F031FEDFF8609299F83D00AA46A0422FD12846006831
:206DE000C178CA2900F10200054625D0002454F8847C54F8806C56EA07031FD002E0C0466B
:206E000064F800082146202204F0F2FDAD1E082327FA04F000F00F00FFF7BFFF014626FA5D
:206E200004F005F8021F00F00F00FFF7B6FF241D5B1E2874ECD101E0002068700098B9F861
:206E4000722000789042D8BF021CDAF800108020FEF77FFD4046BDE8F8872DE9F847DFF8D8
:206E6000A482D8F800608246002269460220FFF7AAFD002818BF01204DD100990C78304693
:206E8000224604F0D5FD0098201800900778A619002F2ED04FF0030900994D78042D08D047
:206EA000052D09D0302D07D0212D05D0242D03D019E0C879622814D030463A4604F0B8FD05
:206EC000302D03D1F07808B186F80390212D3C443E4408D10098027AC17941EA0221091869
:206EE00000E04431009100983F1800973F78002FD2D14546286884702968270ACF7003F09A
:206F00008AF828B14448006810B1286801210172CAF800400020BDE8F887BA4818B50068BF
:206F2000032803D06946FFF777FE02E06846FFF794FF041C0BD13E490098B1F872209042F8
:206F400098BF021C6F4801688020FEF702FD204618BD98B5012000226946FFF734FD071C44
:206F60001FD1684C009920680A7804F061FD30494868022818BF012808D1206810228270A0
:206F800020680223C37020684023C3712068B1F8722000789042D8BF021C21688020FEF712
:206FA000D8FC384698BD97486A3001880812401E1ED0401E1AD0401E15D0C01E11D0401E1A
:206FC0000DD0083809D0123805D0401E18BF032010D1FFF79BBDFFF7BEBDFFF7D7BDFFF724
:206FE00095BEFFF7B8BEC8B2FFF7E0BEFFF795BFFFF7AFBF704730B50D4DB5F86E4020465F
:20700000FEF722FA00202A46211C85F85A000CBF01210221916030BD7CF90008A94980B529
:20702000B1F86E7003207F1E0ED07F1E16D101E03CF9000891F86D20032A0FD1B1F870004D
:207040000012A1F8580008E0CF6C3FB191F86D200020032A08BF01200865002080BD30B520
:20706000984C94F86D000025032808BF0125A068032802D1B4F8700008B1012030BDB4F861
:207080006E00032130380BD0401E04D0401E04BF0020A06609E02846FEF7DDF9656603E0D2
:2070A0002846FEF7D9F925660021084630BD30B5844CB4F8701001F07F0001F0FF05032843
:2070C00007D811F07F0F4FF0010004D0A168032901D0012030BDB4F86E1091B994F86D00AD
:2070E00003280AD02846FEF7F1FC606B40B1206B30B9032D18BF832D02D12846FEF784F9A1
:20710000002030BD64F800086E48B0B5B0F8702041681312032902F0FF0518BF03201DD1D3
:20712000012D88BF012019D8B0F86E700021A7B9520A34BF0A1C012200EB850462649A084D
:2071400008D3C76C27B1012D04BF0122426504D0012102E000EB850001650846B0BD594983
:207160008868032805D0B1F87000002818BF012016D191F86C0010F01F0004D0401E0DD0DC
:20718000401E09D006E04868032801D0FFF746BFFFF765BF03207047FFF789BFFFF7B4BF90
:2071A0007047854800B5008820F08001032988BF012009D8FEF770F900280CBF0021012174
:2071C0007E4802680020117000BD3E4880B5B0F87030012B88BF012012D842680021032AA8
:2071E0000AD100EB8302176D07B10221C76C1FB1012B08BF41F001017048026800201170F9
:2072000080BDC04640F900082DE98041DFF8B480B8F87000002818BF012022D102F0FBFEEA
:2072200007460021404617B1076C07B101214268032A06D0C76C87B1076D0FB141F00201C5
:207240000BE0076E0FB141F00401476E0FB141F00801876E0FB141F0100158480268002008
:207260001170BDE8808190B5544C2068002202702068144942708868022802D0032803D164
:2072800004E0B1F8700008B1012090BD91F86C0010F01F000BD0401E06D0401E18BF01274A
:2072A0000ED1FFF77EFF04E0FFF78FFF01E0FFF7ABFF071C04D1216880200222FEF749FB15
:2072C000384690BD3CF900080C2804D9303813D0401E09D00EE0DFE800F0211F0D1F0D1DD8
:2072E0001B111917151311C035480068032805D10020704701207047FFF749BB03207047D0
:20730000FFF788BBFFF7B0BBFFF7C7BBFFF7F1BBFFF749BEFFF76FBEFFF721BFFFF7A3BF6B
:207320007047F0B5284E96F86C00002510F0600004D020380BD0203809D005E096F86D00E4
:20734000FFF7C2FF08B9F0BD01201E4C0EE00320FBE706F16C0163190A7893F86C3002F00F
:207360007F029A4201D10846B8476D1C38B1042D05D204F15C0151F82570002FE9D1F0BD51
:2073800018B5012000226946FFF71DFB0E4C20B90099097C20463D30017002206946FFF7C4
:2073A00012FB38B90098C079C0F380112164C0F34010E06418BDC046ACF9000864F8000802
:2073C00040F900088CFB00083CF90008F0B5071C14D1DC4E00246422002506EBC7002146DB
:2073E00002FB07630C3080E8300003F1140004F0FFFAB8003450801944608460F0BD2DE93D
:20740000F04F82468846A8F10100DFF83CB35AF82000342196460026B1FBF8F39B1DA6EB8E
:207420000B065146474600254FEA960C85EA0C0404F003040A685EF824907F1E05F1010588
:207440004FEA001484EA5014204406EB090480EA0400104441F8040BE8D15B1EDFD1BDE81A
:20746000F08F70B50D4604462822ADF1400D04F50B71684604F0DCFA08220AA804F5207143
:2074800004F0D6FAC6491022284604F0D1FA6E4603240CA83146102204F0CAFA0CA80421F1
:2074A0002A46FFF7ACFF28460CA9102204F0C0FA1036641EEDD110B070BD30B500220446F4
:2074C000FBF789F988B9002120460A46FBF739FA58B9B44DE4010121002242F22833A5F19B
:2074E0001800201AFBF7E0F808B1022030BD641B2168002011F0210F18BF012030BDF0B5C5
:207500000F46D84DA84C296806464FF40072A01EADF1340D4018002104F06AFA2A68204605
:2075200039468018202204F083FA00213422684604F05EFA27218DF8001080208DF801000D
:20754000F2218DF80210012006904FF40071304608916946FFF7B1FF0DB0F0BD2DE9F04101
:207560000C46164680461D46ADF1340D00213422684604F03DFA8027314628464FF0270C07
:207580000B0A8DF8017006060A0C050433438DF800C0D4F874728DF804102A438DF8053088
:2075A00040258DF806208DF8075001238DF80C3067B99DF80750090E00020143CAB202F023
:2075C0000F02C8212A438DF807200BE0051C020A090E8DF8095000028DF80A2001438DF811
:2075E000081025218DF802101D46D4F8A4020595694608904046FFF760FF002100B92946BC
:207600000DB00846BDE8F08110B5447801788378C27841EA042040EA034040EA026010BD05
:20762000F8B50A0A0B0C8DF8001006468DF80120090E8DF8023000228DF8031016F8011B39
:207640006C4602F00303E55C521CB2F5FE7F2944E154F3D39DF801709DF800409DF8026073
:207660009DF8035000F5FE70FFF7CEFF44EA072444EA0644014644EA05620020914208BF95
:207680000120F8BDF0B58C4604231546C4181A1827785678D178927842EA0122F10828BF1E
:2076A000142103D271082CBF0C210421914247D8B2F5FE7F44D2D118B1F5FE7F40D2BC45BF
:2076C0003AD116F0050F37D02F706E70F0086A800FD2700834D3201DFFF796FF0027064684
:2076E000281D80E8C00004F10800FFF78DFF39461DE0201DFFF788FF074604F10800FFF728
:2077000083FF002600002B1D46EA070140EA060204F10C0083E80600FFF776FF074604F1F0
:207720001000FFF771FF0100314346EA07000C3585E803000120F0BDD318B3F5FE7FA5D320
:207740000020F0BDB8F200084786C86170B5BE4C06460325ADF1140D641E14F8011F30462E
:207760006A46FFF78FFF002818BF012016D16D1EF3D1304603216A46FFF784FF012460B97E
:20778000304602216A46FFF77DFF30B930461B216A46FFF777FF00B90024204605B070BD52
:2077A0007CC00008E0FEFF04121601002DE9F04F80468946ADF11C0D2A48D9F8A4C2C04918
:2077C0000592109C0068BD4A0693BCF5007F0494024403920144029140F0928009F5207013
:2077E00090E8C000002F08BF002E00F0898040F6FF741946E017814204BF0598A0427FD8D9
:2078000009F5207191E8000C01200027E617BAEB000A7BEB070BB34508BFA24570D3059D5D
:20782000404649461E462A46FFF798FEA24F15EB0A0546EB0B06DFF894A2DFF888B203462A
:20784000E11720462D1A8E410196A14E00955BB9012138464BF82810C0EBC8100068400837
:2078600027D34DE074EE00080698002801BF05980028012046F82800904C964892490568A3
:207880006019FFF7CDFE68B1029821464FF40072491904F0CDF8012004994AF82800029A00
:2078A0000A602EE06019FFF751FF10B101204AF82800019B009A40464946FFF74FFE38B9C6
:2078C000012138464BF82810C0EBC810006817E00698002801BF05980028012046F82800D9
:2078E000AA490398FFF79CFE00281CBF03980290D1D10398FFF72AFF10B101204AF8280092
:20790000002007B0BDE8F08F2DE9F04305460E4691461046984600211A4604F069F804247B
:20792000334629460F5D62185578D078927842EA0022E80828BF142003D268082CBF0C20A5
:20794000042090421BD8B2F5FE7F18D21619B6F5FE7F14D2BB420ED115F0050F0BD1121AF6
:20796000904538BF424600190918484604F060F80120BDE8F0831419B4F5FE7FD2D300204E
:20798000BDE8F08370B50E4605466422ADF1640D0021684604F02CF8062120236A463046FF
:2079A000FFF7B2FF0024A0B108AA304631212023FFF7AAFF68B110AA304605211023FFF7B7
:2079C000A3FF30B114AA304635211023FFF79CFF00B944B1A548012164221891694602FB3E
:2079E000050004F025F819B070BD2DE9F04F88468146002708F5207003C8002FADF11C0D1C
:207A0000084606BF002802251B250F4E00223B46144601A8009041464846FFF7C7FE002839
:207A200032D001994846FFF7ADFF0198294602AAFFF728FEC0B9032C26D0315D019802AA39
:207A4000FFF720FE00B301E068C0000803A890E80C0008F5207003C88B4208BF824213D28A
:207A6000641C032CD5D90FE005A803C803AA0CCA8B4208BF824207D808F5207494E8000C6F
:207A8000594508BF504501D3002211E0774C801AA4F10804994108F51E7804EBC90484E872
:207AA0000C0001221646361847EB010788E8C00007B01046BDE8F08FC8FEFF041016010062
:207AC00010180100C0F2000878563412BCF20008B8F2000874EE00082DE9F04FADF1A40D39
:207AE0004FF0000C0127279000200DF1080A2891834602A880E8001801A800909AE80C00B9
:207B000028992798FFF752FE002836D0279C01992046FFF737FF55496420604360310858CC
:207B2000002830D1774E042416F8011F019822AAFFF7A8FDF8B123A890E8060040F6FF706A
:207B40000346DB179A4208BF814214D8102F12D2104657B13D466B46083393E80003814564
:207B600008BF884507D06D1EF6D10DEBC7007F1C083080E80600641ED6D10BF1010B0AF11C
:207B8000080A5F45B8D829B0BDE8F08F21436587F0B5061C0F46ADF1300D10D1FFF716FC72
:207BA0006FB1D7F8540250B907F5207090E83000002D08BF002C02D0D7F8A40208B90220F9
:207BC0003FE0384608A9FFF74CFC4E4968460922491D03F02DFF0DF1090007F50471142276
:207BE00003F026FF0DF11D000021032203F000FF6846082108AAFFF702FC08A8002110229A
:207C000003F0F6FE30466946FFF779FC044600212022684603F0ECFE012C0DD054B9304628
:207C20003946FFF7E2FE28B130463946FFF754FF002405E0022400E001243046FFF7C6FB77
:207C400020460CB0F0BD2DE900430028884691461CBF111C404607D1294901EBC00103C9DE
:207C600010EB080041EB0901BDE80083CCF20008D0B5071C0E4603D116B1D6F8540208B169
:207C8000002432E03846FFF7A1FBD6F8A402B0F5007F09D140F6FF7006F52072C1170CCA4C
:207CA0008B4208BF824201D801241EE038463146FFF79BFE28B138463146FFF70DFF0224F6
:207CC00013E01148B900405858B9104A50184068002818BF032405D15058002818BF0124C4
:207CE00000D100243846FFF771FB2046D0BD28B9074A642101FB0020016E01B900207047E9
:207D0000C4F200086BC00008C0F20008B8F20008CCF2000800280CBF03208320FDF774BB64
:207D200030B58D4D04462868022818D18B48D0F80421D0F8F830D0F8F4109268C91AF4301A
:207D400022F07F425218026007DD0320FDF7BDFA2CB10320FDF758FB01E000218161832004
:207D6000FDF7B3FA2CB12868012802D18320FDF74BFB30BD801E00B501282ED9801E0128E5
:207D800030D9C01E012828D9B849801E06D0401E1CD0401E1CD0801E18D000BD084609210E
:207DA00002224160C169426289688160880A02D10A1C02D100BD4FF48062B2480168002398
:207DC000032001F58731FDF779FB00BD032005E008460B21001D016000BD8320FDF714FB4A
:207DE000022003E08320FDF70FFB002000F001F800BD02469D4890B5001D046A042C26D0F4
:207E0000C36981690769052C21D0554C1C6000BF4C68002F5C600CBF141C01241C73046824
:207E2000052C05D00B2C03D0092C05D1896802E044688968091B9960022A14BF0421052150
:207E40000162C16900230D228320FDF737FB90BD8648002343624360C3601F220361C16902
:207E600043610320FDF72ABB3E483F4A00B50021FBF7D7FD3D490020FBF7CDFD0020FFF73F
:207E80004FFF00213A483C4A3A4B01601068197008B9506808B1FFF7DBFF00BDD0B5734C81
:207EA00004F12800F9F732FC0746E069082F32D0606BE169092F0CD0002607B1012616B1C3
:207EC0000120FFF72DFF122F27D0F0B2FFF791FF23E0A0608A68824206D8824206D20720A5
:207EE00060608868A06001E005216160012141F214022161824288BF021C62481F4900687A
:207F000009181AB90420FFF735FF06E083200023FDF7D4FA01E0C07B20703846D0BD14499D
:207F200000B5002008601649832003F0EFF81549032003F0EBF81449212003F0A5F8514909
:207F400012484A4A0B681249C018C918D0611148116203F0D7F800BDD8F300083CF9000820
:207F6000555342536183000833830008517E000870F90008EEF30008C8EC000810260100F6
:207F800065820008997F0008C3820008D0130100F0140100697E00082DE9F847334CDFF802
:207FA000E480676A0546002F40F01B816868E16900261F28A0610DD1A84A0868824209D1E0
:207FC0004F7B3FB98F7B102F04DC1FB1087B10F07F0F02D0002E00F0F9808868226ADFF819
:207FE00080A29060487B40F2844909FB00A0D0F854520127ADB9E06969460F30F8F70CFCDF
:2080000038B9009800280CBF0220381C6062E16912E0E16905280DD08D685DB10D7B25B1BB
:2080200005E08D6835B10D7B0DB9022003E06762384601E0032060624A7B09FB02A3D3F8E7
:2080400054521DBB8D683DB9012803D002281BD1032012E0022010E0097B802908D002284F
:2080600012D0012814BF09200A2006E0B4F30008012809D002287CD10820FFF77BFEBDE885
:20808000F887C04674EE0008E1694A7B84F83820E06900F10F02A2628A7B84F839208A68F3
:2080A000E2628968A160C07BF8F7F0F8054604F11C0065BB00680F30F8F702F96061A5689D
:2080C000606A022812D1290B02D12A1C02D10DE04FF480524046B4490068334609180320FF
:2080E000FDF7ECF9A568606A05B13746012802D1B5F5805F06D8002F00F0AE80FFF7CEFE2B
:20810000BDE8F8878320FDF77FF90120A2E0E169497B09FB01A2D2F854722FB9006804F1FF
:2081200008020F30F8F724FB616AA068022929D0012940F0918070B1E16908310A688242AC
:2081400006D882420BD2072060600868A06006E00521616003E00420FFF70CFEA068002845
:208160007AD003F006FCFFF799FE082874D1A2680AB9042081E7994983203346FDF79EF9DC
:20818000BDE8F88770B1E16908310A68824206D882420AD20D2060600868A06005E00B20F6
:2081A000606002E00920FFF7E5FD03F0D6FBFFF775FE082805D1A06800284DD08849334652
:2081C0003EE00320FDF720F9BDE8F8878320FDF71BF90320FDF718F9824901200860BDE861
:2081E000F887216A022F2ED16A688868801A886000BF8868B8B960680D2812D009280ED0F3
:20820000E069C07BF8F742F818B96868E062FFF745FE2069002804BF0120E0601CD00020B4
:2082200018E00D2029E7B0F5806F02D818B9BDE8F8874FF4806041460968002301F58731BA
:20824000024603209AE78320FDF7DEF80320FDF7DBF80220FFF7CDFDBDE8F88755534243A8
:20826000F0E900085C4980B50B6A042B26D0052B24D0CA69012B17D143689068C01A9060D1
:2082800000BF976867B90868072807D0CF68002F04BF0120886013D000200CE0072000E062
:2082A0000520FFF767FD80BD8320FDF7ADF80320FDF7AAF80220FFF79CFD80BDFFF7C8FD64
:2082C00080BDB0B501460A78012032F07F0711D14A78FF2A2CD14F88002F29D1CF883FBB4F
:2082E0008F882FBB00200146FBF76CF8FFF7BCFD0020B0BD22F07F02802A19D14A78FE2A73
:2083000016D14F88A7B9CA88012A11D18F887FB93649354D024600240B682A604FF486302E
:20832000C4540968802001F58631FDF712FB2046B0BD10B52E4CA068012803D0022818BF4F
:2083400003280CD10120FFF7EBFC2068C07BF7F79DFF08B103F0F2FA0120FFF74AFD10BD07
:2083600030B5244C0546A068616A00282DD0012918BF02292ED1A878400823D2012919D1C9
:208380002078F7F783FFA8B9E069A96882688A4288BF0A1C154804490068091832B90420B5
:2083A000FFF7E8FC06E0C0461016010083200023FDF784F8E068002804BF0120206109D0EC
:2083C000002005E0FFF7B5FF30BDA87800F00100FFF70FFD30BDC046B8F30008000010C078
:2083E000000014C070F900084CF9000874EE0008D0F30008B4F300087D497C4809680068A4
:20840000032901D108B903E010B90C2001F088BD0C2001F068BD774810B54FF4F071002203
:2084200003F02AFC724C0020241FA06004206060FFF7E2FF704803210068E16010B10146BA
:20844000E068884710BD2DE9F0410146B44C694E6A48DFF8A481226841F20A15954204D8B6
:20846000C1F30347490D05D359E0314608310968C1F38347954202D9616803294FD0042FFF
:2084800046D0032F31D0022F0DD04021002203F0F3FB4FF40E706FF0C30108600C2001F0B8
:2084A0003FFDBDE8F081564B0022A03811460160D41A056824682D0C2404240CAC4205D1DB
:2084C000491C121D0329F2D9BDE8F08130464FF4F071002203F0D0FB30464FF4F0714FF4A4
:2084E000807203F0C9FBBDE8F08140210A4603F0C3FB0820E0620C2001F0F5FC0020A168BA
:20850000E060022954D341460968002950D04AE028466F38904248D3FFF77DFF45E0394646
:20852000891E42D0491E34D0491E1ED0081FB0D14FF40E706FF0C30108600C2001F0F0FCC5
:20854000A06B00283DD0304600F10C0100F110021268D20AFAD294F83C0008600027A763E1
:2085600040F203464E60BDE8F08140210A4603F083FB0C2001F0D4FC206829466F3981424B
:2085800002D3FFF748FF2068F03D854214D3BDE8F0810C2001F0C4FC012241460020E26265
:2085A0000968E06021B1884702E00C2001F0B8FC2068F03D854204D240F203206FF0C301EC
:2085C0000860BDE8F08130B5554C0125A560FDF75AF80020FCF738FF02210748256200687B
:2085E000E16010B10146E068884730BD7CEE000840F9000804C700FC38F9000800C200FCBD
:20860000003DFF032DE9F04FDFF81CB3444C4FF000084FF0050929E25FEA9A0700F0248271
:20862000D4F82C02011DC4F82C12D4F8342200688A429CBFD4F83012C4F82C127F1E410889
:2086400080F0B481C0F3440281082CBF80264646C0F383115508491E00F02D81491E00F0D6
:20866000DA80491E4CD0C91E20D0491E40F0F9812E43F1B2C0F3036C31F07F0608D001F090
:208680007F01CA0002EB4112A11801F58A7106E001F07F01CA0002EB4112A1187431BCF13A
:2086A000060F04BFC0F30640C861DAE1400BC0F0D881206841F20A21814240F0D281002E57
:2086C00040F0CF812E43F0B230F07F0508D000F07F00C10001EB4011601800F58A7006E0D1
:2086E00000F07F00C10001EB4011601874308169C86840F00100C8603046FCF7CAFDB0E1BD
:2087000046EA0501C9B231F07F030BD001F07F01CA0002EB4112A11801F58A7109E0C04616
:208720003CF9000801F07F01CA0002EB4112A11874310B69002B40F09481002D40F09181D0
:208740002569000B314600F0030225B910F0030F54D048462061022A3CD0BF480568012A1A
:208760004CD1012D08BF002930D0022D08BF80292CD0A669E6B966691EB3032D18BF042D9D
:208780003CD1BE4801220068A26139B900F586310220B4F888202061404604E0104641465C
:2087A000206142468020FDF711F92046056925E011B9D4F8946026B180291FD1D4F83461DE
:2087C000E6B9484626462061356917E048462061256913E066694EB1802901D1E66F1EB9E5
:2087E00021B9D4F81C610EB1C4F810902569052D04D00846FDF795F897480568052D40F02A
:2088000030814046FCF761FD8020FCF75EFD4046FCF7FAFD25E1994801682E43F0B230F0EF
:208820007F0508D000F07F00C20002EB4012A01800F58A7006E000F07F00C20002EB40126F
:20884000A0187430320A05D28D4A04F5F8754FF0080C04E08B4A04F5DA754FF00A0C51185A
:208860002A6B05EB820301EB02115B688A6822F07F429B1A320A03D30968834A5918116080
:2088800081684268A1EB030E9A18C0F808E0016842605B180360286B401C2863286B84459F
:2088A0009CBF404628632D68002D00F0DA803046FDF7F4F9D5E046EA0500C1B231F07F06E6
:2088C00008D001F07F01CA0002EB4112A11801F58A7106E001F07F01CA0002EB4112A11881
:2088E00074310E6A002E00F0BC804E6AF6B1634A1568020A39BF04F5F872614B04F5DA7220
:20890000604B5B19156B03EB051302EB850252689D6825F07F45521B050A0DD31B685A4D20
:20892000D3182B6008E0C0460CC400FC8A69CE68936823F07F43F21A8B684E680D689B1A2F
:208940009619C1F8208052194E60504D8B6030F080062B680A6027D1020A0BD2A269012AB4
:2089600006D14E68002E18BFC4F810907FF44FAFC4F88480414A2669126826B198472669FF
:20898000002E6ED14CE002F5863104F16C00082203F04EF8B4F87260404606B101203C496B
:2089A0000968606188475CE098475AE010F0FE0F57D1384909680246C2F30320002843D0DF
:2089C000401E30D0401E0FD0401E47D0401E48D16FF0C3024FF40E70012610600029E66025
:2089E0003FD0304688473CE06FF0C3014FF40E700860FCF761FF142160606068A16203287D
:208A000014BF64213221022002F0E5FCFFF7F4FC40464146FCF74CFEE66916B34046E061A7
:208A2000FCF7D8FC1DE0C4F860800320C4F864802669CBF8140326B9FFF7C5FD0120206270
:208A40000FE0C4F820800CE0206841F29B01814207D2FFF7E0FC04E04CF900081046FFF79D
:208A6000F2FC002F7FF4DCADCBF800A0DBF800A0BAF1000F7FF4D0ADBDE8F08F74EE0008CF
:208A800040130100901201000C0000FD34F9000830F9000838F90008C0480068704700B55B
:208AA000FFF7FAFF01F0C8FF10B131490220086000BD2F4A3C3A116A002011B1516A01B9CC
:208AC00001207047411A4FF0000058BF012070474FF07B40D0F83811D0F8340108434FF0A3
:208AE000010107D1234B102253F8040F10B9521EFAD10021002001B90120704790B5074635
:208B0000642F88BF64271A4C04F11800007887420DD01FB9002002F036FE05E039460020BD
:208B20004FF47A5202F0E4FD3C3C84F8547090BDB34870B500250126C0F8D8520C4CC0F8F0
:208B4000DC623C3CA66025656662A562FF2084F8400000F0BEFC2846FFF7D0FF3046294663
:208B6000A56401F077F83046294601F059F870BD6CEF000830EE00082DE9F841FFF78CFFDF
:208B8000054601F037FAB94CE16981422DD1216A81422CD0216B6D1A642D28D320620025C8
:208BA0006562A562E5620126A660FF2184F8401084F8415050B1E06B10B9304601F00AFAFA
:208BC0000320A56329462065354606E000F081FC284601F0FFF925652946304601F03AF8BF
:208BE0003046294601F01CF801E0E0612563FFF753FF054601F0F5F9E168814223D12169E5
:208C0000814222D0A1696D1A642D1ED32061B8B16069D0B1FFF74DFFB8B100F0B4FA0021EE
:208C200000B101210025081C0BD0F7F71FFB002804BF0120206004D0284600F0AAFF00E0EE
:208C40000125656101E0E060A561FFF725FF2169226A02F0BBFAFFF71FFFDFF8A4810246D2
:208C6000B34ED8F8D852606BD8F8DC72A84211D065630120002D08BFA0600BD020650021E7
:208C8000A163FF2384F8403084F84110B218626400F0E0FFA06BB8420AD04DB9A763FFF7B1
:208CA00008FF28B1E06B18B90120394600F0D2FF606828B10020606015B1012000F08BFF75
:208CC000FFF7EAFE0546606B00284AD0616C2846FFF7F8FE002844D0002001F0E2FA0028E6
:208CE0003AD0FFF7F5FE00283BD0A34D4FF400172F61FFF7EDFE68B30020694601F003FDB8
:208D00002F60F0B19DF800009DF800102D2884F8401009D203209DF8001084F84100282917
:208D20009CBF0120206511E094F84100032824BF0220206508D294F84100401C84F84100FF
:208D400002E0FF2084F8400042F21076FFF7A4FE054604E02F6004E0FF2084F840007619F8
:208D600066640E4EE06C3568002850D1A16D2846FFF7A8FE00284AD005F54870216DA065FC
:208D800000293FD0A06C002831D0401E2AD0401E23D0401E0AD0801E34D101E030FCFFFFD7
:208DA000E16D2846FFF78EFEC8B930E0E16D2846FFF788FE58B394F8540063280BD80D3016
:208DC000C0B2642888BF6420FFF798FE4EF660204019E0651BE0022518E0012917D101258A
:208DE000322011E0022912D1E56503250EE0012918BF02290BD1052105F16400A164E8E766
:208E0000F0E9000800252846FFF778FEA564E16B3768A1B9206890B1FFF74BFE002100B14A
:208E200001210025081C08BF256057D000F007FAE5620120E063284600F0CDFEE16B012919
:208E400026D002294AD1384601F04FFE01280FD0022843D1FFF76CFE00202060E06301216F
:208E6000E16200F0F7FEBDE8F881C04630EF0008FFF75EFE0025E56225602846E56301463F
:208E800000F0E8FE0121284600F0CAFEBDE8F881FFF71EFE10B3D8F8D80290B101F0AAF843
:208EA00078B14FF40015C6F81052FFF711FE002808BFC6F8005211D0002001F0DFFCC6F882
:208EC0000052FFF735FEFFF7E7FD054602F0C7FC0146284601F0BEFD0220E063BDE8F88159
:208EE000594901200860704778B5A8B9564C574E01204FF40015A06069463560042001F0E9
:208F000006FF46F8105C38B9BDF8000040F28A2181423CBF0020A06078BD4B480121001D3A
:208F20000160704718B948480121083001607047E0930400444B00B5986A38B9FFF7B9FDEC
:208F400020B14348006808B1D86B08B1002000BD0120986200BD3C49886A18B10022012060
:208F60008A627047002070473748083000687047354828300068704730FEFFFF35482DE9EE
:208F8000F041066801F02DF8044601F033F8074602F065FC2C4900250D604FF00108C1F80E
:208FA0000880CC602A460C614D6004B942464A61CF610D624D628D62CD624D638D63CD6347
:208FC00081F84150FF238D6436288E612C460E63214A81F8403032444A6408BF4446002F4C
:208FE000CC640C460CBF291C0321216584F85430A66580B2E66501F023FE284600F0EAFF54
:20900000E06C00280CBF0A20281CFFF777FD4046294600F01FFE4046294600F001FE2846E5
:20902000014600F017FE2846414600F0F9FD02F0ABF9BDE8F0810948007870470848016824
:20904000002001B10120704730EF000840FEFFFFC8EC000830FCFFFFE093040070EF00083F
:209060006CEF000830B5782256230A7034244B70001D8C7012220423CA7010F8012B03F033
:2090800003040D5D5B1C402B2A440A55F5D330BD18B504466946FFF7E5FF22789DF800101C
:2090A000002091420FD19DF80110627891420AD19DF80210A278914205D19DF80310E27843
:2090C000914208BF012018BD30B5054600244FF47C314023ADF1480D032001AA009401F013
:2090E00056FE00283AD101A8FFF7D2FF20B901A82146402202F07CFC05F0030501A811A964
:209100008DF81150FFF7AEFF01A8042211A902F08FFC2146009406200A46134601F037FED0
:20912000E0B92246009420204FF47C31134601F02EFE98B92146009406200A46134601F0E8
:2091400026FE58B9009402204FF47C3101AA402301F01DFE002808BF201C00D0012012B03C
:2091600030BD30B50546012D03D0022D18BF0B2008D1AA4C2571FFF7A7FF002812BF0D2079
:209180000020657130BDA54808300168002001B901207047A14830B505680024ADF1480D5A
:2091A0004FF47C31402301AA0320009401F0EFFD002841D101A8FFF76BFF20B901A82146F1
:2091C000402202F015FC280A8DF809002B0C8DF808502A0E8DF80A3011A98DF80B2001A84C
:2091E000FFF740FF01A8042211A902F021FC2146009406200A46134601F0C9FDE0B9224620
:20920000009420204FF47C31134601F0C0FD98B92146009406200A46134601F0B8FD58B9B1
:20922000009402204FF47C3101AA402301F0AFFD002808BF201C00D0012012B030BD774952
:2092400000B50868401C0860FFF7A4FF002814BF0D20002000BD0346C0B510460F46002BF3
:209260003ED09E78002E3BD15E79002E38D15E78052E05D120B9FCF7AFFB02F003FD31E02A
:2092800006B90FB90320C0BD082818D13978802915D17E789EB9BE788EB9F97804290ED107
:2092A0003E7966B97E7956B9BE7946B9FE79012E05D8002006B9012000F0C3FC12E006284A
:2092C0000ED1387885280BD17E784EB9BE783EB9F878042804D13879012801D8787908B17E
:2092E0000B20C0BD0020C0BD2DE9F04100280F4600F0B180002F00F0AE80467871097BD371
:209300000178152927D0552940F0A58036F0110540F0A1808578002D40F09D80C578002D5E
:2093200040F099800579002D40F095804579002D40F091808579002D40F08D80457A002D74
:2093400040F08980082AC0F08680BB79F879082140EA03200FE036F011057CD18578002D2F
:2093600079D1C578002D76D14579002D73D1042A71D3F87804214018811C8A426BD3395C28
:2093800001F03F01312903D0332918BF342933D1C419611C0D7843199B1A13F1020F5AD1AB
:2093A000385CDFF8788006F0010600F03F00312836D0332823D034281ED10E2D1CD127795E
:2093C000A07907F00707032F45D830F0020118BF032840D107B901274446277100B1A0711E
:2093E000002E35D03846FFF76FFE002808BF67712ED00D20BDE8F0810320BDE8F081087898
:20940000022828D14F7837BB897831F0010022D1664801F0010101601AE0C046E4EF00087D
:2094200008780E2817D1CD7835F01D0013D1680906D3280904D2FFF78EFD60B125F0100516
:209440004446E07905F0180500F0E7000543E5710020BDE8F0810B20BDE8F0815448006827
:20946000704700F06CBB30B5514C00210C22ADF1440D204602F0BCFA00F008FC01204FF4F8
:209480007C3120714023607101AA0220A07100200090032001F07BFCC8B901A8FFF7F8FD2C
:2094A000A8B19DF809509DF808109DF811009DF80A309DF80B2041EA052110F0030041EA04
:2094C000034141EA026121601CBF2071607111B030BD3748C01D017801F0E7010170704778
:2094E000F0B516461D460746332E05D0312E18BF342E07D1102400E004241FB18C4298BFE4
:20950000032D01D90020F0BD0021224602F070FAA01E3E70012D787025D02548312E1BD061
:20952000332E0ED0022D07D0032D14BF0179417939718179B97122E00121022039710146AA
:20954000F8E7002D18BF032D19D118480068002100B1012108460EE0002D18BF032D0ED103
:20956000C01D00780AE0312E07D0332E1CBF0321081CE3D10120F87001E01820387120468D
:20958000F0BD10B50A4CE079000938BF00200BD3FFF7D0FCE079400905D3FFF7DCFCE07949
:2095A00000F0E700E071012010BDC046ECEF0008E4EF0008504910B50020C860088001247E
:2095C0004C804E49212001F05FFD4D49204601F072FD4C49812001F06EFD10BDD3484A4A30
:2095E000D14900681288002309180120FBF766BF428841490020891C0A80704741883E4A28
:2096000000201180704710B50446404801F050FDC648C549E288006809180020FCF799F959
:20962000002010BD70B5C14C334DBF4A2668AB7802F1400189190B706B88246841321B1261
:209640001355C288022AA8BF02228020FCF781F9002070BD00B5284AB44BB34912881B6808
:2096600040311212C9180A70C288022AA8BF02228020FCF76EF9002000BD0246B0B5AB4882
:2096800051880F120068C64900247F1E0BD0BF1E12D1602592230D5409184B70D288022A00
:2096A000A8BF022204E0D288092AA8BF092209188020FCF74EF900E001242046B0BD417890
:2096C000491E15D0491E11D0491E0DD0891F09D0491E05D0491E18BF01200BD1FFF788BF7D
:2096E000FFF78CBFFFF78FBFFFF79CBFFFF7B2BFFFF7C3BF7047C04674FB0008BF96000824
:20970000819900088F990008ECF90008919900082DE9F8478246854CA24E83482768DFF8C9
:2097200090C2DFF87C92DFF88082A24BB168C01902780025521E0B2A00F28580DFE812F036
:209740007B0060004E002A000C0083001A018300F800BA0098008500002900F00E8141468B
:20976000C91911F802EC11F8032C11F801CC0F788E784878CC780B7942EA0E2242EA0C4217
:2097800040EA062042EA076640EA044040EA03603060F2E0002900F0F0804146C91911F888
:2097A000027C11F8033C11F8016C0A7843EA0723042743EA064343EA02631E6881F83C70B6
:2097C00080F8415080F84250330A80F84350320C80F84450310E80F84560B9E0002900F0D6
:2097E000CC802946009506200A46134601F0CFFA2946C7202A462B46009101F0C8FABCE079
:20980000BAF1000F0BD1294680200A461346FBF755FE664C2068C068400808D2B1680029EF
:2098200000F0AB80FCF7D8F802F02CFAA5E0012001F091FEEEE7002900F09F806046C05D3C
:209840007060358099E0012597E0DB19187813F8014C2E46012744EA002407FA06F0044266
:2098600002D0304600F03BFB761C0C2EF5D384E0DB191A7813F8014C997858782E46012727
:2098800044EA022440EA012807FA06F004420DD018EA000F03D1304600F025FB02E0304644
:2098A00000F03EFB3046394600F0AEFA761C0C2EEAD362E02E462F46384600F056FBB84087
:2098C0007F1C06430C2FF7D300F038FC074600F019FC226849460A238B542268414601F101
:2098E0003D0398542268000A01F13E039854206801F13F031F5420683A0A01F140031A54EB
:20990000206801F141073E5422684746300A07F142039854216807F143067554216807F165
:2099200044035D541AE0C0462436010074EE0008092180F840102B4680F8413080F8423034
:2099400080F8433080F84430062280F84530012180F8463080F8472080F84810BAF1000FA2
:209960000BD02068494609222B4609188120FBF7A5FD02E06046C05DB0602846BDE8F887BC
:2099800000B50120FFF7C4FEFFF728FE00BD7047094800780B2802D00020FFF7B9BE704797
:2099A0006436010078FB00082836010068FA00082536010026360100A9F90008B24AC100A8
:2099C00001EB4011521860B9506828B1107800280CBF0422022200E00622BA48062102F04E
:2099E00045B9506828B1107800280CBF4022802200E0C022B448C02102F038B90246A248A5
:209A000090B5D10001EB4211401887691FB1017B012940F08780017B02296DD0076A1FB1D7
:209A20000023036201274762012953D0877D07BB477DAFB9077D37B90169416087680021FF
:209A4000002F2CD00AE0017D491E01754768002107B9012141608768002107B301211EE059
:209A6000417D491E41754768002307B90123012114E0817D491E2BD0491E25D0491E1CD030
:209A8000491E11D0491E0CD1077D0FB3017D491E01754768002307B90123002143600170AE
:209AA0003CE00024012111E0002101704160C17D491C4B000521037504E004210124002343
:209AC00004704360817529E0012403212346F7E70221F3E707785FB1032F06D0012F1CBF41
:209AE0000021012306D1022103E001210B4601E003210023017010E0077D3FB90021C7697B
:209B00000173DFB1C1610121016290BD017D491E01754768002307B9012343601046FFF74D
:209B20004DFF90BD0021816181750227077341750122C261142404750162416290BD99490E
:209B400000B5087C022806D00878401CC0B2052838BF087006D300200870FFF74FFF01200C
:209B6000FFF74CFF00BD01460020022938BF0120704700B50246FFF7F6FF40B14249D00052
:209B8000002300EB42100918486A4B6200BD002000BD00B50246FFF7E6FF40B13A49D0002F
:209BA000012300EB421009180B6108224A7500BD00B50246FFF7D7FF60B13349D0001423B4
:209BC00000EB421009180B7502220A7301230B610023CB6100BD00B50246FFF7C4FF40B1C3
:209BE0002949D000012300EB421009180B6106220A7500BD00B50A460346FFF7B4FF114683
:209C000068B106290BD8204AD80000EB4310012312189375D175002393611362536200BDFF
:209C200000B50A460346FFF79EFF114640B1002201B101225B49D80000EB431014310A50AB
:209C400000BD002100B10121564A0846107482F838007047B0B503460F46FFF784FF39467D
:209C600080B1002001B101204F4C30B1D9002246012501EB431108325550D900224601EB91
:209C800043115050B0BDC04694EF00080E48C021F0B50A4601F0EAFF0A4806210A4601F012
:209CA000E5FF424DC02128460A46183001F0DEFF3F4C062120460A46183001F0D7FFC02124
:209CC00004E0C04648E5F7FF3CBCF7FF28460A4601F0CCFF062120460A4601F0C7FF062154
:209CE00000222046001F01F0C1FF2E4D00242746A5F1240606F8284F7460B46034733461A7
:209D000034757475B475F475B461F461346238467462FFF753FE7F1C022FEBD32C70F0BDB1
:209D200000B50246FFF71FFF68B11F49D00000EB4210091D0A1811780120022904D0D1685A
:209D400011B9516901B9002000BD1749091D0A780020012A04D191F82810012908BF0120ED
:209D60007047022808D21349C200012302EB401009188B6100224A627047022811D20A49B7
:209D8000C20002EB401008390022091801F10C038A7518698A6108B11A701A721A615A61CF
:209DA0009A61704790EF00089CEF000834BCF7FF40E5F7FF94EF0008014610B508291CD31F
:209DC000082915D0092913D00A2918BF0B291AD1CB48021F14680939012303FA01F22242C5
:209DE00002D01A46001D8A40114601F03FFF10BDD04AC81F0146104600E0CF4803680122D4
:209E00008A405A40026010BD082810B517D308280AD0092808D00A2818BF0B2819D1A0F106
:209E20000903B7480C3802E0C31FC2480838012401FA03F204FA03F101F018FF10BDBE4CDF
:209E4000012301FA00F203FA00F1A4F1080001F013FF10BDB0B508280F4625D3082812D0A2
:209E6000092810D00A2818BF0B2837D1A44D0938012400228440214628460C3001F0F6FE5A
:209E800028460C380BE0AB4DC01F01240022844021462846103001F0E9FE28460838214641
:209EA000002201F0E3FEB0BDA34D01248440002228462146103001F0DFFE0022284621466C
:209EC000083801F0D9FE214628460A46303801F0D3FE2C3DAC602C6107B12C60B0BD002157
:209EE000FFF7B8BF70470246082A12D3082A0DD0092A0BD00A2A18BF0B2A10D1A2F1090005
:209F0000012202FA00F19C480A4606E08948D21F00E0894801219140002201F0A7BE704782
:209F20000246082A0DD3082A08D0092A06D00A2A18BF0B2A0BD17248093A03E07D48D21F02
:209F400000E07D48012191400A4601F08FBE704710B90320FFF7C7BF0320FFF7E1BF0021E2
:209F600000B901210846FFF7F3BF014610B508291DD3082916D0092914D00A2918BF0B2978
:209F80000ED17E4A1468A1F10900012101FA00F3234207BF5268181C926801FA00F00AE00B
:209FA00000210AE0774AC81F0146104600E0764802680120884000EA0201002001B1012080
:209FC00010BD00B50220FFF7D0FF002100B90121084600BD10B90B20FFF785BF0B20FFF7C2
:209FE0009FBF00B50120FFF7C0FF002100B90121084600BD00B50520FFF7B7FF002100B911
:20A000000121084600BD60481838026850F8101C11400160704700B50420FFF7A6FF00213F
:20A0200000B10121084600BD0120704770B5564E0120A6F138042060FF2565614FF6FF708F
:20A0400020623D48C8210A4601F016FE262100223046E5642C3801F00FFEC8206063354809
:20A0600006210A4601F002FE464C06210A462046143001F0FBFD062120460A46001F01F0EF
:20A08000F5FD062100222046083801F0EFFD3F4C04210022204601F0E9FD04210022204646
:20A0A0000C3001F0E3FD354804210A4601F0DEFD70BD3749374B324A0020411A0968C01A64
:20A0C0000068126801F00601C90100F0060040021143084370472E492E482F4B0022091F9D
:20A0E000511A0968001F121A10681A6801F00601C90100F006004002114308437047C046E9
:20A1000024F8F7FF2248214A00211C305242081A891A02680868D101400281F4407180F40A
:20A12000406001F4407100F44060084340F0FF007047C04648E5F7FF3CBCF7FF1448164A41
:20A14000002118300B1A13481B681C3A1830091A08681168400280F44060DA0181F0FF0147
:20A1600000F4406082F4407201F0FF0102F440720A4310437047C04628F8F7FF18F8F7FF11
:20A180004CBCF7FF44E5F7FF38BCF7FF14F8F7FFA81A0800D007080050BCF7FF90B51F4661
:20A1A0000B46114600B90FB9002090BDA14A02EB80021468012C07D10A461946FDF743FD4B
:20A1C00002460B46012007E01068022808BF181CF6D000200023024687E80C0090BD30B543
:20A1E00000220446F8F7F7FA88B9002120460A46F8F7A7FB58B9904DE4010121002247F21A
:20A200003053A5F11800201AF8F74EFA08B1022030BD641B2168002011F0210F18BF012083
:20A2200030BDB0B50446271CADF1340D03D111B1D1F8540208B1002031E08D8843F2C8743B
:20A24000AC4203D047F28C30A8421DD168460021342201F0CDFB802327208DF80130EF22E1
:20A260008DF8000069468DF80220072338468DF80330FFF7B4FF48B9AC4205D13846F8F7C8
:20A280007BFD002150B908E0012008E047F28C320021AA4202D1012800D1012108460DB02D
:20A2A000B0BD002812BF0020A44951F82000704730B558B95F4982000024A14B9F4D8C5013
:20A2C000D158AC50491CD150FDF780F830BD10B5B1F8A430B1F8AA2004464FF6FF71ADF128
:20A2E000340D994227D0580825D3914201D050081ED268460021342201F07AFB80238DF854
:20A300000130B0228DF8022027208DF800006946D8234F228DF8033020468DF80520C223FF
:20A320008DF80630FFF75BFF10B1401E03D005E00120014604E00021012001E0002108465D
:20A340007E4A0DB042F8241010BD30B50024C1F8C0420546A1F8CC42FFF7B9FF18B1354893
:20A36000012440F82540204630BDF0B5764A754E01F5207301F50B7C282701F504741CF8C9
:20A38000015B7F1E86EA050602FB06F6F7D1142714F8015B7F1E86EA050602FB06F6F7D10C
:20A3A000082713F8014B7F1E86EA040602FB06F6F7D1624C8700241D3D192D1D2B6813B1D2
:20A3C000E25996420BD0FDF7E3FB18B9002101202960F0BD012802D1E65101202860002078
:20A3E000F0BD30B50C4605463422ADF1340D0021684601F0FDFA272080228DF80000D4F808
:20A4000074128DF80120002928460CBF402142218DF8021001248DF80C4040218DF8071060
:20A420006946FFF7DCFE002100B9214608460DB030BDC04638F30008E0FEFF04F0B5061C83
:20A440000F4662D1FFF734FF002F5ED0D7F8540200285AD107F5207090E83000002D08BF4E
:20A46000002C52D0D7F8A40200284ED007F5207003C807F51E7282E80300B7F800014FF68E
:20A48000FF74844201D0C00806D230463946FDF7EFFB022806D050B930463946FFF765FFE7
:20A4A000002832D030463946FFF74FFFF0BD01282BD1B7F80001844227D010F0060F24D1F0
:20A4C000D7F8540208BB07F5207090E83000002D08BF002C19D0D7F8A402B0B1304639468C
:20A4E000FFF77FFF88B107F5207003C807F51E7282E8030030463946FFF7E9FE28B1134A57
:20A500000221012042F82610F0BD0020F0BD28B90A49002201EB80004260826070470028E8
:20A5200012BF0020094951F820007047002812BF0020034951F820007047C04640F30008F2
:20A540003CF30008C59D1C819301000138F30008C84BF0B540F28442044602FB04F01858A2
:20A5600000250E4668B1B7685FB12046FFF7D7FF874206D12046FFF7D9FF7168814208BFB1
:20A5800001252846F0BDBC4940220A6008B1202008607047B84A10B5602304461032136048
:20A5A000FFF7D6FF002818BF012008D1CA480023C0EBC41003601846FFF7E5FF184610BD5D
:20A5C0002DE9F041061C0F4649D1002F47D0A94940F2844070430858002840D0DFF8F882D9
:20A5E000F401A8F12000251A69682868084336D13046FFF794FFB8603046FFF797FF7860CA
:20A6000039463046FFF7C6FF48B355F8201CB3483960084045F8200C39463046FFF798FF3F
:20A6200048B169682868084305D10120FFF7ABFF0120BDE8F08130463946FFF789FF38B943
:20A6400040460021241A8C4F216040263E6006E039684046241A01202160FFF794FF00201F
:20A66000BDE8F0812DE9F0410C46064690461146FFF790FF214618B330460022F8F7ABF8D1
:20A68000071C05D1002130460A46F8F75AF907460120FFF778FF924D4FB9F401012100229D
:20A6A00042F22833601BF7F7FFFF071C0BD0F401601B0068400806D330460121F9F7BEF96E
:20A6C0000020BDE8F08130464146FFF763FF0028F6D001263FB980480C38241A206810F010
:20A6E000210F08BF00260120FFF74DFF002006B90120BDE8F081784A0968C2EBC0100160B3
:20A700000120FFF740BF2DE9F0470F1C8146ADF1400D07D04FF0FF080DA987F80080FFF731
:20A720004FFF08B9002050E068460021342201F05FF94FF0010A4F2627218DF80010B023DD
:20A740008DF80230D0228DF8032080208DF80100634C8DF80CA0644D8DF80560C2212834C8
:20A760004FF400730DAA48468DF80610C4EBC914089369462560FFF775FF0DA906462560F7
:20A780004846FFF707FFF0B1C6B15948574903681E22444600200646C91811F80C3FC22B13
:20A7A00009D00B78BE2B02D108B94C795046521EF3D118B100E04C793C70564648460DA937
:20A7C000FFF799FF00E00026304610B0BDE8F08730B504460D46FFF7DDFE28B12046294692
:20A7E000FFF789FF012030BD002030BDF0B50646ADF1400D0DA9FFF7E3FE002808BF002048
:20A8000035D068460021342201F0F2F8394940F284402722802370438DF8002008588DF892
:20A82000013000280CBFE721EA212F4C2D48F5010DAA8DF80210A41E2D1A304669462C60F3
:20A84000FFF710FF071C2C600AD0E0208DF8020069460DAA2C603046FFF704FF07462C60A9
:20A8600030460DA9FFF7B4FF00B90027384610B0F0BDC046C8EC000830FEFFFFF0B5074658
:20A88000ADF1400D0DA9FFF79BFE002808BF002020D068460021342201F0AAF8E020802130
:20A8A00027228DF802000F4C8DF80110124D8DF80020C4EBC714384669460DAA2560FFF7EA
:20A8C000D1FE06460DA938462560FFF781FF00B90026304610B0F0BDECFEFF04FCFFFFBFC6
:20A8E000C8FEFF04F0FEFF04030000400616010074EE000864EC000801000040411A4FF0A1
:20A90000000058BF0120704710B5A94C616999B1E16989B9E16AFFF7F1FF68B120680128F3
:20A9200005D02068022802D02068032804D1012000F029FF0120E06110BD00B5FFF741FBE7
:20A940009B49C860C868002200B901228A6000200861486200BD00B50020FFF7F9FA3220D3
:20A9600000F024FD01206421322200F0C1FE00BD00B5012000F007FF322000F017FD01201D
:20A98000FFF7E6FA00BD70B5894E044670690D4638B1F06928B1012C40D0022C3ED0032CEF
:20A9A0003CD02046401E072826D8DFE800F01A3515382F042F29FFF7C0FF0120FFF7C8FA2E
:20A9C000322000F0F3FC308C362821D001206421322200F08DFE1BE0FFF7BDFF706948B93F
:20A9E00016E0FFF7AAFF0020FFF7F4FAFFF7B3FF706968B1F56A0DE0FFF7BAFF002419E00C
:20AA0000FFF7B6FF00200121307111E0FFF7B0FF05F5FA6535630DE03235FBE70424FFF7CD
:20AA2000A7FF0020F06105F5FA75307101463563FFF710F9346070BD10B50446FFF7C1FA96
:20AA4000002818BF002004D101202146FFF79BFF012010BD10B5564C0022227103462184F2
:20AA600001206061A261E261A26203F2EE21E1621946FFF788FF10BD90B50446FFF7A1FA9A
:20AA80004B4910B18F68B7B901E001228A60CA68824204BF002008610ED00F692FB901206B
:20AAA000086114344C62002090BD496A2046FFF725FF0028F7D0012090BD30B53C4D044682
:20AAC000686910B1FFF796FA10B10020A86130BDA86920B1A96A2046FFF710FF30BD012019
:20AAE0006434A8610020AC6230BDB8B50546FFF70BFF65480068002840F096802C4C20685F
:20AB0000401E072800F29480DFE800F066543D3528110804022000212160B8BD216B284647
:20AB2000FFF7ECFE002800F0838001207DE02846FFF7A2FF80B9216B2846FFF7DFFE002869
:20AB400076D02079401C2071207903286AD308202946FFF718FFDDE7072066E02846FFF7EF
:20AB60008BFF002860D1216B2846FFF7C7FE00285ED0062059E0216B2846FFF7BFFE0028B3
:20AB800056D00120C7E72846FFF776FF00284BD12846FFF792FF002846D1216B2846FFF77F
:20ABA000ADFE002844D0606900283BD03CE0C04684F200082846FFF75FFF002834D12846B5
:20ABC000FFF77BFF00282FD1216B2846FFF796FE00282DD0032028E02846FFF74DFF18BB86
:20ABE0002846FFF76AFFF8B9FFF704FA07462748006800F00F0003280DD00420694600F0F5
:20AC000086F847B928B9BDF8000040F28A21814201D3022009E0216B2846FFF76FFE38B15B
:20AC2000606908B9052000E004202946FFF7ABFE0020B8BD16480168002001B1012070474D
:20AC400010B5134C2084FFF793FE002020602071A060E06020616061A061E0616062A062EC
:20AC6000E062206310BD00B5FFF782FE08490020086008718860C860086148618861C86191
:20AC80004862C86200BDC046A0F20008280100FB84F200089B490A68920AFCD340F0806010
:20ACA000C8620868400AFCD3086BC0B27047F0B5944E954D0746002405E000F088FF0A20E5
:20ACC00000F074FB641C3068074218BF002002D1A542F2D80220F0BD30B505460C464FF4A5
:20ACE0000070FFF7E4FF294680B9864D4FF48070E962FFF7DCFF48B9296B28682160400952
:20AD000003D310210120296030BD002030BDF8B50F1C064601D0072E01D90120F8BD7B4DE6
:20AD20000024694628463C807F38FFF7D5FF78B92846694640EA0610FFF7CEFF40B9009DAE
:20AD400073486946FFF7C8FF05F00301090208B1044604E0009800F0FF00014339802046F7
:20AD6000F8BDF0B56B4C17460E4605463C4302E0012000F01BFB00F02AFF2046FFF78AFF40
:20AD80003846FFF787FF28408642F1D1F0BD2DE9F04307460D4607985E494FF001091C4640
:20ADA00094464FF0000809FA00F00304384683F47F03801E03F47F0353D0401E30D0C01E8B
:20ADC00027D01A3806D0A7381ED0113818BF4FF003086CD147EA030040F08050FFF75AFF5D
:20ADE00010264446022C34BF4FF08050404625FA06F101F0FF0108431843FFF74BFF641C70
:20AE0000083E032CEED34DE043F0C700FFF742FF48E043F00600FFF73DFF0220014643E07F
:20AE20000846801E1843FFF735FF0327102625FA06F000F0FF00184340F08050FFF72AFFC3
:20AE4000083E7F1EF3D194B3641E0CBF40464FF080501843FFF71EFF0CF8010B002CF3D1B4
:20AE600025E00846C01E1843FFF714FF0327102625FA06F000F0FF00184340F08050FFF788
:20AE800009FF083E7F1EF3D164B1641E0CBF41464FF080511CF8010B19430843FFF7FAFE55
:20AEA000002CF2D1484641461A46FFF75AFF4046BDE8F08370B5184E40F6036101200325D3
:20AEC000A6F114040A4620603046656000F0CEFE40F2016130460A46001D00F0C7FE0F4879
:20AEE000A064E564042020630D4820650D484FF080710A4660650020E0603046103800F0DC
:20AF0000B5FE70BD10F8F7FF40420F0080000511000005010500001014F8F7FF000002020B
:20AF200008030101082400018F4800B50068052808D10020FAF7C9F98020FAF7C6F900209A
:20AF4000FAF762FA00BD10B5874C103CB4F8720040B194F86C0020F07F00802814BF0220D0
:20AF6000012000E003202061FCF7DBF908B105202061FFF7D9FF10BD10B57B4C216801292C
:20AF80000AD0032906D1B4F8480008B1FAF797F900200EE005200CE08268002A08DDC16865
:20AFA0004368994204D101688020FAF70FFD01E004202060FFF7B8FF10BD90B56A4C2168AD
:20AFC000022906D0042902D00520206012E00020FBE78268002A03DDC1684368994205D060
:20AFE00063490F6807B1B8470320EEE701680020FAF7ECFCFFF798FF90BD70B55C4C06462A
:20B0000004251C3C54F8040F20B10146304688476D1EF7D170BD574B024600B50846110A6B
:20B0200038BF1033920022F400729958884700BD10B5504C022004F108018B6A0A6B0B60E9
:20B04000401E0A6101F10401F7D14B4901200860FAF7A2FD54342068804710BD10B5454CC1
:20B06000022004F108018B690A6A0B60401E0A6101F10401F7D1404900200860FAF78CFDCA
:20B0800050342068804710BD3C4A1368042B28BF01200CD202EB83035966116800F07F00E0
:20B0A000511881F8740011680020491C116070472F49086070472F4A030A38BF103280003E
:20B0C00020F40070115070472A49543108607047284A030A34BF3832303220F0800080006F
:20B0E00008381150704725490A1D1268042A28BF012006D201EB820290644A680020521C37
:20B100004A6070471B49503108607047020A34BF184A1A4A20F080008000083828321150FA
:20B120007047124810B500214FF40E7200F060FC124C0021702204F1080000F059FC10495D
:20B140001248104AA16100680F49A26000F586300860FCF715F900F0EDFC0D480D490E4A87
:20B16000FAF7E4FA10BDC0464CF900083CF90008E4FB00088CFB00086CF9000884FB000839
:20B18000BBAF000879AF000864F8000874EE000847AF000817B00008FBAF0008411A4FF026
:20B1A000000058BF0120704701467D4801700020FEF720BD10B504460020FEF7DEFD002C06
:20B1C0000CBF002007207749086010BDF0B5754C164622680F460546002E40F095803AB11E
:20B1E000072A05D06169FFF7D9FF002840F08F80101C7DD0401E6ED0401E6AD0401E59D016
:20B20000401E4CD0401E26D0401E01D0F7B181E00020FEF7AEFC00287CD0207A60B1012821
:20B2200004D006280CD100F02DFD0EE00220FDF798FFF7F730FA02E00120FDF792FF207A40
:20B24000012802D8A561032060600FB9002059E00722104656E0E1680A461FB12846FFF75F
:20B260009DFF78B128461146FFF798FF002851D0207A06282EBF0020401CC0B2FFF794FF42
:20B2800003203FE041F288304EF6602140192061491961610020FEF764FD0622D9E73FB170
:20B2A00021692846FFF77AFF002833D001202FE0052027E0002F2DD041F2883105F57A73A1
:20B2C0004EF660204919E3600422216140196061BFE7FFB9D4E74FB121692846FFF75EFFDF
:20B2E000C0B10020FFF760FF02200BE000200FE087B141F288304EF6602140192061491928
:20B3000061610120206005E022B1072A02D03846FFF750FF206A30B1E1692846FFF73EFFF6
:20B3200008B1002020626268002A2CD0022A25D0A1692846FFF732FF28B3012A16D0032AE9
:20B340000BD0042A1FD100206060FAF78FFB05F5FA65E56101202062F0BD6EB9FAF73CFB5B
:20B3600011480568042005F57A750AE026B96D1CA56103206060F0BD0220FBE71EB9012016
:20B380006D1C6060A561F0BD0649002008604860C860086148618861C8610862087270474B
:20B3A00014EF00080CEF000830FCFFFF10B57549754B0C681A688218904208D9186882428B
:20B3C00005D20868844202D318688242F9D318688242FCD810BD70B56B4D0E46C300012180
:20B3E00005F1740201FA00F4A3F56C7314601A68800081402846B218001F1A600A465E6065
:20B4000000F034FC214628460A46703000F02EFC70BD10B55D485C4C03684FF47A7104F160
:20B42000240200201060594342F8040C491E51604FF4FA71FFF7CFFF0120FA21FFF7CBFFEA
:20B4400002206421FFF7C7FF4FF4802120460A46703000F00BFC022120460A46103800F047
:20B4600005FC10BD4B4A484910684FF48023401C106078310B607047424A434910684FF410
:20B480000033401C106078310B60704710B5404C00212160C4F880103C4861610068216173
:20B4A000401EA06138484FF400310A46703000F0DDFB012120460A4600F0D8FBFFF7A9FF48
:20B4C00010BD30B5304C20342068FFF71DFA32480068FDF7C6FFFAF771FC304D286818B97E
:20B4E0002F490120086003E0FDF717FD002028600420A06530BD2448022178300160704753
:20B50000284870B5016841F21A028A421ED1284CA4F11806244A316805468A4202D02348A1
:20B52000884201D100F0AEFBD5F89C0170B10720F0602168490E09D3D4F89815C90AFBD2FF
:20B54000C6F8AC0540F20C40C6F8B005104801218830016070BD10B50E4A0D49136830317C
:20B560000C680419A04208D90868844205D21068834202D308688442F9D308688442FCD84C
:20B5800010BDC04630F3000810FCFFFF78EE000800FCFFFF34F300080CC700FCE0E900086C
:20B5A00080EE00083CF90008401408014214C8007CC100FC2DE9F041394F3A483A4C4FF40A
:20B5C0000E71002640F28442C7F80C1131460660204600F00DFAD7F8C0013146400C18BF8E
:20B5E0000121324D0028A9600CBF4B202820686000F03CFAFFF75EFCFFF748FFFEF716FD78
:20B600002868EE214FF4A03200F0F2F900F0BEF9F4F765FEFDF7B2FCFFF783FDFCF77FFC20
:20B62000F9F70EFAF7F76EFEFAF720FAFDF737FA00F0BAFA4FF4001800F0C9FAF8F720F9CE
:20B64000D4F8400404EB8000D0F84404F8B1D4F8402404EB82009300D0F83C13C7F8108018
:20B6600003EBC200201800F55F708847D4F8400404EB8000C0F84464D4F84004C7F8008021
:20B68000401C1028C4F8400428BFC4F84064FDF773FAE8680028CFD0EE6030BFCCE7C04661
:20B6A00030FEFFFF10ED00E0F0E9000874EE0008642988BF6421394AC2EB8020026864231C
:20B6C00089B2B2FBF3F25143416070473349091FC1EB8021096800290CBF64210021FFF7BF
:20B6E000E7BF2E4901220831C1EB80200260704730B50346642988BF6421294D27482D686B
:20B700000124103089B2C0EB83206A4304601223436064258460B2FBF5F3026159434161AF
:20B7200030BD64214FF47A62FFF7E2BF0146F0B51C481A4B46688A0200F10804D11A07689B
:20B740002568096876B954F8274085687F1C1E2F0760A5EB040401FB04F1B1FBF5F40ED1D0
:20B7600001210BE07F1E076054F82740A5EB040401FB04F1B1FBF5F401D1002141601B1F19
:20B78000D21A1460F0BD05490022091FC1EB80200260102140F8101C7047C046EC77080099
:20B7A00078EE00088CEE00082DE9FC41334D344E2222AF1C311D384600F03AF905F1240428
:20B7C000382100204FF48073224629804FF4783100900320FFF7DBFAB84600283DD1306873
:20B7E0000421261D019016F8010B01AA01F00303D75C491CC019D054080AF4D09DF8040090
:20B800002178884229D19DF805006178884224D19DF80600A17888421FD19DF80700E17836
:20B8200088421AD104F1080140460A2200F000F908F10A0004F11201082200F0F9F808F1AB
:20B84000120004F11A01102200F0F2F894F8A51094F8A40040EA01202880BDE8FC810748E5
:20B86000008828B14FF6FF71814218BF012800D1372070470148801C7047C046F0EF000887
:20B8800040C0000827482849C0F800132749C0F804134FF4E021C0F8241CFF210160704742
:20B8A00070B5FFF7EFFF224D4FF0FF30A5F1440420604FF4B0126060002044F8300C4FF4A4
:20B8C0007F0144F82C0C0A2044F8380C284600F0CDF9184E4FF47F414FF4A062304600F092
:20B8E000C5F94FF47F414FF4A052284600F0BEF94FF47F414FF4C0622846001D00F0B6F9AB
:20B900004FF07F414FF02062304600F0AFF90A4844F8100C202044F8100C402044F80C0C63
:20B9200070BDC04600E100E0E0C0A0806040200084FEFFFF94FEFFFF530F600000204FF062
:20B940007D41254B8860254AC3F8E821C860244AC3F824228861C861704700214FF07D4021
:20B960000161214A42611F4B81611D4A1A60C161704700224FF07D4106230A6019484B6093
:20B98000164B8A603C380360CA6070474FF07D41002205200A604FF40042486012480A6104
:20B9A000401E4861FFF7CABF4FF07D40F021416400214164006C70474FF07D41086C086489
:20B9C00070470A480068C0F30010704707480068C0F340107047C0463CF90008000010C0F8
:20B9E000000014C060FB000806000080400000FDC0B5844686181CF0030F10D141EA012025
:20BA000041EA002326F00302604641EA0323824205D0121A97107F1E40F8043BFBD18642B2
:20BA200004D0361A761E00F8011BFBD16046C0BDC0B58E1841EA0002034612F0030F0BD1CA
:20BA400026F003028A4207D0521A971051F8042B7F1E43F8042BF9D18E4206D0761A11F88D
:20BA6000012B761E03F8012BF9D1C0BD30B5184D154901202C1F20600020086048600420B0
:20BA800002210A46E0632846383000F0EFF80F484FF080710A466060284600F0E7F80E4819
:20BAA0000C4900684FF4E1334FF4613201FB00300721B0FBF2F0A162401E8021E0620A4627
:20BAC000284600F0D3F830BD50F300082200020204E5F7FF48E8010078EE000830B5818873
:20BAE000552902D14188372901D0012030BD017821F07F02802A4FF0010119D14278702AB9
:20BB000016D1C088022813D10D480C4D4FF48634026829606023A3540A4B016892255D54AA
:20BB20000168022201F586318020F9F712FF0021084630BD04494020FFF7A6BA4CF900087E
:20BB400074EE0008010C0100DDBA00081449B1F1FF3F12D00868091D78B151F8042B28B19F
:20BB600011F8013B401E02F8013BF9D1C91C21F0030151F8040B0028EFD170474FF0006092
:20BB8000016881F3088807494FF000600860FFF7DDFF00F059F8FFF783FEFFF70BFDC04653
:20BBA00094BC000808ED00E00E490D4809684843400B40F6FF71401E814238BF081C0A4930
:20BBC00008600A4B41F8043C1F224A60704706484EF21A51083001604AF25C31016070471A
:20BBE00048CA060078EE000894FCFFFF1253EDAC0A4801684AF6DC428A42416004BF4AF6AA
:20BC0000BA310160001D7047044801684AF6BA328A4204BF4AF6DC410160704784EE0008A5
:20BC200000BFFDE700BFFDE700BFFDE700BFFDE700BFFDE700BFFDE700BFFDE700BFFDE7EC
:20BC400000BFFDE700BFFDE700204FF4807240F8300C054940F8302C4FF0FF300866486669
:20BC60008866C8660860704740E0FFFF03680A408B431A430260704703680A408B431A4392
:20BC8000026070474FF400406FF01F0108607047FFF7F8BFC500000068F80008120100037A
:20BCA000000000095A1A05008302010203010A061002000000400100040309041203540096
:20BCC00041004E0044004200450052004700220352004400580020002000200020002000BE
:20BCE000200020002000200020002000200020001A0330CA300039003800370036003500EA
:20BD000034003300320031003000050F2A0003071002020000000A1003000E00010A0A008D
:20BD20001410040000112233445566778899AABBCCDDEEFF09022600010100C000090400E3
:20BD40000002080650000705830200040006300F0000000705030200040006300F0000004F
:20BD600000000000800000008CEE00080000000000000000001000006E0F0000D80E00004E
:20BD8000100E0000E40C0000500B0000C409000000080000A805000000040000D4020000DE
:20BDA000000200006A010000FF000000B4000000800000005A000000400000002D0000001C
:20BDC0002000000017000000100000000C00000008000000060000000400000003000000FB
:20BDE0000200000001000000000000000D00000080F300080000000900808389B0B1B2C050
:20BE0000C2C046C01200000090F30008700000000000000A00000000000000000000C0467D
:20BE20000E000000A4F30008090C000000000000000000000000000014000000DCE900085F
:20BE400000000000000000000000000000000000000000001000000074EE0008000000C0A8
:20BE60000000000000000000000000000400000030F30008000000000400000034F3000860
:20BE8000000000001000000058F30008000000000000000000000000000000000C00000033
:20BEA00030F900080000000000000000000000000800000084FB00080000000000000000C2
:20BEC0000400000084EE0008BAAB0000040000004CF3000800000000000000004F50454E02
:20BEE000524458313031323334353637383941424344454673D528801AEFC032D3A53637B1
:20BF0000B035F65D72809151B2F127C6B2050E9BACC76F3B982F8A4291443771CFFBC0B5B9
:20BF2000A5DBB5E95BC25639F111F159A4823F92D55E1CAB98AA07D8015B8312BE85312450
:20BF4000C37D0C55745DBE72FEB1DE80A706DC9B74F19BC1C1699BE48647BEEFC69DC10FF7
:20BF6000CCA10C246F2CE92DAA84744ADCA9B05CDA88F97652513E986DC631A8C82703B0FE
:20BF8000C77F59BFF30BE0C64791A7D55163CA0667292914850AB72738211B2EFC6D2C4D09
:20BFA000130D385354730A65BB0A6A762EC9C281852C7292A1E8BFA24B661AA8708B4BC2A7
:20BFC000A3516CC719E892D1240699D685350EF470A06A1016C1A419086C371E4C77482768
:20BFE000B5BCB034B30C1C394AAAD84E4FCA9C5BF36F2E68EE828F746F63A5781478C8847C
:20C000000802C78CFAFFBE90EB6C50A4F7A3F9BEF27871C63031303054492D4453470000D6
:20C02000545553423932367854414E444245524752445820202020202020202020202020D4
:20C04000785634123733363032343238383954414E444245524752445820202020202020A6
:20C06000202020202020000004060B000304060B50617373776F72643A00000042FBA7FB67
:20C080002B0932005E1BBEC2DB8245160800400040000002080040004000400000004000F7
:20C0A000000200040000400000020004FFFFFFFFFFFFFFFFFFFFFFFFFFFFFFFFFFFFFFFF48
:00000001FF
