:020000040800F2
:2000000068E9000899BE000845BF000855BF00084DBF000861BF00083DBF000841BF0008B8
:2000200041BF000841BF000841BF00085DBF000859BF000841BF000851BF000849BF000834
:20004000ADBF0008ADBF0008ADBF0008ADBF000813B8000899390008293C0008ADBF000842
:2000600091B700087DB70008DBB70008A59E0008ADBF0008ADBF0008ADBF0008ADBF00083F
:20008000ADBF0008ADBF0008ADBF0008ADBF0008ADBF00085187000809B80008ADBF0008FF
:2000A000ADBF0008ADBF0008ADBF0008ADBF0008ADBF0008ADBF0008ADBF0008ADBF0008A0
:2000C000ADBF0008ADBF0008ADBF0008ADBF0008ADBF0008ADBF0008D5BC0008ADBF00085B
:2000E000ADBF0008ADBF0008ADBF0008ADBF0008ADBF0008ADBF0008ADBF0008ADBF000860
:20010000B44A10B502F1200090E818005069C0181269B14B127C4FF0000141EB040140F240
:20012000844404FB02320CCA994208BF90428CBF0C20002010BDF0B5A84E0C461546074681
:2001400070210422F01C317000210BF0DFFD0021042206F108000BF0D9FD3473757338461F
:20016000B070F0BD90B5071C4FF000041FD19A4940F28440784360310858C0B138460AF0A9
:2001800024FDA0B138460AF027FD92491831096881420CD1AA49F801401A016801F00F016C
:2001A000032904D150F8180CC00938BF0124204690BD2DE9F047874C824604F110000068E5
:2001C000DFF88082057C4FF060092846C8F81090FFF7C8FF30B92846002103F09BFC0E2062
:2001E000BDE8F0872169087C8A7C514602F017FB0026071C1BD19AF80200612803D0602887
:2002000018BF371C00D101272846FFF7ABFF40B12169087C897C3A4602F0B7FB30B908276D
:2002200005E02846314603F075FC01260E27A6B92846FFF797FF70B9216981488A7C103811
:20024000C0EBC51001682846D14001F0010103F061FC0E2707E0C8F80090062F02D0072F4A
:2002600001D1F6E70D273846BDE8F0879C48006870470A3806D0203804D0603818BFB0F1AA
:20028000200001D1012070470020704788280ADC882811D008380FD0801E0DD01E380BD0CB
:2002A000801E09D00AE08A3806D01E3804D0801E18BFB0F1140001D1012070470020704770
:2002C00002461078B0F185014FF0000018BFB1F11C0103D19178890928BF0120704710B55F
:2002E0003C499A4C41F21403002297484B6023688A60C018086005F0F8FD10BD0346B1B186
:20030000774A083210680068807802090FD310F0030F0CD0086A50B1B0F5805F07D8042B2A
:200320004FF0010004D0062B02D00A2B00D00020704710B5002469B18A78EC2A0AD10428A8
:2003400008D10420FFF7DAFF20B1086AB0F5007F08BF0124204610BD024680B5002059B1A4
:20036000032A09D1774A12681268927812F00F0F02D10F6A07B9012080BD10B5024681B1EE
:200380008878B0280DD148794F280AD18879C22807D1C878D03801280AD9401F08D0401FE7
:2003A00001D0002010BD1046FFF7D6FF04460FE0042A4FF000040BD10420FFF79FFF38B137
:2003C000087B012804D1086AB0F5007F08BF0124204610BD58F3000800EC000890F3000815
:2003E000C0B5071C21D0574802681168887800F00303022B19D1C00817D30B78387B852B4D
:2004000005D14978490824BF797B40EA012060B1137CC24A40F28441594356582EB14FF0C7
:20042000FF31B1FBF6F1814201D20020C0BD3A6A70430021904208BF01210846C0BDC046C2
:20044000D8FEFF0430FEFFFF30B50546FFF771FF18B92846FFF791FF08B1012030BD887875
:2004600040280CDC402815D020382AD0001F28D0401E16D0801E0DD0801E22D00FE04238BE
:2004800008D082381DD0001F0BD01D3818BFB0F1130004D12846FFF75FFF04461EE0002004
:2004A00030BD0024062D18BF0A2D08D12846FFF725FF20B10846FFF793FF00B101242046A6
:2004C000EBE7042D4FF0000408D10420FFF716FF20B10846FFF784FF00B10124204630BD0D
:2004E00060F30008B0B5044616480068007C0F4630B92FB10AF069FB01280ED0022801D032
:200500000020B0BD08F0EAFD20B120463946FFF79BFF00E00120054611E020463946FFF711
:2005200008FF012558B92046FFF727FF38B9B878E52803D12046FFF70FFF00B90025284643
:20054000B0BDC04668F300081026010010EE00082DE9F041AF4C216908684078ADF1340DB5
:20056000C0F3430838F0010000F0DC80B8F1030FC0F2D680A64DB8F10C0F10DDB8F10F0FDA
:2005800040F0CE80206829460E220BF0DFFB206821698860216909200E22CA60C7E0684685
:2005A000002134220BF0B2FB8020294627224FF0000C23698DF80100891C8DF8002018689D
:2005C00081F800C00278A12A30D000791A688DF8030090798DF80C00107A8DF80400907A63
:2005E0008DF80500107B8DF80600507B8DF80700907B8DF80200D57B501C8DF80F50067854
:200600000627042576082FD380788DF80B0050798DF80D00D0798DF80800507A01268DF8D5
:200620000900D27A0E708DF80A201AE0C07819688DF8030008798DF80C0048798DF80400A1
:2006400088798DF80500C8798DF80600087A8DF80700487A8DF80200C87A032504278DF8D2
:200660000F0023691868401C40781968C0F340100590887810F0030025D0401E08D0401EA6
:200680001FD14878400838BF3D1C04D33D4604E04878400801D2485D05E04A19485D12F85D
:2006A000011C40EA0120089018688078C0080CD3197C1A4A089F40F28440484310587843D7
:2006C00002E0586800E0604608909DF80200EC2812BFA1284FF400700890089F604627B1A5
:2006E00019688978090938BF0120069069464046FFF7F8FE68B92069007C0AF066FA0228ED
:2007000005D108F0EBFC002818BF15200FD10A200DE06846FFF74DFD09E0C04628EC000800
:200720000B2004E0087C012103F0F4F900200DB0BDE8F08102460846111C00D108B90020BC
:200740007047AB4A40F2844303FB012211684FF4F813B3FBF0F051B9516A19B1B049096885
:20076000012904D0B0F5807F88BF4FF480707047F0B5144602780025083A0ED0921E0CD05C
:200780001E3A20D0921E1ED05E3A13D0921E11D01E3A0AD0921E08D004E007790FB94FF43E
:2007A000807714E02F46012511E08279C379067A477A03E0827AC37A067B477B43EA022399
:2007C00046EA032601E0C679077A47EA0627954840F2844202FB0102906B10B1166816B9E3
:2007E00010E04FF400764FF0FF32B2FBF6F2BA4208D328B108463146FFF79CFFB84201D377
:200800007E4301E00026032526602846F0BDC046A4F3000858F30008F0B50F1C08BF012097
:2008200000F0BA80067800213246552A43DC552A00F091801E2A24DC1E2A00F0A880122A75
:2008400012DC122A00F0A180002A00F0A080D21E00F09B80521E00F09280121F00F0958080
:20086000961E00F096808EE0B2F1150600F08480761F00F08A80761E00F08980B21E76D06C
:2008800081E02F2A0CDC2F2A00F08180B2F123067BD0B61E79D0F61E77D0B21E79D072E072
:2008A000B2F1350673D0B61F5AD0F61F53D0B6F10B026AD067E0A22A19DCA22A30D08F2A65
:2008C0000BDC8F2A63D0B2F15A065ED02B3E32D0F61E5AD0B21E5CD055E0B2F1910656D0DA
:2008E0000D3E2FD0B61E50D0721E24D04BE0E02A0ADCE02A49D0A83A47D0921E49D0521FC5
:2009000045D0921F0CD03EE0A2F1E106012E3ED9B61E022E39D9F61E39D0B21E35D032E03D
:200920008479C279037A457A224313431D432ED0A22E2AD02DE0807810F0030F27D0000949
:2009400023D226E0847AC27A037B467B224313431E431AD11BE0C279067A164317D018E02E
:200960008379C279067A1A43164310D011E0C278067916430BD00CE0067946B109E0407849
:20098000400904D305E0012105E0802002E0052101E0084638600846F0BD90B50446081C2E
:2009A0001BD07220B0492070087800F00F006070887AA0700020CA7A20716071A071E270A7
:2009C0008F7A87B9C97A1D290DD10E2204F10800A649E2710BF0BAF906E0A54920461222DC
:2009E0000BF0B4F90A20E07100BFE079083090BDFCEB000800780A380ED020380CD0001F5D
:200A00000AD0143808D0483806D0001F04D01C3818BFB0F1040001D101207047002070473E
:200A20006CF9000828EC00082DE9FC470021044634220BF06BF98F488F4A006810300178E3
:200A400040F2844A0AFB01F15758002F0CBF402142212722A170DF4D22708021617090F820
:200A6000008095F8252095F8243095F8236095F8227095F821C095F820E0D017D9174FEA09
:200A80000029100E49EA0000120201431343180E0A021B02F117024311431E43F8170A02C2
:200AA000330E36021A4310433743634601023E02380E43EA06020143130E16024FEAEC701A
:200AC0004FEAEE7240EA010738021843774602436B4647EA0601404609F0B6FE002808BFA9
:200AE00000202FD09DE80C009DF8000020719DE80300170E1E021A1C62729DE80C00000AAE
:200B00000906084360719DE803001A0A000C0904A2720843A0714021E17147EA0600C0B219
:200B200020722A69D94F127C0AFB0272D2F874721FB900F00F000143E171287D2073697D26
:200B400001206173BDE8FC87A248D0B501690A6811780027083968D0891E66D01E390AD0F6
:200B6000891E08D05E3930D0891E2ED01E3918BFB1F1020175D15178090903D30122016963
:200B8000C2610A68917880F8231001690968CA7880F822200A7980F821204A7980F820207E
:200BA0000A78A82A08D0AA2A06D04A7AD20828BF0B27CB79097A35E0CA7AD20828BF0B2795
:200BC0008C790B7ACA79497A28E0D17BC90828BF0B275178090904D301220146C261096996
:200BE0000A6896780EB9D67806B10C27117980F82510016909684A7980F824208A7980F86A
:200C00002320CA7980F822200A7A80F821204A7A80F820208C7A0B7BCA7A497B42EA0422F5
:200C200043EA022341EA032115E05179C90828BF0B27517801F01F0180F82210016909680B
:200C40008A7880F82120CA7880F820200E79466116B94FF48071416127B9466906B90B278C
:200C600000E001273846D0BD92F30008A4F3000890F3000868F30008FCEB00082DE9F0470B
:200C8000544C21690E68307800270925252800F0A7809E2840F0A280F07BC00828BF0B25F1
:200CA0007078102840F0EA80092D40F0E880B37AF07A327B767B40EA032042EA002256EA9C
:200CC000022A00F08980DFF8C4C1087C40F2844E0EFB00C000F51E7090E80C0001264FF0D5
:200CE0000009B046B2EB080273EB090318462368060E1E702368060C5E702368060A9E7045
:200D00002368061CDE700602130E334326683371130C06043343266800067371160A46EAA0
:200D20000003206883712068C271087C2268764606FB00C090F8A3021072087C226806FB30
:200D400000C090F8A2025072087C226806FB00C090F8A1029072087C226806FB00C090F892
:200D6000A002D072206807730A7C206806FB02C292F8A8224273097C06FB01C101F52B72D6
:200D8000B1F8B4121368591A09B28B4201D0002900D53946C1F305238373C17356695EB14C
:200DA00096694EB1817B41F080018173D6691EB1817B41F0400181731030394610220AF038
:200DC000A5FFBAF1200F2CBF202757463048016855E0C04658F300083D4650E00A254EE047
:200DE000707AC00828BF0B25307A400828BF0B25B3783279F07876791843024316433DD1ED
:200E0000092D3CD1087CDC4A40F2844303FB002C9CE8C0004FF0000901239846B6EB080685
:200E2000304677EB0907002F08BFB0F1FF3F24BF4FF0FF304F4626683B02020E1A43327035
:200E400026683B04020C1A4372702368020A3E0632439A702268D07022689CF82B0010718A
:200E600022689CF82A00507122689CF82900907122689CF828000827D07100E00B252068D3
:200E80008860CF602846BDE8F087C04688E9000868F300082DE9FC4FC64C216908682768D3
:200EA000467836F0080640F006818278DFF808830026931112F03F0F02F03F09019300F055
:200EC000B180B9F1310F00F0AD80B9F1330F00F0A980B9F1340F00F0A580B9F13F0F18BF04
:200EE000B9F1080F40F09C80087C40F2844909FB0080D0F8D80248B108F0F4F830B907F07F
:200F000087FE18B92069007C01F05AFF2069006801781A292CD0427A4178D20828BF0B261C
:200F20000025C379027A3D701A207870BD702069007CC1F3001B42EA032209FB0080D0F867
:200F40008802009200280CBFAA464FF0100A08F0C5F800280CBF281C802040EA0A00F87011
:200F600087F804B07D71BD714FF0080AFD7120E04179C90828BF0B260079009017213970D6
:200F800000257D702069007C09FB0080D0F8880200280CBFAA464FF0100A08F09FF8002871
:200FA0000CBF281C802040EA0A00B8704FF0040AFD70002E40F0DD800AEB070B2946142205
:200FC00058460AF0A3FE08211220019B07F80A10012B0BF10101087013D02069007C09FB3A
:200FE0000080B0F8AA00800934BF281C042048702069007C09FB0080B0F8AA00C0090AD203
:2010000008E04D702069007C09FB0080B0F8A400C00900D320250AF11400CD72C0B29DE038
:201020000B26A6E001781A2942D0417AC90842D2C57990F808A03146082238460AF066FEA0
:2010400008F04CF84AEA052ACDF800A000280CBF301C8020F870206900684078C0F30010D9
:20106000387120690068407800091FD2082207F108003146FA710AF049FE2069007C40F2A0
:20108000844101FB008090F8A20278732069007C01FB008090F8A102B8732069007C01FB20
:2010A000008090F8A0021025F8733AE0082538E04179C90802D30B20BDE8FC8F00793146DC
:2010C0000422009038460AF021FE08F007F800280CBF301C8020B870206900684078000913
:2010E0001ED20822381D3146FA700AF00FFE2069007C40F2844101FB008090F8A20278720B
:201100002069007C01FB008090F8A102B8722069007C01FB008090F8A0020C25F87200E0D3
:2011200004256168B9F1000F0BD0019BE819491B4A4608F085FA2818C0B2854208BF0B26B0
:2011400000E028462169096809781A2904D000213970851E7D7001E0411E39704EB9009FC5
:20116000216822698742916098BF381C21690926C8603046BDE8FC8F00EC0008734BF0B518
:2011800040F28442044602FB04F0185800250E4668B177685FB1204609F017FD874206D118
:2011A000204609F019FD3168814208BF01252846F0BDC04658F3000888E90008F0B5071CBC
:2011C0000E4606D12EB1614940F284407843085808B90020F0BD384609F0F7FC7060384604
:2011E00009F0FAFC60245D4D3060314638462C61FFF7C4FF584A50B15649F801131DC31ABF
:20120000801A196000220AF0C5FE012004E00020C2EBC711086040242C60F0BD2DE9F043E4
:201220004B4FDFF83C91144688460646082C0AD148460068827C0121C7EBC610914000225C
:2012400001F056FA0446F5017CB148460168EB1B8A7C1868012101FA02F2024205D03046BD
:2012600002F058FC0E20BDE8F0833C4F6020414638613046FFF782FF0646374846B13CB913
:20128000A0F10C01691A096811F0210F18BF0D24304A011D691A0A601EB900200E2448602D
:2012A00004E02D1A114628460AF074FE402038600EB1202038602046BDE8F083F0B50746D3
:2012C00027480068047C0D46002FADF13C0D08BF002039D01D4940F2844060430E5836B310
:2012E000204609F072FC022821D16846002134220AF00CFD27268DF800608DF80C70012188
:201300008DF803100620069180238DF802003A0A8DF801308DF80D2040268DF807607902D5
:20132000089135B120460DA9FFF748FF08B90E200AE06846FEF73DFF02462DB120460DA9DB
:2013400042F21073FFF76AFF0FB0F0BD60EC0008C8FEFF0401000040ECFEFF0430FEFFFF94
:2013600068F300082DE9FF4FDFF83883D8F81030DFF8E0B21A68191D501C0C7B1E7CC77916
:2013800040F2844A0AFB04B4D279D4F8C05247EA0227002D40D00278520829D2007AC008BF
:2013A00026D2002F00F02681082F21D3B7F5006F1ED8086887421BD8DFF89C92A44DA34C22
:2013C000D9F800003A462918241820460AF0BEFCA178E07840EA012010F00F0F08D1083F2B
:2013E000874205D34146096949680839814201D20B2000E10009019000F0FC8048460168C2
:201400000AFB06BA0AF51E7ABAF8540000266D18042803D2834618B90A20ECE04FF0040BE0
:201420004FEA4B222846314602920AF06FFC08344FEA8B10019F0090002F00F0D380002056
:201440000390217A607AA37AE77A40EA012043EA0021237857EA01274FEAE3714FEA012280
:20146000617894F807804FEA136042EA00024FEA03204FEAE17343EA020341EA00014FEA26
:2014800003224FEA116042EA0002A0784FEA01214FEAE07343EA020340EA01004FEA032295
:2014A0004FEA106142EA0102E1784FEAE17343EA02034FEA032223794FEA002041EA0001BC
:2014C0004FEA116042EA00024FEAE37040EA02004FEA01224FEA0020194641EA02014FEA01
:2014E000116240EA020062794FEAE27343EA00034FEA0320A3794FEA012142EA01024FEA79
:20150000126140EA01004FEA02224FEAE37141EA000118464FEA012140EA02004FEAE8739E
:201520004FEA106241EA020143EA01094FEA0022434643EA02084FD09AE80300894508BF47
:2015400080450AD29AE803000022B0EB080071EB09018A4208BF874201D90C204BE0009815
:20156000B0420BD158460121FFF7A8FE002842D1029A284600210AF0C9FB00264FF6FF7043
:2015800005EBC603B84288BF381C4FEA18214FEA096283F8008011434FEA09425970761CB9
:2015A0004FEA18413F1A11434FEA092299704FEA18611143039AD970494619714FEA192107
:2015C0005971014618EB010898714FEA102149EB0209002FD971C2D101981034401E019064
:2015E0007FF42FAF36B106F13F040021A009FFF765FE00E000200090BDE8FF8F294A10B55B
:2016000013691C7CADF13C0D02F1200383E80300012050616846FFF707FA20B120460DA9E7
:20162000FFF7CCFD08B90E200DE06846FEF7C1FD02460DA94FF4FA632046FFF7EFFD0028A0
:201640001CBF0E2810200FB010BDC046101E01001016010088E9000810EE0008F8B5114CD8
:20166000206922680368E7681878E03808282DD8DFE800F05F5C1A56534B452E05C05F7831
:2016800027BB9F7817BBDF7807BB1F79F7B9587980281BD11046802108F007FAB0B18020C8
:2016A00037E0C04658F3000887B100242146062000940A46134609F0F5FC2146C7200094C8
:2016C0000A46134609F0EEFC2046F8BD0A20F8BD002000905E78DD78197998785B7940EA09
:2016E000062045EA0025032041EA052109F0DAFC20682169886021690868407925E004F087
:20170000F3F90AF04DFC0020F8BD114801780120117021682269916016E00621012001E02D
:201720006021922011702168487009E00120E060E9E70AF0EBFB0146206802220AF006FBCC
:2017400020682169886002202169C8600920F8BD40F900082DE9F04F0646307CADF5DA7D56
:20176000002818BF012040F0B787C34C0021182204F1100528460AF0C9FA2661307C09F010
:201780002BFA3168A0610878E02805DBE82803DC707C062800F06787DFF82C83307CDFF832
:2017A00024A340F2844909FB0080D0F85402002840F0F9862069C54E017C09FB0181D1F882
:2017C000D8726C963FB107F08DFC002700B1012730460068E7B101680978032918D012299E
:2017E00016D04D2914D01A2912D05A2910D015290ED055290CD01E290AD01B2908D0A229A3
:2018000006D03B2904D01D2918BFA02940F029870068FFF7EFF820B107F060FC002840F033
:20182000C0862169B54A0868D2F800C0DFF8D0B203781A463B2A3BDC3B2A00F05D831B2AB5
:201840001CDC1B2A00F01184002A00F07D86D21E00F05686521E00F04586121F00F05281CE
:20186000921E00F04F81083A00F07684D21E00F0B682501F00F08F8600F088BE1D3A00F0C3
:20188000B283521E00F09683521F00F03F83921E00F07E86D21E00F03581921E00F03281EA
:2018A000521F00F0C080921F00F0718200F06EBE912A1CDC912A00F06A82423A00F06E862D
:2018C0000B3A00F0E982083A00F08982521F00F062862B3A00F0C286D21E00F01381921E21
:2018E00000F01081521F00F09E8000F04FBE9E3A00F04E86921E00F00082521E00F0AE8699
:20190000521E0BD0921F00F0FD80921E00F0FA80521F00F08880921F40F038868579C17904
:20192000027AC67A477A41EA052142EA0122F10847EA022723D2A22B4FF0000620D1417886
:2019400020291DD1057935F07F0525D18378C2786168206842EA032292B204F0A4FD30B99A
:201960006C9866490068D1F800C0006808E021682269B842916088BF381C074618E30B2660
:20198000057935F07F0507D1D948B84238BF0B2607F2FF10450A05E04FF6FF70B84238BF24
:2019A0000B263D46002E3CD16E0258460021324660440AF0ABF902A8002134220AF0A6F995
:2019C000272080238DF808008DF8093077B1216908680278A22A14BF5F225D228DF81450AE
:2019E0008DF80A202A0A8DF80C200BE021695B2208688DF80A2003780022A22B08BF0122EE
:201A00008DF81020407809688DF80B00C8788DF80D0088780A968DF80E0002A8FEF7C9FBF0
:201A20000646304667E12F3B4FF0000703D0603B24D0203B4CD13846687528752069006829
:201A40008178E974C178A97401796974417929740178AF2906D0417AC90828BF0B27C37924
:201A6000007A2AE0C17AC90828BF0B27C279037A8179407A1DE0C04658F30008C17BC908EE
:201A800028BF0B2786780EB9C67806B10C270079687520690068417929758179E974C17910
:201AA000A974017A6974417A2974C27A037B817A407B42EA012243EA022340EA032060613A
:201AC00007E0C046D0F3000888E9000868F300080127381C40F00F81FEF712FB002840F0DC
:201AE0000A816169002900F0068129A8FEF79CFF002800F0FB8029A8F5E0C04610EE00084B
:201B000010160100FFF720F8002840F0F480FEF7F7FA002840F0EF802069007C676909FB3E
:201B20000081D1F8A4623146FEF704FEB842C0F0E180DFF860B3DBF800304BB950460068ED
:201B4000806806FB07F188423CBFB0FBF6F0606152A8002134220AF0D9F8276938680078A9
:201B6000FEF787FB8023064627208DF84801687D8DF84931C117020E0302287D0902114315
:201B8000C2170A43184311020302020EE87C1143C2170A43184311020302020EA87C1143C3
:201BA000C2170A4311026A7C1843030E19430302D01708431A430002110E0843297C130284
:201BC000CA170243387C19436B468DE8060008F03BFE002800F08A809DF800008DF84C01E9
:201BE0009DE80300000A090608438DF84D019DE80300000C090408438DF84E019DE80300DE
:201C0000050E080205439DE80300081C8DF851019DE80300402723698DF84F7110338DF854
:201C20005051080A8DF8520100208DF85701197809FB018101F51D714F6A1FB1DBF8002005
:201C4000012A27D0E7692EB90A68002A0CBFC821252108E00A68002A08BFCA2103D0002F5D
:201C600014BF3D2135218DF84A118DF84B0161698DF853018DF8541142B9ECB29DF84F2101
:201C80008DF8550104F00F0414431BE00A0A8DF8552119E0002E14BF6122602261698DF8B3
:201CA0004A21E7698DF84B110A0A8DF853219A788DF85501D2008DF854212FB19DF84F41BD
:201CC00044F080048DF84F418DF8560158965690012259921A7809FB0282D2F8A4225790E8
:201CE00052A851435A91FEF764FA04E00E2002E000FEFF010B20074647E08779C179027AD1
:201D0000C37A457A867841EA072142EA0122D90845EA022534BF00270B27C1780279437835
:201D2000407919430A43104318BF0B27022E2BD8102D29D34FBB206800260670206846700D
:201D40002068867020680821C1702068374646602168062201EBC7010E7201F10A004F72D6
:201D6000314609F0D3FF7F1CF2D02068216988602068C01C01780831A9429CBF05780835B4
:201D800020690927C56000E00B2738466AE1352B07D0912B03D1C07BC00805D377E00A2067
:201DA00060E1407AC00872D20FA80021342209F0ADFF272180208DF83C1027698DF83D003E
:201DC000387C09FB0080D0F8740200280CBFE720EA208DF83E000FA8FEF7EBF942E15D4670
:201DE000152B654405D0C179077A467A47EA012701E00779467929463A4607F025FB032800
:201E000040F03081F00880F0BF83206901684878420880F0B983400939D3002F4FF00000CC
:201E200000F020810978152905D0AB79E979082241EA032101E0E97804227F1A8918BF1A03
:201E40000D4440F30F814FF027094FF08008EF2629786C7801F03F01082914D145A8002149
:201E6000342209F053FF8DF814918DF815818DF81661287B800934BFAA2055208DF8170185
:201E800045A8FEF796F93F1BBF1EE1DCEAE00B20E8E0C0466CF900084778C279057A002F05
:201EA00045EA022540F07083C778002F40F06C830779002F40F068834779002F40F064834C
:201EC0008779002F40F06083427AD20880F05C83837866680A7C2068314603F03F0304F064
:201EE000DBFC002800F0508321682269A842916000D8054628461BE3496800290EBF0025D6
:201F00005D4665442A4604F089F9AEE3427AD20880F03A83C279077A57EA022761D020685C
:201F200000250570206845702068857020681022C01C0270097C002609FB018303F51E718B
:201F400006C9002E114606BF0029D3F878124FF0FF310A0E427022680E0C567122680B0AA7
:201F600093712068C1712068022606722068457220692168007C09FB008090F8A102887205
:201F800020692168007C09FB008090F8A002C8722168082201F10C00091D09F0D7FE20689E
:201FA000057421692068142F8860A8BF1420A0DA38469EE74279D20880F0E682007900F07D
:201FC000010540080CD3087C09FB0080D0F8D802002800F0BF8007F085F8002840F0BA80CD
:201FE000A560002041E34179C90880F0CD82C37802795D466544294642EA032207F0DBF9C1
:20200000014603292FD120690268501CC778D278174340F0B982007800F00F00042822D10A
:2020200000200021FFF7EAFA011C1CD12069007C09FB008000F51E7003C801220023801AC4
:202040009941FFF7DBFA011C0DD12069007C09FB008000F51E7003C8CA074008490810434C
:20206000FFF7CCFA014608463AE24279D20880F08B820079820853D2087C09FB0080D0F8E9
:20208000D802002866D007F02DF8002862D138A80021342209F03AFE2721802220698DF811
:2020A000E01001688DF8E1200979490822D2017C09FB0181D1F87472002F0CBFE721EA21BB
:2020C0008DF8E210007C36A9FFF778F8002841D038A8FEF76EF802462069007C36A947F2EF
:2020E0003053FFF79BF8002840F0FA81E0208DF8E20011E0002068752875E874A8740F2761
:20210000687401262F7438A86661FEF78DFC002808BF0E2000F0E48138A8FEF74AF8DFE1AB
:2021200040080CD2FEF7A2F838B907F0DAFA00287FF457AF06F090FF53E7142095E2087C9F
:2021400009FB0080D0F8D80220B106F0CBFF00283FF447AF0E2088E24279C578037987786C
:20216000D20843EA052A80F00F824078E34D400859D2002F40F098812746386800214022C5
:2021800009F0C4FD20688021417020680626867020680226C67020683B230371206808220F
:2021A00005F11401083009F0D1FD206805F11C0310221946103009F0C9FD2068DFA10422BA
:2021C000203009F0C3FD2068382180F8241020680322DCA1253009F0B9FD206880F82860B3
:2021E0002068572180F829102068502580F82A502068042380F83A302068602280F83B20D1
:20220000206880F83C302068C02680F83D602068172580F83E50216830233A4681F83F30C1
:202220001069402652E120686668B02F02460EDCB02F6DD0002F00F03E81803F00F01B81E0
:20224000FF1E00F03381B81F00F0C0802CE1B13F3BD07F1E15D00E3F09D0BF1E40F0248154
:202260000A7C314604F094F9061C08D02BE10B7C31461A4604F0FCF9061C40F024810D206F
:202280002EE120680021082209F040FD2068B221417020680427C01C07702169097C09FB01
:2022A000018101F530710F686FB1802282704F684FB1827842F0020282708F681FB1817841
:2022C00041F0040181700826FDE020680021402209F01CFD2068002101702068B122427088
:2022E0002068817020683C27C77021690A7C09FB0282D2F8D872002F66D0B2F8CE22828096
:20230000097C09FB0181B1F85011871D39805BE020680021402209F0F9FC2068B02141700D
:2023200020683C27C77020680126C6712069007C09FB0081D1F8A012FEF7FCF922685FFAC3
:20234000B0F1117223685FFAA0F75F7225685FFA90F6AE722568E8722568297321684F7326
:2023600021688E732168C8732069007C09FB0080B0F8CC22900A18BF4FF480622569900537
:20238000A0EB8210030A00F47F46020603F47F4342EA0622134343EA10634B61287C09FBFB
:2023A0000080D0F8C0721831002F0CBF00237F231A0A180603F47F4502F47F4240EA052098
:2023C000024342EA13620A6040267CE0206800214FF40F7209F09AFC20680021017020684D
:2023E00089274770226843F60203291D02F108005380062209F0AAFC206805F10C0108221E
:20240000103009F0A3FC206804222946203009F09DFC2068342180F824102169097C09FB49
:202420000182D2F8D8721FB392F80112C90924BF402180F82510263002F202210C2209F03F
:2024400085FC2069007C09FB0080D0F8540200280CBFEC20A120216881F838002169206848
:20246000097C4FF400723C3009FB018109F06EFC4FF40F7627E00023137080274770837007
:202480001422C270097C09FB0181D1F8D87227B9001D202109F03AFC04E0001D01F50471DD
:2024A00009F054FC18260EE00B2019E0314604F0BCFA064607E00D2E88BF0D2620688A491F
:2024C000324609F043FC6C9827460068396808305645016098BFB246226909205146D160D3
:2024E000014608E042790B21D20804D2407810F0170F08BF00210846B7E0C0463CC300085E
:2025000041790579C9083FD2417831F001073BD18778002F38D1C778002F35D1206801F08F
:202520000101FEF73AFA21682269A842916000D8054621690920CD6097E0C0463030303140
:2025400000C046C0524458004079C0081CD2087C09FB008101F53871086888B91CA800211A
:20256000342209F0D3FB80278DF87170E5268DF8726027208DF870001CA8FDF71AFE74E06F
:2025800000220F200A6070E00B206EE00A206CE0FEF774FB69E0FEF77DFC66E0FEF7E2FE0B
:2025A00063E0152470E02069017C09FB0181D1F8D872002F55D000680178A12902D1407A24
:2025C00000284BD1852949D05FA80021342209F09DFBA027FF268DF87E7155468DF881617F
:2025E00027208DF8826180218DF87C012B688DF87D1103F108000168202912D301222169A3
:202600008DF87F21097C09FB0181D1F8707247B10079802805D19DF87F0140F004008DF822
:202620007F01226911680878FDF723FE65900878FDF72CFE074666979868679047B9B0F508
:20264000805F02D8187B802802D14FF480506790527C68A809F07AFB5FA88EE7FDF778FF76
:2026600003E00E2423E0FEF7F9FF002804462DD009380C282FD8DFE800F0292624201D1AE9
:2026800017120E2E2E0A07C02721002205E05321022205201DE074210822072019E01224B8
:2026A00004203E21032214E00620282107E002203A2104E00420442101E0052021210022D4
:2026C00007E0242100E020210022E2E7002001460246FDF730FD20466DB0BDE8F08F0349FF
:2026E000002008607047C04680F3000860F300082DE9F041002B17460E4605460EDD1C4604
:202700004FF0000828683040874209D04FF47A7008F0D8FF09F0E9FB641EF3D14FF0020868
:202720004046BDE8F0810B461146AD4A10B5C2EBC01004681A1C084618BF147008B1210AED
:20274000017010BD98B504460DF101016A46FFF7EAFFA44A40F284416143501800F534708B
:202760004768002F41D19DF801305B0842D39DF8007037F07F0734D19DF80030DB0923D2D6
:202780009DF8000080091CD29DF80000400915D29DF8000000090DD29DF80000800806D2F6
:2027A0009DF80000C00825D300210A461BE002203A211CE006205A21012219E005202121BB
:2027C00015E00620282112E0007801EB80015218D2F80803002807BF0320112107202721CD
:2027E00005E0472103220B2002E0042044210022FDF7A1FC98BD10B5794C04F1080100221F
:20280000C1EBC0140121204609F0C4FB4FF4004100224FF4FA632046FFF76AFF10BD2DE90A
:20282000F84F0F466F499046034640F2844202FB03F0081800F527718E6B002E18BF06206C
:2028400040F0A1800978414538BF0120C0F09B8063491839C1EBC31151F8044C09684FF077
:20286000010B0BFA08F221430A4240F08B80CA4E31687A695C024FEA082504EBC32400EB49
:2028800088036118681803F53A71009100F581300A603946142209F059FAA146B878BF4C4D
:2028A000AA46A0280BD131682046494440380AEB010207F124018018102209F047FA3D6AC0
:2028C000D6F800E085B309EB0E005044201847B3F9693368002429B1BE69002E0CBFB04A35
:2028E000B04A01E0B04AD218002914BF4FF4F8114FF48051A94214D3D7F818C02E46214669
:20290000B6F5783F34BF331C4FF4783302604160641C5D1E8160F61AC56000F11000EFD150
:2029200006E05846BDE8F88FD7F818C000210C4609EB0E024FEA48104FF48035052683187A
:2029400003F5803380182E501868BCF1000F40EA044408461C6003D01C6844F040041C60F3
:20296000009CC4F820C0BC78A02C03D11C6844F020041C605244596002F581329A60D960C7
:20298000BDE8F88F0720BDE8F88FCB4BF0B517460A46014603F11C04C801041B2468640815
:2029A0001BD33FB9CD4E40F2844501244D43944072550DE0CA4D012440F28446C71A9440F1
:2029C00006FB01553C60D5F83C132143C5F83C131B1FC11A00200C60F0BD0120F0BDC04656
:2029E000E0FEFF0488E9000890B50F4604463422ADF1340D0021684609F088F9EF2280206A
:202A000027238DF8022003218DF801008DF80030B44A8DF80310002067B940F28441121D6A
:202A20006143515A8A0803D2490828BF0B201CE00C201AE040F2844101FB04214F885FB954
:202A40000F8897B10220012200E0401E02FA00F10F42FAD0203008E00620012200E0401E4D
:202A600002FA00F10F42FAD040308DF80C00694600222046FFF7D3FEC0B9002120460A46FF
:202A8000FFF783FF90B98C48E401012100224FF4FA63001F201AFFF72BFE214630B9C24A04
:202AA000891A096811F0210F18BF01200DB090BD30B50C4605463422ADF1340D0021684649
:202AC00009F024F9272080228DF80000EF218DF80120002C8DF802102C4614BF10209020D4
:202AE000002269468DF8030002208DF80C002846FFF795FEB8B9002128460A46FFF745FF49
:202B000088B9A94DE401012100224FF4FA63A5F11800201AFFF7ECFD28B9641B216811F004
:202B2000210F18BF01200DB030BDF0B59E4D07464FF0FF336622FC01A5F11000211A0B60A4
:202B400005F108000A64201A01210A4609F022FA964840F2844101FB0706F06FA8B1306F13
:202B600098B1706838B938460021FFF73DFF38460121FFF739FF306818B138460121FFF7AD
:202B800097FF10350120641B20600020F067C6F8C000F0BD0020704710EE00088002010038
:202BA000000010C0000014C010160100F0B50C46002A014614BFA578E57BB54B40F284429A
:202BC00002FB013000F53470067802FB01F707EB86029B18D3F8E8724FB147683FB96A0850
:202BE00005D2012000211D22FDF7A5FA0DE0406805F00107074305D1002001460246FDF795
:202C00009AFAF0BD0846FFF79DFD6949E0784870607B8870207B0B78C870580834BF002037
:202C2000207A087120794871580834BF0020607A88716079C871580834BF0020A07A0872D0
:202C4000A079F02748725B48E27907708A72CD72E1780571C170E1794171217B8171677B5E
:202C6000002F0CBF00214021257A627AA77A5219BF180CBF0022202241EAC3110A4302720B
:202C8000A1794172617981722179C172F0BD10B5D64C0A01FF2142F00102C4EBC0142046F0
:202CA00009F078F9052008F0DFFD0F210022204609F070F910BDC046CCFEFF043E4A40F23D
:202CC0008443102103FB002252F8040F002818BF012002D1491EF7D10020704758EC00083A
:202CE00074E90008E4EB00082DE9F84F0646C048F401211A0F680022A4EB000B4021584685
:202D000009F048F9B949002507F04009884608F10400A4EB010A201A009050460F210122FA
:202D200009F038F9052008F09FFD50460F21002209F030F900980F2103223223FFF7D8FC9A
:202D4000DFF878C0071C14D028460C2800F10105E3D3604640F28441903801FB0600D0F8DF
:202D6000845035B10021C0F884100122C0F888200160414640F284424FF08060B9F1000FF1
:202D80004FF00105A1F1040102FB06C6A4EB0104206004D0402158460A4609F0FBF83560D6
:202DA0003846BDE8F88FC046E0FEFF04F0EB0008A6F3000890F30008C8ED00086CEC000856
:202DC0002DE9F04F324C40F2844AADF1400D0AFB00FA0F905444D4F8D80238B184480F99FC
:202DE0000022C0EBC110022109F0D4F868460021342208F08BFF272080218DF80000D4F86D
:202E000054728DF80110002F0CBFEC20A1204FF40072DFF83C838DF80200CE4F0D92396860
:202E2000089208EB0100002108F070FF0F9869460022FFF7F4FC0E90002840F0B9810F9847
:202E400000210A46FFF7A1FD00280E9040F0B0810F98664DC6010121002241F65833A5F189
:202E60000C00301AFFF744FC0346002B0E93304640F09E81E049411A096811F0210F1CBFEB
:202E800001210E910E9E3968002E40F0918101E088E900081C350222401B02600D9A4646F5
:202EA0007118204608F052FF002504F52378A4F86052A946C4F870523F68C4F894520822F3
:202EC000A4F85E52404684F86392294684F8629208F01CFFC346F619A4F8B4520A27C4F816
:202EE000BC52DFF86CC3C4F8B85206F11402A4F8CC52308884F8A8920CEB0A01C0F3C0103E
:202F0000C4F8580232F8020B03067F1E4FEA202040EA134021F8020BF4D10CF1140006F1D5
:202F20002E020427504432F8021B0B067F1E4FEA212141EA134120F8021BF4D1604606F11C
:202F4000360214271C30504432F8021B0B067F1E4FEA212141EA134120F8021BF4D1B06F16
:202F6000002104F51E7282E80300D4F8540240B1B6F87C7028466FF30E0707B10120C4F813
:202F80007002B6F87E00A4F85C02B6F86A00800824BFB6F88000A4F86002B6F88A10B6F8F4
:202FA0009600C1F38032C4F8C42200F01F0084F89D02C1F34011C4F8C8120728A8BF0720F1
:202FC000B6F89810012784F89C02C1F30023C1F34022C4F898320320C4F864220A4607FA30
:202FE00000F1114206D1401EF9D105E0D4FEFF04ECFEFF0484F86302B6F89C10B6F89E0060
:20300000B6F8A0304FF6FF78C1F38001C0F38010C4F868129845C4F86C021CBF002B84F83F
:203020006232B6F8A600B6F8A810C0F38022B6F86A30C4F87422C1F38011C4F88812D808D8
:2030400024BFB6F8B000A4F85E02D4F8740280B16FF0704004F51E71C31706C99A4208BFDD
:20306000814206D104F51E7006F1C801082208F06DFEB6F8A800400A10D306F1D801C4F8D3
:2030800094725846082208F061FEB6F8D8006FF30B00B0F5A04F18BFC4F89452DFF8A8C2CA
:2030A0000F98C4F8AC7240F2844E0EFB00C404F51E7090E8000CB6F8D400C10B4CD3C11372
:2030C000C903B1F5004F47D0400B0CD3B6F8EC10B6F8EA006FF0004240EA0140411E8A4275
:2030E00088BF45000D950D98C4F8A002B6F8D400810B3CBFD4F8A002C4F8B0023CD300F0BB
:203100000F000F9F84F8A8020EFB07C494F8A8124846814214D8D4F8A002D4F8AC22B6F8BF
:20312000A2114243C4F8B022CA0B25D3CA13D203B2F5004F1CBFC1F30D01A4F8B4121BE05A
:20314000D4F8AC22401C5200C4F8AC22E1E7C0461016010010EE0008D4F85472002F0CBF16
:203160000D984FF40060C4F8A0020F9FC4F8B0020EFB07C4D4F8A002C4F8A40204F5207060
:2031800080E8000CB4F8B402A4F8B602B6F8520110F00100C4F8C00205D0B4F8D20000B979
:2031A0004046A4F8CC02B6F8B201A4F8CE0205E00020C4F8D8020127C4F8DC72D4F8D802DF
:2031C00038B1C0480F99C0EBC11002210A4608F0E1FE0E9810B0BDE8F08FB949C1EBC01088
:2031E0000068C0F303107047B748012100224FF47A730160FFF77CBAE0FEFF04F0B50F460F
:20320000514940F284420446002502FB0410C0F8D8520126C0F8DC62204607F09FFB204640
:2032200005F03CFFA748AA49A84AA300C0EBC410C9180560202414600C6814B12FB13746D4
:2032400001E0A548C550A348C7500E60F0BDC04698EB00083C4A40F2844180B54843102769
:203260000021831803F244437F1E43F8041BFBD18018C0F83C14C0F8401480BD2DE9F04F15
:203280000546314840F2844780466F4308EB070404F52674C0192668D0F8D8A28B46002EBC
:2032A00004BFEE014FF0000904D08D48EE01301AD0F800902846FFF79EFA82480C38361A80
:2032C000306800F0880049EA00005BEA00000ED02846FFF709FD18B10020206401266664C0
:2032E000BAF1000F03D028460121FFF787FF2846FFF71BFC79480068032823D1BAF1000FB8
:2033000020D02846FFF7DAFCE0B9D4F89C00C8B1D4F8A41107EB81014144C1F83C03D4F8CB
:20332000A401012607EB800708EB0700C0F84464D4F8A401401C1028C4F8A40124BF002085
:20334000C4F8A401BDE8F08F88E900082DE9F04FDFF884A1CB4C5F49DFF874B100273846BE
:20336000524627605B4643F8047B42F8047B401C41F8047BF7D05B4808F041F8DFF86881AB
:2033800001254FF07B464FF48031F56040460A46C038376008F0FEFD102140460A4608F067
:2033A000F9FD082140460A4608F0F4FD07210222404608F0EFFDFFF717FF08BB02207060B8
:2033C000DFF8FC80D6F80C903E4605FA06F019EA000F13D0304600F08DF860B1C8EBC6103D
:2033E000006800F00F00032808D0B0004BF800504AF8007002E02068401C2060761CE4D0E2
:203400002168384601B92846BDE8F08F2DE9F04FDFF8DCA040F28442064602FB06A505F5CB
:20342000367528688B4670B3DFF89880F4014FF00009A4EB0807C7F8009008F043FC304697
:20344000FFF708FF30465946FFF718FF2D68F868002D0CBF4A46254A414610F0880FA4EBB4
:20346000010422600AD01A4850F8260030B98548006808B1CAF8D892FFF768FF062029214B
:203480000322FCF758FEBDE8F08F2DE9F0417D4C924F8046402620683E6170B10025B8F167
:2034A000020F18BFB8F1030F04D128460021FFF7ADFF20686D1C8542F1D33E60BDE8F08113
:2034C000D8FEFF04ECFEFF04040000FB40FEFFFF68E9000870E900086CE9000844F900088F
:2034E000CCFEFF048B340008780100FB5F00007988E9000863492DE9F04F40F284424FF03B
:203500000009ADF1180D1431039002FB0018C8F8D8920446C8F8DC9207F020FA204607F0E2
:203520005BFB0590204605F0B9FD6D4A2046C401A51A6A4A20211161C5F80090402145F89C
:20354000041C012181400291C44A5160C14969600221FFF79CFB4CF21101DFF8FCA26868FE
:20356000CDF8109001421FD0FFE70398FFF743F988B9B74810214A46251A284608F00AFD54
:2035800028464FF480414A464FF4FA630090FFF7AFF8071C0CD00398FFF7A6FB0746AC48EA
:2035A000201A009027B111E0A9484F46201A009050461038211A48680E68064303D0039832
:2035C000FFF792FB07460FB9C8F8D492BC4E039930684D024FF4807205EBC12549462818C6
:2035E00000F5803008F092FBDFF8D0B2306849464FF480722818584408F088FB0195316866
:20360000019B50462430201A6A1802F5803202605D465918C0F804906918816000981021D2
:203620000A4608F0B7FC17B10398FFF75DFBC7480F210322FA23201A8346FFF759F80746C6
:20364000DFF880A20498401C0228049002D8002FEAD100E0C7B9504689214A4647F230530B
:20366000201AFFF745F8071C40F0BE807A484FF6FF7140F201120A23201AFFF739F80746B5
:2036800005E0C04674E900080120C8F8DC02002F40F0AA800398FFF748FA6F483168201A35
:2036A00002680198403501275FFA92F65FFAA2F3012E084405444FEA126102D0D0B20128AE
:2036C00006D153EA01060DD0EB2908BF142B01D05FB110E03846C8F8540205E030FEFFFF62
:2036E000ECFEFF04C8F854924F4608F500702946102208F02BFB002F76D1D8F8540228B101
:2037000000984FF080710A4608F044FC0398FFF757FB071C05D10398414607F0D8F800B9DB
:2037200001279C484FF470614FF44072201A08F031FC002F58D198F8630202283ADB0398EE
:20374000FFF74BFD022835D2039D2846FFF753F82846FFF7C9FA2846FFF73FFD02281BD2CD
:20376000FFF742FD02253D4939480D603949201A0160FA2007F0A6FF03982946FFF787FA25
:20378000009810210A4608F005FC58460F2103223223FEF7ADFF074637BB504689214A461F
:2037A00047F23053201AFEF7A3FF071C1CD10398FFF7BBF903984946FFF716F9071C13D1F1
:2037C00003980121FFF710F9071C0DD10398C8F86892414607F088F9002808BF012703D0EE
:2037E000039807F0F9F905901B491C4B029A4FF0FF306FF040060C39651A2860002F45F87E
:20380000206C4FF0010A5A6040D1039EC8F8E0A2304605F025FCBD48BD490861304607F0B7
:20382000DBF9059981421BD155F8080C00F00F00032815D155F8200CC00911D2C8F8D8A297
:20384000C248B34945F81C0C60260E601AE0C046E8FEFF0402000400DCFEFF04040000FB3E
:203860003A48201A006800F00F00032802D0304607F0A3F930464946FFF7C0FCA44940201B
:20388000574608604FF40010086067B1BC49039851F82000C8F8DCA208B94FF04009B948BF
:2038A0004946241A2160D8F8380310B1014603988847384606B0BDE8F08FC04600010100DD
:2038C00010EE0008E0FEFF042DE9F04F05F0A0F900284DD1AA48DFF80093002635464FF09C
:2038E000010B2F46A0F10408BA4658F8040F00283AD0A54CA41923682BB13846FFF7DEF9B5
:20390000002831D125603846FFF7D8F950BBBF4880190368E3B10D49C1EBC711096801F0CD
:203920000F0103290DD1C8F80050056038462560FFF7E0FDC0B9D9F80000401CC9F80000BB
:2039400012E0384607F039F90EE0C046D8FEFF04C0F800B03846FEF74EFF08F0B3F9C9F874
:2039600000A001E0C4F800B07F1C06F10406BCD0BDE8F08F10B5A64C4FF480710A4620466D
:2039800008F008FB4FF480710022204608F002FB10BDC046D4FEFF04F0B508F0A6FA9D4DAC
:2039A000686DC0F30327002F00F09B8006F0EEF8894C002863D1286800F00F0004285BD028
:2039C0002169022F56D9944A1068401A032898BFA06802D9116800202161401C08284AD324
:2039E00000271068A760401A032845D8D4F8EC0204F1140640B9286930B10120C6F8DC028E
:203A00003846FEF7F8FE37E0D6F8D8523846FEF7F2FE3846FFF768F910B1642007F024FF97
:203A20001DB138460121FFF7E9FB3846FFF77DF8E068401CE060FDB13846FFF73FF9D8B986
:203A4000D6F83403C0B1D6F83C1406EB8101C1F83C03D6F83C14012506EB8101C1F844545F
:203A6000D6F83C04401C1028C6F83C0428BFC6F83C7401E00020A060FFF77CFFF0BD2868A2
:203A8000D4F8EC7204F1140500F00F00032802D0002007F092F800200121FFF7AFFBFFF779
:203AA00069FF0026A660E7B13046FFF707F9C0B9D5F83403A8B1D5F83C1405EB8101C1F850
:203AC0003C03D5F83C14012705EB8101C1F84474D5F83C04401C1028C5F83C0428BFC5F83D
:203AE0003C64F0BD4D4B40F2844250431950704703464A4880B500270C38036041608260D5
:203B00007F1C00F28440F8D080BDC0466000200030FEFFFF70B504460846B4B9404D194984
:203B2000602200262A61C1EBC4110E6038B108F0C9F82046FEF75FFE2046FFF7D5F820467A
:203B40003146FFF75BFB4020286070BD5F00007990B598B9314A324C324B40F2844141432E
:203B6000603A5758236127B90121FFF747FB402000E0602020604FF40010206090BDC046D8
:203B800068E90008ECFEFF0470E9000890B54FF07B404FF08061104CC0F83011D4F8EC72A0
:203BA000D0F82801143400F00F00032802D0002007F003F800203946FFF720FB2FB3C9481B
:203BC0000068032821D10020FFF778F8E8B9D4F83403D0B102E0C04674E90008D4F83C144C
:203BE00004EB8101C1F83C03D4F83C14012704EB8101C1F84474D4F83C04401C1028C4F8DA
:203C00003C0424BF0020C4F83C0490BD6CE90008780100FB280100FB30FCFFFFC0EC000845
:203C200030FEFFFF600020002DE9F84FAE4E30684008C0F05481DFF8C092D6F808010127F2
:203C4000CB46D6F80C51C6F808010540E80980F03E81A648284240F02881A8480346D0F8CA
:203C600000C01C68280942D31846DBF85014DFF880E203684FF0000888000EF1180E00EBA2
:203C8000C10000EB0B020BF1140182F8908340180EEB0302FD2380F87D33127880F87E238C
:203CA000D6F82C21DBF83C335A40C0F88023DBF84033DBF83C039043CBF83C03BBB1D1F850
:203CC0003C24D1F82C0301EB8202C2F83C03D1F83C0401EB8000C0F84474D1F83C04401CD9
:203CE0001028C1F83C0424BF4046C1F83C04E80834D3DBF850148800002300EBC10000EBC1
:203D00000B027B4982F890333E3961440B780BF11402801803F01F0C0B6980F87DC3494673
:203D2000C0F88433D1F84433BBB1D2F83C34D2F8300302EB8303C3F83C03D2F83C0402EBCD
:203D40008000C0F84474D2F83C04401C1028C2F83C0424BF0020C2F83C044F60680846D3A6
:203D600063480146D9F85084005D3A46891E0919C0F34010C9F8E8020020FEF717FF4FEAF4
:203D80008800002100EBC800484400F56470017099F8E412564B4170195D584C554B81707D
:203DA000216899F8E42201EB42115C5809F1140184600CB158464760D1F82C43ACB1D1F89D
:203DC0003C0401EB8000C0F83C43D1F83C0401EB8000C0F84474D1F83C04401C1028C1F8C5
:203DE0003C0424BF0020C1F83C0444480468A80852D33F4859465A464F60223800EB0408F4
:203E0000D2F8501498F80F30584600F11404880033F07F0300EBC100204400F55F7A3BD1E7
:203E200094F8D012D6F830010142FBD1002041460246FEF7BBFE00208AF8000094F8D00269
:203E40002E4B8AF8010098F802002A4A8AF80200186894F8D01200EB41101058CAF8080080
:203E6000D4F82C03A8B1D4F83C1404EB8101C1F83C03D4F83C0404EB8000C0F84474D4F8B2
:203E80003C04401C1028C4F83C0424BF0020C4F83C040220C6F80801680E1AD30020FEF7F2
:203EA000AAFC0020FEF741FE13E0280F0AD2E80F08D300200DF101016A46FEF734FC00201B
:203EC000FEF740FC00200146FFF7D8F901E0FFF75DFED6F8080100287FF4B3AE3760BDE842
:203EE000F88FC04644F90008080000FB10000078420101000400010074E9000810EE0008B1
:203F00002DE9D043144681460F1C08BF00204DD0C148DFF890820068032818BF002309D1CF
:203F20004046A03050F824004088030203F47F4343EA2023832049463A4601F047FB061CC2
:203F40002DD0042E31D1404600EB84025832116805292AD000F51A710B6800EB8303C3F8EF
:203F6000E891D0F8683200EB8303C3F80872D0F8683200EB8303C3F84842D0F8684201270E
:203F800000EB8404C4F82872D0F8683240695B1C984298BF00230B600520106005E0404617
:203FA0000921046100EB840081653046BDE8D083F0B50746BF480168BD4C7A484FF0000C37
:203FC000BE00054601EB4711AA19641884F801C08119D1F8A010926D891C0B8858303618F8
:203FE000092A63800DD0072A0BD00B2A09D00A2A05D0082A03D00C2A18BF012034D107224A
:2040000000E006222270AB683BBB2278062A0BD1D5F86C2205EB8202D2F8482250F82200EA
:204020000B2801D1974218D17B480068032818BF634605D10888030203F47F4343EA20234F
:2040400082202146042201F0C1FA00B9EF6108B90121A960042801D0F0BD042021780629FA
:2040600014BF0C210B213160F0BD6B4BF0B51B6814460D460646032B18BF002308D18B482B
:2040800050F824004088030203F47F4343EA2023032031462A4601F099FA074641487FB12A
:2040A000042F12D100EB840158310A68062A0CD04663856304640122C26306260E6004E0B4
:2040C000C4600A2100EB840081653846F0BDF0B5514A7A4D7A4C12680F460646022A02D12A
:2040E000FFF766FFB0B9744850F8260008280BD00A2809D0072818BF09283DD1284639468A
:204100003246FFF7FDFEF0BD204639463246FFF7ACFFF0BD04282FD1224A02EB8600806DE6
:204120000C2824D00B2827D102F51A70016802EB8101C1F8E851D2F8681202EB8101C1F875
:204140000872D2F8681202EB8101C1F84862D2F86832012402EB8303C3F82842D2F868126A
:204160005269491C8A4298BF00210160F0BD5463976316640120D063F0BD2DE9F04F094EF5
:204180004C4A4B4C82460F464FEA8A0906EB09011068CB6F002500EB4A10241823B927B9FA
:2041A00008E0C046F4F30008022706EB09000121C0F8C41020462946222207F0A7FD032179
:2041C00009EB0600217000F1A008A771D8F800004088AB466080022FA4F80EB00BD104F1DE
:2041E00010002946FCF7D9FB0546A8B22906001240EA1140E081D6F89C0106EB8000D0F813
:20420000580106F5AC7758BB034800681035032818BF5B460AD101E040F90008D8F80000AC
:204220004088030203F47F4343EA2023822021462A4601F0CBF908B9C6F81CA070B9FFE710
:2042400006EB090010218165706950452CD9706A401C00F03F007062BDE8F08F042823D15F
:2042600006EB09005830026801210D2A13D00D220260D6F8980147F82010D6F8980107EB56
:204280008000C0F820A0386C401C0828A8BF58463864BDE8F08F786C401E48BF07207864E5
:2042A000D6F89C0147F82010BDE8F08F94F40008F014010010EE00084CF40008000010C04D
:2042C000000014C02DE9F04FCF4C064631192C31B54B0A78B700381900F1A00984F8542093
:2042E000D9F80000A2191030606492F82C5040F284426A439D588A46002D06BF002184F82F
:20430000561084F856600078E02803DBE828D8BF062000DD102084F855003D194FF0000B5C
:2043200004F14400C435C5F800B0FDF713FA8046B8F1080F00F08280B8F1090F31D0B8F1FA
:20434000000F0AD0E019806D092803D00A2804D1032000E0832001F040F801202860626940
:20436000B8F1120F0ED0E419A06D0A2800F08580B8F1000F14BF022159463046FFF7FDFEB0
:20438000BDE8F08F04F58470016804EB8101C1F8E860D4F80811491C8A4298BF59468B4654
:2043A00069E0CC484FF001080068C5F80080022818BF584602D13046FFF7FAFD0028216D28
:2043C000C54BAB482DD0E219926D0B2A55D11A68D4F8685204F5F473821804EB850541F2DA
:2043E00014008842C5F8E82188BF081CD4F8681203EB81010862D4F8680203EB800006667E
:20440000D4F8680203EB8000C0F840806169D3F88000401C814298BF5846C3F88000BDE877
:20442000F08F41F214028A4288BF0A1C1B681146C0183246FFF764FDBDE8F08F9AF8001034
:20444000C24A40F2844000FB0120D0F8980228B1D9F80000007CFBF719FF70B904F5847096
:20446000016804EB8101C1F8E8606269D4F80811491C8A4200D859460160BDE8F08F2DE96E
:20448000FC4F614C0746BD006019D0F8A06001A906F110094846FCF7BFF906F1100B80460E
:2044A000B8F1000F484619D1E1193F4B91F82C2040F2844606FB02F15E581EB10078FBF794
:2044C000E5FE28B9019800280CBF0A20092009E0019800280CBF0820072003E0B8F1050FD5
:2044E00002D10F2061198865B8F1010F51D05846FBF7E6FE3E192C366119DFF850A2C867DA
:20450000307840F2844909FB00A0D0F89802A0B99BF80000FBF7BAFE78B1317809FB01A0E1
:20452000D0F8D80248B158466A46FCF721F958BB00993846FFF7CBFD26E06019806D0A28FF
:2045400022D164480068022803D13846FFF730FD8046614801689948B8F1000F0CD0B8F1BF
:20456000040F1FD1401860634FF48056A66327640125E563BDE8FC8F40183A464FF48051E6
:20458000FFF773FDBDE8FC8F3846FFF79BFEBDE8FC8F052020210022FBF7CDFD3846022163
:2045A000FFF7EBFDBDE8FC8F20EC0008F0B5164CA06A656A002814DD04F55C7604F15803C5
:2045C00006EB85010A6853F82270032F33D0042F07D0401E05F10105A06205F03F0565627A
:2045E000EEDC04EB850101F55C710A6804F1580656F82230032B1ED0042B38D167682FB151
:204600006D1E30D430E0C046F4F300086C4F07EB85000068FFF733FF20686D1C05F03F05FA
:20462000401E206023D007EB8500016856F821100429EED0F0BDA318624A93F82C30C2EBB7
:20464000C31252F8043C17681F430AD1676847B9012060600868FFF712FF2068401E2060B2
:20466000F0BD6D1E00D53F256562401CA062F0BD10260100F0B50E461749C54D0968074697
:20468000082201EB471000212D18284607F03EFBC04C04202946BD00087064192068801C34
:2046A00002884A800B4ACE711268032A18BF002305D10088030203F47F4343EA2023822043
:2046C000082200F083FF0646CD489EB3042E3BD104E0C04640F9000810EE00084219583238
:2046E00011680E290ED1D0F8E41100F5D0724B1E0029D8BF07235364D0F8E411012742F80E
:204700002170F0BD0E2300F5F07113600A68012600EB8202C2F8A061D0F8E02100EB820266
:20472000C2F8C071D0F8E001401C0828A8BF00200860F0BDC7612368012241191A741027C8
:20474000C1F8C42040198765F0BDC04688E9000830B50446CD488E490068A94D00EB441093
:204760000918CB48CA89CB890068120202F47F42032842EA132202F1100218BF002309D1C6
:204780002846A03050F824004088030203F47F4343EA2023822000F019FF68B9284610220E
:2047A000C46100EB84018A654169A14204D9416A491C01F03F01416230BDC046101601000D
:2047C00064F70008C8FEFF04F0B58D4C04F11C052A6890002118896D3C35102953D12118C1
:2047E000D1F8A010097C04F1A006012913D00027A7603058007CFBF749FD50B1E269A018A5
:20480000BE4990F82C3040F2844058430B580BB101E0E2696760900021186769D1F8C430B4
:204820006BB300232B506169914228D931584888C0F3052004EB8006D6F8700204F51C7CA7
:20484000891C401EC6F8700204D50888C0F305204CF8203004F5A870016804EB8101C1F8AC
:204860003021D4F85021012604EB8202C2F81061D4F85011491C8F4298BF191C016020680D
:2048800008B1FFF793FED4F89C0104F5AC7281005758002F6ED1D4F8E40104F5D07280004E
:2048A000175857B111180027096A1750506C401C0828A8BF381C506400E001277348006875
:2048C000002F4DD07248006802285FD1A06800285CD1E06B20B1206C55F820100C2933D056
:2048E000D4F86C0280000119D1F8481255F8211004F5F4760B2949D13018006EFFF758FB93
:20490000002843D1D4F86C0206EB8000006E052145F82010D4F86C0280008219116A305857
:20492000126EFFF7EDFA88BBD4F86C02002106EB800001646269D6F88400401C824298BF12
:20494000081CC6F88400F0BDFFF732FBF0B9606BA16B226CFFF789FB08B90020E063F0BDC8
:204960000B4A00EB4110D21D125C08461146FFF781FEF0BD50180023006A5350516C491CC8
:204980000829A8BF191C5164FFF7E2FEF0BDC046F014010094F400085849F0B5086C28B1E4
:2049A000086800281CBF0879401C00D10820144C0021482204F588756061284607F0A6F908
:2049C0006169012604F154070022134657F8040F012810D099423A600DD9D4F8500105EB48
:2049E00080000362D4F8500145F82060D4F85001401CC4F850015B1C092BE7D3F0BDC0465A
:204A0000F4F3000830B50446032000F0E6FC832000F0E3FC07F048F9C54D0021482205F542
:204A2000AC7007F073F90021882205F5F47007F06DF90021102205F1340007F067F900217C
:204A4000242205F17C0007F061F900214FF4807205F51C7007F05AF90021242205F1C40006
:204A600007F054F90021282205F1E80007F04EF90020A8606860286028626862A862E8604D
:204A800028610CB1FFF788FF30BDC04610EE000840F900081948F0B54438006808B107F07F
:204AA0007FFAFFF779FFAF4AD7682FBBA0480446D4F8541100F588708900475867B1431802
:204AC0001D6AA56100264650416C6369491C8B4298BF311C416400E0A569A448A24912883A
:204AE0000068002300EB45100918022000F06EFD04EB85040120A065F0BDC04620EC0008E8
:204B000010B58B4C0021242204F1580007F0FEF80021482204F5D07007F0F8F8022000F09B
:204B20005CFC822000F059FC0020FFF76BFF90489049914AFEF7DCFF90490020FEF7D2FF9B
:204B40008F49086808B9486808B1FFF7A3FF10BD8C4930B5822006F047FC8B49022006F0FD
:204B600043FC8A49832006F03FFC8949032006F03BFC884806F034FC7C4D7B4C28680021F6
:204B80004FF49072201807F0C1F8834829684FF490724018002107F0B9F865492A680920BD
:204BA000A031A41841F8044B401E04F12004F9D130BDB0B50F4601460B784FF0FF3200249A
:204BC000981125D0401E1DD0401E17D0181103F00F0300F00305012B08BF10F0030F17D095
:204BE000022B09D1012D07D14B788878CA7840EA032042EA00220CE001240AE04A7802F059
:204C00001F0206E04A78180200F47C50024300E04A7807B13A602046B0BDF0B55F4F604CE6
:204C200000231D4657F8046F7688B04209D1E658012E06D9102E04D2AA421CBF0D600120AD
:204C400004D16D1C1B1D092DECD30020F0BD704770B5374D06462C46E06880002118896DE7
:204C600058350A2918D12018D0F8A000007CFBF70DFB20B97068A064E068FFF723FBE0681C
:204C80008200A118D1F8C410002904BF0F20A85002D00021FFF771FAE06B58B1226C55F8A6
:204CA0002200062806D1606BA16BFFF7DEF908B90020E06370BDF0B51D4C04F11005286830
:204CC00081006218926D4835092A0AD16218D2F8C470002F04BF0F20685002D00021FFF715
:204CE0004CFAD4F86C028100081900F50A70076804F5F476D7B1006A55F82000052815D1DF
:204D00008A197058116A126EFFF7FAF870B9D4F86C02002106EB800001646269D6F88400CE
:204D2000401C824298BF081CC6F88400F0BDC046F4F300080246CD4890B543690121092B50
:204D40000ED200EB8300C3F10904543050F8047F27B1641E03F10103F8D101E01360002165
:204D6000084690BD14FA0008D013010010EE000869510008A550000821510008954A000878
:204D800060EC0008C9470008A54D0008B74C0008514C0008014B0008F014010090F4000818
:204DA0004CF400082DE9FE47B0490C461431A06963690A684E68834221D8D4F8543104F5BB
:204DC00088719B00CF58D7B1CA180025176ACD504A6C6369521C934298BF2A1C8600A761FB
:204DE00004EB87004A64A119D0F8A000D1F8A010202206F0ABFFA01985656269A66904F1A0
:204E000058084FF0020A48F826A0C34FDFF80C93D4F8540104F5887151F82030354633B946
:204E200004F11800FFF786FFF0B9A6690DE0D4F8540180000B181E6AA66100230B50486CC0
:204E4000401C824298BF181C48644946C54A086812880023394600EB46100918504600F0C9
:204E6000B5FB012048F826006069A84240F20E81206A494604EB80000A68C0F87053206A88
:204E80003E4602EB4512B618401C00F03F0020623078CC46012818BF052840F0F58006F1EC
:204EA000080001A9FFF785FE0198012807D13078012804D1307CA02804BF002001907088A7
:204EC0008111821101F0FC0102F0FC026318A218D3F870E2D2F87012071204F51C79BEF1DB
:204EE000000F4FEA006301F1010147EA1347C2F8701206DD69462A46FFF78FFE002840F06F
:204F0000A3809DF8041028192C3001703278DCF8001004F12C06012A55D0052A40F0B4801F
:204F200004EB85009DF80430D0F8A010002B01F1020746D10879401E0DD0401E2BD0801ECC
:204F400029D0001F27D0083825D0303821D0403802281ED91BE0C888FF2202A9FFF75DFEB3
:204F6000B8B10298800058F80010012911D904290FD8002648F8006031462846FFF77AFB10
:204F800020680028C4BF401E061C304656E0042112E0052110E0705D0121FEF737FA01204F
:204FA000FFF730FD38880021801100F0FC0059F80020521C49F800202846FFF75BFBBDE8D1
:204FC000FE870921F8E70778002F3AD1BC4A40F284407843175837B1B74801EB4511405C9F
:204FE000FBF754F990B92068616850EA01070BD1725DB449C1EBC21151F8042C0F68174325
:2050000004BF0120606010D0032114E02068616850EA01070ED1725DA849C1EBC2110A68D1
:20502000012707FA05F1114204D12846FFF727FABDE8FE87042148F82510401C2060BDE85F
:20504000FE87052025210CE03078012810D1009804EB8004D4F8A0000078012808D10B20A6
:205060004E210022FBF767F8514616E0F4F3000801980021FEF7CAF90120FFF7C3FC07F093
:205080003F070A21B80092E7514695E704EB8504D4F8A0000121017428212846FFF76DF8CE
:2050A000BDE8FE8770B506468748006802282DD1864D2C46206980002118896D58350F29B4
:2050C00006D12018D0F8A000007CFBF7DFF898B9E068800029580F2918D12018D0F8A000B9
:2050E000007CFBF7D3F888B1E068012104EB8000C0F8C410E06806E02069012104EB800091
:20510000C0F8C41020690021FFF737F87078B168FEF7DDFF70BDC046D013010010EE000845
:205120006A4890B5D0F80C1100EB8101D1F8E84000EB84018F6D00F1E80297B1516A406942
:20514000491C884298BF00210320516200F045F9832000F042F906F07FFD20460221FFF7E5
:205160000CF890BD14FA00082DE9F04F06467078FD2856D0554AD2F80C5102F1140102EB39
:2051800085000B68D0F8E84002EB8400876D443102F1E80067B9D2F80811A94240F3898048
:2051A000416A491C8B4298BF00214162BDE8F08F456A6D1CAB4298BF00254562B5786D08E9
:2051C00027D2A00001238218C2F8C43008580F281AD0092868D1D2F8A000007CFBF756F8B9
:2051E000002861D138480068022804D12046FEF7DFFE002858D1364936480A68B1688018C5
:205200002246FEF77DFE4FE020460021FEF7B5FF4AE0416A491E48BF591E4162FFF780FF85
:2052200042E0B07840083FD2776817F0FF0F18BF002409D117F47F4F18BF082404D117F446
:205240007F0F14BF10241824204D6869A0422BD94FF0010905F1580AC846CB4609FA04F1A1
:205260000F421ED0A1005AF801000F280BD0092805D0052803D00A2818BF0B280BD168184B
:20528000C0F8C48007E06818C0F8C48000212046FEF773FF77680BFA04F04740776003D0B8
:2052A0006869641C8442D9D30848006808B1FFF77DF9BDE8F08FC046E0130100CCFEFF0463
:2052C00020EC0008C8FEFF0440F90008F4F3000810EE0008101601002DE9F047B84D0746F5
:2052E00078009A46914688464FF47A7620F4807040EAD710040103E0012006F0E3F9761EFA
:20530000601B0168C90A47D2002E47DD08F0FF06D14A40F808AC072E40F8049C08D111462A
:205320000C31096841F28A038B4238BF414602D348F48061601B082E01602AD1FEB21146AE
:2053400036F07F0608D007F07F02D00000EB4210081800F5907006E007F07F02D00000EB17
:20536000421008188030466A9EB1380A0DD3C86B00280CBF062005204FF07D42D36801211E
:205380000A3081405940916003E04FF07D418869C8610020BDE8F087002EADDC0220BDE8D4
:2053A000F087C2B232F07F01864A1ABF111CA031111C00F07F03DA0002EB43128918C9692B
:2053C00000220904134641F00701FFF785BF42007D481E2106F0DEBD704770B5794C05460F
:2053E000E8B230F07F0018BFA03405F07F01C80000EB41102418206A10B3E069002240F626
:205400000811134641EA00412846FFF765FF08B90020206206F069FD694C680020F4807006
:2054200040EAD510060142F2107503E0012006F049F96D1E301B0068C00A03D2002D03DD77
:20544000002070BD002DF1DC022070BD2DE9F041814D0646F0B230F07F0718460B4607D186
:2054600006F07F04E10001EB44116C18803407E006F07F04E10001EB44116C1804F5907456
:20548000A3619968E160A260002767601A68010441F4837122603A46E0823046FFF71CFF3B
:2054A0005FEA00081BD1012020622869032816D0454C04F108000068C0F3834002280ED1F5
:2054C000300A0CD320464FF4F0713A4606F062FD20464FF4F0714FF4807206F05BFD4046C1
:2054E000BDE8F081B54810B500235B4C0168E3610068636201F5893100F5863008604B60C2
:2055000008228A602320C8601846FFF79FFFE06A08B903F0FEF810BD30B50446E0B230F078
:205520007F0014BFBF4D274D04F07F01C80000EB41102D18686A10B12046FFF74EFF00227E
:20554000204604211346FFF7C7FE08B9012028610CB9FFF7C7FF30BD4006820DB2484FF4C1
:205560007E7106F017BD704770473B4810B50169032918D0C06DB0B1AB480C300068C0F366
:205580008340032818BF05280DD10F4C4FF4F0710022204606F0FEFC4FF4F0714FF48072EB
:2055A000204606F0F7FC10BDA049020A28BFA03120F08000C20002EB401008587047C04676
:2055C000F437FF03B0F9000804C700FC2DE9F04FC7B2ADF1180D1C468C46039037F07F0721
:2055E00002921D48019408D1039901F07F01CA0002EB41128518803508E0039901F07F01E6
:20560000CA0002EB4112851805F590752F6A00F10C010590002F18BF042040F0B980844A57
:205620006046824204D0834A824218BF002200D101226A62614BDDF80CA07F4A1B681AF05F
:20564000800A0BD1AF8A029C4032E419641EB4FBF7F4674303E0C04630F90008029F6E6A45
:20566000D84CDDF80CC0002E04EA0C0403EB041422447AD0DDF814C0DCF83C403A46002CDE
:205680000CBF4FF400354FF44035DA480027BAF1000F08D1B03001F5F8714FF4003E4FF034
:2056A0000808C0180AE001F5DA71C018002C14BF4FF4804E4FF4004E4FF00A08019E01EB82
:2056C000870340F6110B00906FEA0509340403F1040C4BEA940BCDF810B096458CBF151C0B
:2056E00075464B6BDDF814B009EA03034B63049BDBF80C4041F20A26521BA64207D1019E0C
:205700002EB1002F04BFBAF1000F23F00103002A14BF042402244E6B4FF0000B06607F1C98
:205720001C43C0F804B04E6B8560AB194B63C4601030CCF800501AB1B8450CF1040CCCD89D
:20574000B84509D1DDF800C0C0F800C05F4647605E4686608123C360CF62019F0A60DC466B
:205760008F63009AC1F830C00CE0019E10604FF0000C40F61300C2F804C03104976040EA91
:205780009100D06011460398019B029AFFF75EFE06B0BDE8F08F10B501242046FFF71DFE91
:2057A00044F08000FFF719FE641C032CF5D910BD09040A0C00230221FFF78EBD10EE00082E
:2057C000C84A70B512680D460646042A0EBF4FF40070D94830F81200D8494FF4A063A1F870
:2057E0009400C400A1F83401224601210020FFF773FD2DB10020022101220346FFF76CFD87
:20580000DD4B06F01F068020012144EA4642FFF763FD2DB18020022101220023FFF75CFD41
:2058200070BDC04650FA000800C700FCC0F90008000010C0000014C0101201002DE9F0434F
:2058400017460E460546FFF7A6FFD04C4FF040414FF08042204606F09DFB2A462068C00F19
:20586000FCD2A04CDFF8209304200025103C09F11003206165611868E5616FF31F40E06034
:2058800002B1226006B1666007B1A760DFF848C3DFF8408304F10C0E04F168012A4641F805
:2058A000285F5600D0090D6126F480774D61521CC1F8A0500743C1F8B05008EA0606C1F834
:2058C000B450032ACCEB071740EA06003D604FEA001040F01000A0EB0C000560DFD9CC48A4
:2058E0000068C3F8E4524FF4007200F58531C3F8E01200F58530CEF82C02C44FC3F8E822CC
:2059000041F21A06CEF8301201F50072C3F8EC521F21C3F8E075E768CEF83422BE42C3F855
:20592000E81505D002216FF05F000A4606F032FBD948DA4FDFF85C83006848B9E06841F25D
:205940001A3181420BD94FF4806138460A4602E0D349D44A484606F01DFB40460068314646
:20596000F031814218D84FF4802138460A4606F011FB484601212A4606F00CFB4FF400310E
:2059800038460A4606F006FB4FF4803148460A4606F000FB404600687036864205D22846DE
:2059A000092102461346FFF797FC28460121FFF707FF0120A062E062322005F055FFBDE862
:2059C000F083C0467FFFFF0FD748006810F007000ED0401E08D0401E08D0401E04D0401E5A
:2059E00014BF0420032070470120704700207047022070479012010070B5504C0646206915
:205A0000032815D104EB8600C06D88B15F4D4FF4F0710022284606F0BDFA4FF4F0714FF426
:205A20008072284606F0B6FA84F848600120606470BD77490B68002814BFDB49D849D94A94
:205A40001268002A19440CBF0323042300220A604A601B018A6043F00303CB601346FFF73E
:205A6000F5BC8C4BF0B507460C46FEB2104636F07F0607D107F07F05E90001EB45115918BA
:205A8000743107E007F07F05E90001EB4511591801F58A710E6A9C46002E18BF04201CD102
:205AA0005B4B1D6847B9888ABD4B1118491EB1FBF0F61946704300E0BB4949190C60BCF807
:205AC0008840002384424B6098BF201C886040F65300C8603846FFF7B9FCF0BD0023FFF74F
:205AE00075BDC04640F9000810B5284C2068000821D3FFF750FE20464FF00041002206F02E
:205B000049FA20464FF4F0114FF4202206F042FA6048006841F28A01814208D94FF080416F
:205B200020460A4606F036FA2068C00FFCD24FF4FA7005F099FE10BDB4C3000830F90008AE
:205B40002DE9904188460022044603211346FFF7C3FB4146071C0BD1D04A600020F48070EF
:205B600040EAD410C2EB00121068C0F3846008603846BDE89081C0460005000203484FF016
:205B800000410A4606F006BA10C100FC04C700FC70B50446C2481546CA00A306260A42F081
:205BA000060243F4E06306D305F01F0543F00073A03042EA454224F08006F50005EB46156E
:205BC000415320460121FFF787FB20460121FFF7EFFD70BDFFFEFF0FF437FF0310B500227B
:205BE000052104461346FFF777FB68B9E0B230F07F0014BFAB48AC4804F07F01CA00002406
:205C000002EB41128018046110BDC0460400460010EE0008F0B50446A448006815469C46A4
:205C2000CA0042F00402032808BF42F07072A048A306012D43F440730AD9C66841F20A273E
:205C400043F08073B74203D1260A0CD243F40053260A08D224F08007FE0006EB471680192F
:205C6000A0F894100DE024F080070CF01F0CFE0043F0007342EA4C4206EB47168019A0F85C
:205C8000341120460121FFF727FB20462946FFF78FFDF0BD3CF9000818EE0008C0C200FC52
:205CA0000000F8FF000030752DE9F043804C04F110000068042870D07E4F4FF003091A49DF
:205CC000C7F800900868800CFCD3FFF764FDE06841F28A01814205D2774900200246034642
:205CE000FFF7FAFADFF8D481206908EB4000018900220120FFF74CFF206908EB400001897E
:205D000001228120FFF744FF0120FFF767FF8120FFF764FF23690F25002B3DD0E06B0126A5
:205D2000012820D102E0C0460CC700FC032B08BF022608EB4300018A012200230220FFF756
:205D400069FF0220FFF74AFF206908EB4000018A022332468220FFF75DFF8220FFF73EFFCD
:205D6000204603693F2508EB4300018B324600234846FFF74FFF4846FFF730FF206908EB8F
:205D80004000018B32464B468320FFF743FF8320FFF724FF45F0C0053D60BDE8F083C046E2
:205DA0005012010050F9000810120100F0B544493F4A0D68010A10D2D2F82812364CD2F89F
:205DC000FC31082705EB011102F5FE756418590C18BF4FF40033D16B16E002F5E076D16B12
:205DE000F36A384C0A2705EB031302F5E075E41829B93368DE0B18BF4FF4004304E0336801
:205E00009E0B18BF4FF48043002914BF4FF440364FF400362968002908BF01203AD0696B4E
:205E2000B14340F6110C2E686963F61AA96B2E604FEA01414CEA910C14BF042102216E6BC5
:205E4000266000266660A36041EA0C01E160E96A05EB81014B60696B5B186B63E96A491C17
:205E60008F42E96298BFEE62D16841F29A028A420ED9154A410021F4807141EAD011C2EB45
:205E80000112116801F0FF01072908BF301C01D0FFF787FAF0BDC04640130100F837FF03C2
:205EA000C4F9000850FA0008B0F9000840F9000830F9000820C700FC09000200B4C300083B
:205EC00010EE000890120100F437FF03C94900B5087848B108460178491E0170007818B9C4
:205EE000FFF702FE06F05CF800BDE24800B500214FF4B67205F00AFFBE490020087005F0A8
:205F0000E1FD03F060FB00BD02784178807841EA022140EA012070472DE9F841171C0E4647
:205F2000054621D04FF0000805F0FF04C4F58074BC4288BF3C1C4146CDF8008006200A465A
:205F4000134605F0AFF840B9CDF80080022029463246234605F0A6F810B10120BDE8F88109
:205F60003F1B25442644DFD10020BDE8F88110B500216C22044605F0C9FE9F4820609F483E
:205F800060609F48A0609F48E0609F4820619F4860619F48A0619F48E06110BD2DE9F04FF1
:205FA0001027ADF5867D6E460D784A788B78CC787F1E01F1040142EA052243EA022344EA5C
:205FC000032446F8044BEFD101AC30272668656B54F8043C216AF2084FEA952C7F1E82EAD7
:205FE000F61219448CEA754C82EAB6428CEAF5430A441344E36304F10404E7D1C26883693D
:20600000C6690168D0F80490D0F808E0D0F814B0DFF804C240274292E84641930269409635
:206020005CF8045B58F8043BDDF804A14FEAB21484EAF22484EA72645B19E418409B0BEA9D
:2060400002062AEA020A8AEA06057F1E25444FEAB10A419CCDF804B10EEA090640948AEAF9
:20606000713A93462B4409EA01040EEA0105429ACDF808E1CE4685EA040589468AEAB154D9
:2060800086EA05061A44264406EB0301C8D10768036946688568C919D2180160C4680261FD
:2060A0004E447544429947698369C2694660091985600BEB07044461419F409CC160F918B2
:2060C000816143B0A118C161BDE8F08F2DE9F0410546686A16460F4600EBC60290426A6286
:2060E00002D9286A401C2862286A4FF0000800EB567028621BE0A86EC0F14001C0F1400441
:206100008E4238BF341C394622462818283005F01DFEA86E361BE7192018A866402806D1ED
:2061200005F128012846FFF739FFC5F86880002EE1D1BDE8F081B0B50446A06E8023421C4B
:20614000A266201880F82830A26E0D46382A0DD9A0180021C2F14002283005F0D7FD04F1A0
:2061600028012046FFF71AFF0022A266A0180021C2F13802283005F0C9FD206A84F8630015
:20618000020C84F86120616A84F867100F0E84F86470030E84F86030000A84F862000A0CAE
:2061A00084F8652020460A0A84F8662004F12801FFF7F4FE2D1F0827E078A278617805F899
:2061C000040F14F8043B6A70A9707F1EEB70F3D1B0BDC0B51746002610F8013B11F8012BD4
:2061E0007F1E82EA030242EA0606F5D1002006B90120C0BDB0F0000867E6096A85AE67BB59
:2062000072F36E3C3AF54FA57F520E518C68059BABD9831F19CDE05B3CC200082DE9F04FE6
:20622000051C92460E46ADF1480D7FD06B78E81CFFF76AFE0746A81DFFF766FE834633F032
:206240001F0003F01F0371D1A87800286ED1687A00286BD15E4569D1DFF81890042B22D07E
:20626000052B63D156EA0B0060D14FF29E20B8425CD101E0B4F0000849468868002855D0BF
:20628000C868002852D0086900284FD1FFE7091D00200422FFF740FE002837D1BB490520EC
:2062A00008700020F0E0ABF10100000B3ED1BAF1000F3BD00BEB07054FF29E20A84235D307
:2062C00067BB00214FF4B672484605F01FFD4C4604F11400FFF74BFE04F18000FFF747FEE7
:2062E0000026B0464146CDF8008006200A46134604F0D8FE40B94246CDF8008020203146A0
:20630000134604F0CFFE18B1012020610D20BBE006F58056300CE5D00120A0604C46A068B3
:2063200020B1206910B92068B84201D00B20ABE004F1140651465A463046FFF7C7FE2A464A
:206340001196B2F5847F14D9B7F5C47F11D2B7F5847F34BF4FF484733B1CB2F5C47F88BFC9
:206360004FF4C4721819D91BD21A1C38514405F0EDFC2A46B2F5C67F14D94FF29E21091F5B
:20638000B9420FD904F18000B7F5C67F34BF4FF4C6733B1C914238BF0A1CD91BD21A514489
:2063A000FFF794FE28463E46B0F5C67F33D94FF29E21091FB1422ED9B6F5C67F34BF4FF425
:2063C000C6753D1C814238BF081C8046A5F5C677A5EB0609042F10D2C5F5C876A8EB05006A
:2063E000B04238BF061C0AEB090138193246001D05F0ACFC7519B144F719A8450BD90AEBB7
:206400000906A8EB050238463146FFF785FD002818BF0D2036D120684FF29E21584420608F
:2064200081427FF43EAF119801A9FFF784FE04F1800009A9FFF77FFE8C4E01A8202206F118
:206440001801FFF7C6FE0125B8B904F1EC0031460822FFF7BEFE78B104F1F40009A9202298
:20646000FFF7B7FE40B104F21312582112F8010F10B9491EFAD100E00025002DE5607FF4ED
:2064800010AF11200121216112B0BDE8F08F4170091201707047C1700A0E02700A0C42700B
:2064A000090A81707047B0B504461746101C15D0401E11D00F380DD0401E09D0401E03D039
:2064C0000E3803D0401E0DD1102508E0182506E0052504E02C2502E0062500E012250CB1E7
:2064E0008D4201D90020B0BD204600212A4605F00DFC20463946FFF7CAFF281F81B2A01C97
:20650000FFF7C5FF6FB3012F26D0102F0FD0112F0BD0122F07D0202F1CBF0120207333D146
:20652000012108462EE004212DE0012017E01427E775012020750021A175E1762023E1771D
:20654000042223760227627604F12800A776BD49A777FFF7A0FF17E00120607100202071EE
:2065600012E01127E7721021617200202072A0722073A0732074122363732022E2732127AC
:2065800067740121A071E1712846B0BDB0F00008F0B5071C144602D0B1F5017F01D200200B
:2065A000F0BD00214FF4017205F0B0FB40F284454FF48076C22202217A700020B970C44B3A
:2065C000F87005FB043232F8020B761E78714FEA2021397107F10207F5D14FF40170F0BD1D
:2065E00070B5064615460024184601E0401C641C0278002AFAD12A68A018401C814238BFC1
:2066000000200CD3B0181946224605F09FFB2868002324182C60611C33550120296070BD06
:20662000F0B50646069C05981546844238BF201C5A1E002412F8017F1FB1401E04F1010488
:20664000F8D12A68A018401C814238BF00200CD3B0181946224605F079FB28680027241827
:206660002C60611C375501202960F0BD04C200082DE9FE4F0C469649074640F284439046B0
:206680000520002F03FB0815029005F50B7A05F5047B00F0D480BC2CC0F0D1803846002135
:2066A000BC2205F033FBC0207870D5F88052404601F0CBFB0646214602AA73A33846FFF74C
:2066C0008FFF002800F0BB800298AC4600F109018C42C0F0B480DDF808E0DFF8B8911C2285
:2066E00000212CFA02F303F00F0319F803300EEB0105491C0829A2F104027B55F1D300F162
:20670000090100220830029128253A54534621463846009502AA0195FFF782FF002800F0C3
:206720008E8014200090214602AA5B4601903846FFF776FF002800F08280002E4AD1404670
:2067400004F043FAB8A6022820D033463846214602AAFFF745FF002871D03846214602AA52
:206760003346FFF73DFF002869D03846214602AA3346FFF735FF002861D03846214602AAEF
:206780003346FFF72DFF00284ED158E000952020214602AA534601903846FFF741FF0028F1
:2067A0004DD033463846214602AAFFF719FF002845D03846214602AA3346FFF711FF00282F
:2067C0003DD03846214602AA3346FFF709FF00282AD134E0202500953846214602AA334689
:2067E0000195FFF71DFF002829D0009506F120033846214602AA0195FFF712FFF8B1102515
:20680000009506F140033846214602AA0195FFF707FFA0B1009506F150033846214602AAC5
:206820000195FFF7FDFE50B10299B81C091F89B2FFF72DFE0298411F3971BDE8FE8F0020E7
:20684000BDE8FE8F00040180B0B504AF3D780C46114622460446A018FFF719FEA418602157
:20686000C570022D817007D0E371180E20711F0C6771190AA17104E0241D99B22046FFF7DD
:2068800006FEA818001DB0BD4361727472696467653A00C00CC200082DE9F84307460C4853
:2068A00040F2844404FB020909F5207090E83000002F4FEA45524FEAD42040EA0200804680
:2068C0005DD0202B59D0212B26D00D2B57D101E088E90008102952D3FFE738460021102206
:2068E00005F014FA0C21F9700026BE703E717E713E727E72BE720125FD720D2038700222AF
:20690000FA717A734321B971397302F04DFC01461020F973BDE8F883742930D33846002168
:20692000742205F0F3F90026702502242120BE703246FD7004213870134638468DF8004042
:20694000FFF782FF042501240146022C07D0032C05D00A2C14BF331C99F8633200E043463B
:20696000A2B28DF800503846FFF76EFF641C0D2C0146EAD97420BDE8F883382902D2002041
:20698000BDE8F88338460021382205F0BFF90026342502242020BE703246FD70042138706C
:2069A000134638468DF80040FFF74EFF804602F005FE0425034601228DF8005041463846CE
:2069C000FFF742FF01468DF80050224633463846FFF73AFF014603228DF800403846FFF731
:2069E00033FF01468DF800402A4601233846FFF72BFF014605228DF8004033463846FFF707
:206A000023FF014606228DF8004007233846FFF71BFF01461A468DF8004038463346FFF70F
:206A200013FFBDE8F883C04600C090B5071C01D02A2901D2002090BD00212A2205F066F9D1
:206A40002624FC708320787002233B7101227A712221F97105F09CF80446082207F108006C
:206A600004F10A0105F072F907F11000102204F1120105F06BF907F120000A22214605F07B
:206A800065F92A2090BD0000A349A2480968401810F8011C007840EA0120FEF79DBC10B567
:206AA0009E4C04F108000068022812D36068032818BF03200ED19A4804F086FC9648B4F8CA
:206AC00072200168002001F58631FEF7CAFF002010BD012010BDF0B50E46014691480778BD
:206AE000D7B100244378994203D1641CA51A012D14D0212B0CD1222905D1641CA31A012B7C
:206B000008BF38440AD0057AC37943EA0523181838180778002FE5D10120F0BD06B130604F
:206B20000020F0BDB0B57D4CA168B4F87070B4F86E50012003291ED1012F1CD8AFB9012D65
:206B400013D825B1012D04D104F0FEFB01E004F011FC002121200A46FFF7BDFF08B903F08A
:206B600085FAE41984F85B5004E0012F03D115B984F85C500020B0BD684800B5816803298D
:206B800003D1B0F87010012901D9012000BD4018644990F85B00091F0A6810700968802004
:206BA0000122FEF75EFF002000BD70B55B4DA868B5F86E100124022801F0FF061FD3012E15
:206BC0001DD811F0FF0F11D004F0D4FB002121200A46FFF780FF08B903F048FA03F073F991
:206BE00010B9204603F0AAF8032000E00220A86085F85A6000245B3505F8014B2C7020466E
:206C000070BD00B5C24AAC48116800780870116880200122FEF725FF002000BD78B5212089
:206C200000226946FFF757FF061C1AD10098057AC47969462220FFF74EFF44EA0524061C29
:206C40000FD1B34D00992868224605F07FF89A4818300288944298BF221C29688020FEF712
:206C600000FF304678BDB8B5212000226946FFF732FF071C10D10099A54D0C7828682246B9
:206C800005F064F88C4818300288944298BF221C29688020FEF7E5FE3846B8BDFCB50F20B6
:206CA00000226946FFF717FF071C30D10098C178847844EA012400E0521C102001A9FFF795
:206CC0000AFFA0B9019881780429F5D1002151F8842C51F8801C51EA020608D0026182EAE4
:206CE0000103C160DB43836001EA02064660884D00992868224605F029F86F4818300288D0
:206D0000944298BF221C29688020FEF7AAFE3846FCBDC046050C010010EE00083CF90008A8
:206D2000896A000868F800082DE9FC4F8046784805680C46002269460220FFF7CCFE00286F
:206D4000019418BF012067D100990C782846224604F0FCFF00982018009007786519002F00
:206D60003ED04FF000094FF0400B4FF0020A00994E78042E06D0052E07D0212E05D0242E01
:206D800003D027E0C879622822D028463A4604F0DDFF052E11D1E87802280ED1B8F1020F66
:206DA00007D0B8F1010F04BF85F804B085F8059003E085F8049085F805A0212E3C443D44D7
:206DC00008D10098027AC17941EA0221091800E04431009100983F1800973F78002FC6D134
:206DE0004B4D286884702968270ACF7029680A7AFA20B0EB820F02D9087A8000C0B2087252
:206E000003F058F828B1C848006810B1286804210172019804600020BDE8FC8F98B5C84C47
:206E20006068032808BF03201CD0022805D0012818BF012715D1022000E001206946FFF7B4
:206E400073FF071C0DD13248016807224A70B4F872200099914298BF0A1C01688020FEF7D4
:206E600000FE384698BDB8B5AF4C403C6068032808BF032018D0062069460022FFF72BFE82
:206E8000071C10D10099224D0A78286804F05EFF0098B4F8722000789042D8BF021C29681D
:206EA0008020FEF7DEFD3846B8BD0A28ACBF37303030C0B27047C04696F900082DE9F847F0
:206EC0000246044669460320FFF705FE5FEA000848D10F4D009928680A7804F037FFDFF8E3
:206EE000609299F83D00AA46A0422FD128460068C178CA2900F10200054625D0002454F85B
:206F0000847C54F8806C56EA07031FD002E0C04664F800082146202204F0F8FEAD1E08232B
:206F200027FA04F000F00F00FFF7BFFF014626FA04F005F8021F00F00F00FFF7B6FF241D25
:206F40005B1E2874ECD101E0002068700098B9F8722000789042D8BF021CDAF8001080202A
:206F6000FEF77FFD4046BDE8F8872DE9F847DFF8A482D8F800608246002269460220FFF7C3
:206F8000AAFD002818BF01204DD100990C783046224604F0DBFE0098201800900778A619A6
:206FA000002F2ED04FF0030900994D78042D08D0052D09D0302D07D0212D05D0242D03D06C
:206FC00019E0C879622814D030463A4604F0BEFE302D03D1F07808B186F80390212D3C4432
:206FE0003E4408D10098027AC17941EA0221091800E04431009100983F1800973F78002F27
:20700000D2D14546286884702968270ACF7002F051FF28B14448006810B1286801210172C8
:20702000CAF800400020BDE8F887BA4818B50068032803D06946FFF777FE02E06846FFF735
:2070400094FF041C0BD13E490098B1F87220904298BF021C6F4801688020FEF702FD2046E6
:2070600018BD98B5012000226946FFF734FD071C1FD1684C009920680A7804F067FE304999
:207080004868022818BF012808D120681022827020680223C37020684023C3712068B1F861
:2070A000722000789042D8BF021C21688020FEF7D8FC384698BD97486A3001880812401E00
:2070C0001ED0401E1AD0401E15D0C01E11D0401E0DD0083809D0123805D0401E18BF0320AD
:2070E00010D1FFF79BBDFFF7BEBDFFF7D7BDFFF795BEFFF7B8BEC8B2FFF7E0BEFFF795BF59
:20710000FFF7AFBF704730B50D4DB5F86E402046FEF722FA00202A46211C85F85A000CBFD4
:2071200001210221916030BD7CF90008A94980B5B1F86E7003207F1E0ED07F1E16D101E0FE
:207140003CF9000891F86D20032A0FD1B1F870000012A1F8580008E0CF6C3FB191F86D208A
:207160000020032A08BF01200865002080BD30B5984C94F86D000025032808BF0125A06809
:20718000032802D1B4F8700008B1012030BDB4F86E00032130380BD0401E04D0401E04BF3A
:2071A0000020A06609E02846FEF7DDF9656603E02846FEF7D9F925660021084630BD30B5D8
:2071C000844CB4F8701001F07F0001F0FF05032807D811F07F0F4FF0010004D0A16803296C
:2071E00001D0012030BDB4F86E1091B994F86D0003280AD02846FEF7F1FC606B40B1206BA7
:2072000030B9032D18BF832D02D12846FEF784F9002030BD64F800086E48B0B5B0F8702057
:2072200041681312032902F0FF0518BF03201DD1012D88BF012019D8B0F86E700021A7B9E8
:20724000520A34BF0A1C012200EB850462649A0808D3C76C27B1012D04BF0122426504D045
:20726000012102E000EB850001650846B0BD59498868032805D0B1F87000002818BF0120AE
:2072800016D191F86C0010F01F0004D0401E0DD0401E09D006E04868032801D0FFF746BF20
:2072A000FFF765BF03207047FFF789BFFFF7B4BF7047984800B5008820F08001032988BF5B
:2072C000012009D8FEF770F900280CBF00210121914802680020117000BD3E4880B5B0F814
:2072E0007030012B88BF012012D842680021032A0AD100EB8302176D07B10221C76C1FB1CB
:20730000012B08BF41F00101834802680020117080BDC04640F900082DE98041DFF8B4800B
:20732000B8F87000002818BF012022D102F0C2FD07460021404617B1076C07B101214268B6
:20734000032A06D0C76C87B1076D0FB141F002010BE0076E0FB141F00401476E0FB141F05B
:207360000801876E0FB141F010016B48026800201170BDE8808190B5674C20680022027095
:207380002068144942708868022802D0032803D104E0B1F8700008B1012090BD91F86C0052
:2073A00010F01F000BD0401E06D0401E18BF01270ED1FFF77EFF04E0FFF78FFF01E0FFF7B1
:2073C000ABFF071C04D1216880200222FEF749FB384690BD3CF900080C2804D9303813D021
:2073E000401E09D00EE0DFE800F0211F0D1F0D1D1B111917151311C048480068032805D1CD
:207400000020704701207047FFF749BB03207047FFF788BBFFF7B0BBFFF7C7BBFFF7F1BB35
:20742000FFF749BEFFF76FBEFFF721BFFFF7A3BF7047F0B53B4E96F86C00002510F060009A
:2074400004D020380BD0203809D005E096F86D00FFF7C2FF08B9F0BD0120314C0EE0032040
:20746000FBE706F16C0163190A7893F86C3002F07F029A4201D10846B8476D1C38B1042D90
:2074800005D204F15C0151F82570002FE9D1F0BD2DE9CC41012000226946FFF71CFBDFF856
:2074A000848030BB00990A7C40463D3001A902700320FFF710FBE0B904F06AFB061C18D08F
:2074C000019801781A2914D3302181700198CA22C2700198017101980021417101980A2736
:2074E000801C16F8012B41717F1E027100F10200F7D1022069460022FFF7EDFA40B90098D8
:20750000C1794746C1F380123A64C1F34011F964BDE8CC81ACF9000864F8000840F900081A
:207520008CFB00083CF90008F0B5071C14D1DC4E00246422002506EBC700214602FB076353
:207540000C3080E8300003F1140004F0DFFBB8003450801944608460F0BD2DE9F04F82465A
:207560008846A8F10100DFF83CB35AF82000342196460026B1FBF8F39B1DA6EB0B0651468C
:20758000474600254FEA960C85EA0C0404F003040A685EF824907F1E05F101054FEA001482
:2075A00084EA5014204406EB090480EA0400104441F8040BE8D15B1EDFD1BDE8F08F70B562
:2075C0000D4604462822ADF1400D04F50B71684604F0BCFB08220AA804F5207104F0B6FB00
:2075E000C6491022284604F0B1FB6E4603240CA83146102204F0AAFB0CA804212A46FFF72C
:20760000ACFF28460CA9102204F0A0FB1036641EEDD110B070BD30B500220446FBF7FFF82E
:2076200088B9002120460A46FBF7AFF958B9B44DE4010121002242F22833A5F11800201AE6
:20764000FBF756F808B1022030BD641B2168002011F0210F18BF012030BDF0B50F46D84DC5
:20766000A84C296806464FF40072A01EADF1340D4018002104F04AFB2A6820463946801826
:20768000202204F063FB00213422684604F03EFB27218DF8001080208DF80100F2218DF869
:2076A0000210012006904FF40071304608916946FFF7B1FF0DB0F0BD2DE9F0410C4616468A
:2076C00080461D46ADF1340D00213422684604F01DFB8027314628464FF0270C0B0A8DF8D9
:2076E000017006060A0C050433438DF800C0D4F874728DF804102A438DF8053040258DF8D7
:2077000006208DF8075001238DF80C3067B99DF80750090E00020143CAB202F00F02C821B1
:207720002A438DF807200BE0051C020A090E8DF8095000028DF80A2001438DF8081025214B
:207740008DF802101D46D4F8A4020595694608904046FFF760FF002100B929460DB00846AD
:20776000BDE8F08110B5447801788378C27841EA042040EA034040EA026010BDF8B50A0AEE
:207780000B0C8DF8001006468DF80120090E8DF8023000228DF8031016F8011B6C4602F0F5
:2077A0000303E55C521CB2F5FE7F2944E154F3D39DF801709DF800409DF802609DF80350CE
:2077C00000F5FE70FFF7CEFF44EA072444EA0644014644EA05620020914208BF0120F8BD46
:2077E000F0B58C4604231546C4181A1827785678D178927842EA0122F10828BF142103D289
:2078000071082CBF0C210421914247D8B2F5FE7F44D2D118B1F5FE7F40D2BC453AD116F056
:20782000050F37D02F706E70F0086A800FD2700834D3201DFFF796FF00270646281D80E886
:20784000C00004F10800FFF78DFF39461DE0201DFFF788FF074604F10800FFF783FF0026CB
:2078600000002B1D46EA070140EA060204F10C0083E80600FFF776FF074604F11000FFF731
:2078800071FF0100314346EA07000C3585E803000120F0BDD318B3F5FE7FA5D30020F0BDF8
:2078A000B8F200084786C86170B5BE4C06460325ADF1140D641E14F8011F30466A46FFF7F4
:2078C0008FFF002818BF012016D16D1EF3D1304603216A46FFF784FF012460B9304602212A
:2078E0006A46FFF77DFF30B930461B216A46FFF777FF00B90024204605B070BDA4C300081B
:20790000E0FEFF04121601002DE9F04F80468946ADF11C0D2A48D9F8A4C2C0490592109CB7
:207920000068BD4A0693BCF5007F0494024403920144029140F0928009F5207090E8C000BC
:20794000002F08BF002E00F0898040F6FF741946E017814204BF0598A0427FD809F5207120
:2079600091E8000C01200027E617BAEB000A7BEB070BB34508BFA24570D3059D4046494676
:207980001E462A46FFF798FEA24F15EB0A0546EB0B06DFF894A2DFF888B20346E117204680
:2079A0002D1A8E410196A14E00955BB9012138464BF82810C0EBC8100068400827D34DE00D
:2079C00010EE00080698002801BF05980028012046F82800904C9648924905686019FFF75E
:2079E000CDFE68B1029821464FF40072491904F0ADF9012004994AF82800029A0A602EE0B5
:207A00006019FFF751FF10B101204AF82800019B009A40464946FFF74FFE38B9012138463C
:207A20004BF82810C0EBC810006817E00698002801BF05980028012046F82800AA49039889
:207A4000FFF79CFE00281CBF03980290D1D10398FFF72AFF10B101204AF82800002007B0E7
:207A6000BDE8F08F2DE9F04305460E4691461046984600211A4604F049F904243346294628
:207A80000F5D62185578D078927842EA0022E80828BF142003D268082CBF0C200420904236
:207AA0001BD8B2F5FE7F18D21619B6F5FE7F14D2BB420ED115F0050F0BD1121A904538BFBF
:207AC000424600190918484604F040F90120BDE8F0831419B4F5FE7FD2D30020BDE8F083C0
:207AE00070B50E4605466422ADF1640D0021684604F00CF9062120236A463046FFF7B2FF2E
:207B00000024A0B108AA304631212023FFF7AAFF68B110AA304605211023FFF7A3FF30B179
:207B200014AA304635211023FFF79CFF00B944B1A548012164221891694602FB050004F066
:207B400005F919B070BD2DE9F04F88468146002708F5207003C8002FADF11C0D084606BFBF
:207B6000002802251B250F4E00223B46144601A8009041464846FFF7C7FE002832D001994F
:207B80004846FFF7ADFF0198294602AAFFF728FEC0B9032C26D0315D019802AAFFF720FE60
:207BA00000B301E090C3000803A890E80C0008F5207003C88B4208BF824213D2641C032C63
:207BC000D5D90FE005A803C803AA0CCA8B4208BF824207D808F5207494E8000C594508BF58
:207BE000504501D3002211E0774C801AA4F10804994108F51E7804EBC90484E80C00012247
:207C00001646361847EB010788E8C00007B01046BDE8F08FC8FEFF04101601001018010006
:207C2000C0F2000878563412BCF20008B8F2000810EE00082DE9F04FADF1A40D4FF0000C19
:207C40000127279000200DF1080A2891834602A880E8001801A800909AE80C002899279822
:207C6000FFF752FE002836D0279C01992046FFF737FF55496420604360310858002830D1C2
:207C8000774E042416F8011F019822AAFFF7A8FDF8B123A890E8060040F6FF700346DB17F7
:207CA0009A4208BF814214D8102F12D2104657B13D466B46083393E80003814508BF8845AA
:207CC00007D06D1EF6D10DEBC7007F1C083080E80600641ED6D10BF1010B0AF1080A5F4599
:207CE000B8D829B0BDE8F08F21436587F0B5061C0F46ADF1300D10D1FFF716FC6FB1D7F8D8
:207D0000540250B907F5207090E83000002D08BF002C02D0D7F8A40208B902203FE03846E9
:207D200008A9FFF74CFC4E4968460922491D04F00DF80DF1090007F50471142204F006F8E5
:207D40000DF11D000021032203F0E0FF6846082108AAFFF702FC08A80021102203F0D6FFA8
:207D600030466946FFF779FC044600212022684603F0CCFF012C0DD054B930463946FFF758
:207D8000E2FE28B130463946FFF754FF002405E0022400E001243046FFF7C6FB20460CB069
:207DA000F0BD2DE900430028884691461CBF111C404607D1294901EBC00103C910EB08009C
:207DC00041EB0901BDE80083CCF20008D0B5071C0E4603D116B1D6F8540208B1002432E0D5
:207DE0003846FFF7A1FBD6F8A402B0F5007F09D140F6FF7006F52072C1170CCA8B4208BF8D
:207E0000824201D801241EE038463146FFF79BFE28B138463146FFF70DFF022413E01148DC
:207E2000B900405858B9104A50184068002818BF032405D15058002818BF012400D10024B9
:207E40003846FFF771FB2046D0BD28B9074A642101FB0020016E01B900207047C4F20008BE
:207E600093C30008C0F20008B8F20008CCF2000800280CBF03208320FDF74EBB30B58B4DFF
:207E800004462868022818D18948D0F80421D0F8F830D0F8F4109268C91AF43022F07F42A7
:207EA0005218026007DD0320FDF797FA2CB10320FDF732FB01E0002181618320FDF78DFA47
:207EC0002CB12868012802D18320FDF725FB30BD801E00B501282ED9801E012830D9C01E64
:207EE000012828D9B949801E06D0401E1CD0401E1CD0801E18D000BD0846092102224160CE
:207F0000C169426289688160880A02D10A1C02D100BD4FF48062AE4801680023032001F5E6
:207F20008731FDF753FB00BD032005E008460B21001D016000BD8320FDF7EEFA022003E049
:207F40008320FDF7E9FA002000F001F800BD02469E4890B5001D046A042C26D0C3698169A7
:207F60000769052C21D0534C1C6000BF4C68002F5C600CBF141C01241C730468052C05D0D5
:207F80000B2C03D0092C05D1896802E044688968091B9960022A14BF042105210162C16968
:207FA00000230D228320FDF711FB90BD8748002343624360C3601F220361C169436103208C
:207FC000FDF704BB3C483D4A00B50021FBF790FD00200146FBF786FD0020FFF74FFF384ACC
:207FE0000020106037490870FFF7E0FF00BDD0B5764C04F12800F9F7ADFB0746E069082F9E
:2080000032D0606BE169092F0CD0002607B1012616B10120FFF732FF122F27D0F0B2FFF751
:2080200096FF23E0A0608A68824206D8824206D2072060608868A06001E0052161600121B7
:2080400041F214022161824288BF021C60481E49006809181AB90420FFF73AFF06E08320E5
:208060000023FDF7B3FA01E0C07B20703846D0BD134900B5002008601449832003F0D2F92E
:208080001349032003F0CEF91249212003F088F94F4911484D4A0B681049C018C918D06159
:2080A0000F48116203F0BAF900BDC046D8F300083CF9000855534253AD8400087F840008FC
:2080C00070F90008EEF3000810260100B1830008E58000080F840008D0130100F0140100E2
:2080E000C57F00082DE9F847384CDFF8E480676A0546002F40F01B816868E16900261F2882
:20810000A0610DD1A84A0868824209D14F7B3FB98F7B102F04DC1FB1087B10F07F0F02D0E2
:20812000002E00F0F9808868226ADFF880A29060487B40F2844909FB00A0D0F85452012747
:20814000ADB9E06969460F30F8F766FB38B9009800280CBF0220381C6062E16912E0E169F8
:2081600005280DD08D685DB10D7B25B105E08D6835B10D7B0DB9022003E06762384601E059
:20818000032060624A7B09FB02A3D3F854521DBB8D683DB9012803D002281BD1032010E033
:2081A00002200EE0097B802906D0022812D0012814BF09200A2004E001280BD002287ED1F0
:2081C0000820FFF785FEBDE8F887C046B4F3000810EE0008E1694A7B84F83820E06900F102
:2081E0000F02A2628A7B84F839208A68E2628968A160C07BF8F74AF8054604F11C0065BB80
:2082000000680F30F8F75CF86061A568606A022812D1290B02D12A1C02D10DE04FF48052AD
:208220004046B4490068334609180320FDF7CEF9A568606A05B13746012802D1B5F5805F4C
:2082400006D8002F00F0AE80FFF7D1FEBDE8F8878320FDF761F90120A2E0E169497B09FB64
:2082600001A2D2F854722FB9006804F108020F30F8F77EFA616AA068022929D0012940F085
:20828000918070B1E16908310A68824206D882420BD2072060600868A06006E00521616050
:2082A00003E00420FFF714FEA06800287AD003F0EEFCFFF79CFE082874D1A2680AB9042062
:2082C0007FE7994983203346FDF780F9BDE8F88770B1E16908310A68824206D882420AD251
:2082E0000D2060600868A06005E00B20606002E00920FFF7EDFD03F0BEFCFFF778FE08281D
:2083000005D1A06800284DD0884933463EE00320FDF702F9BDE8F8878320FDF7FDF80320ED
:20832000FDF7FAF8824901200860BDE8F887216A022F2ED16A688868801A886000BF886831
:20834000B8B960680D2812D009280ED0E069C07BF7F79CFF18B96868E062FFF748FE206909
:20836000002804BF0120E0601CD0002018E00D2027E7B0F5806F02D818B9BDE8F8874FF4CC
:20838000806041460968002301F58731024603209AE78320FDF7C0F80320FDF7BDF802200B
:2083A000FFF7D5FDBDE8F8875553424388E900085C4980B50B6A042B26D0052B24D0CA6960
:2083C000012B17D143689068C01A906000BF976867B90868072807D0CF68002F04BF01207E
:2083E000886013D000200CE0072000E00520FFF76FFD80BD8320FDF78FF80320FDF78CF822
:208400000220FFF7A4FD80BDFFF7D0FD80BDB0B501460A78012032F07F0711D14A78FF2AA2
:208420002CD14F88002F29D1CF883FBB8F882FBB00200146FAF7EAFFFFF7C4FD0020B0BD68
:2084400022F07F02802A19D14A78FE2A16D14F88A7B9CA88012A11D18F887FB93649354D3E
:20846000024600240B682A604FF48630C4540968802001F58631FDF7F4FA2046B0BD10B54A
:208480002E4CA068012803D0022818BF03280CD10120FFF7F3FC2068C07BF7F7F7FE08B1F0
:2084A00003F0DAFB0120FFF752FD10BD30B5244C0546A068616A00282DD0012918BF0229FD
:2084C0002ED1A878400823D2012919D12078F7F7DDFEA8B9E069A96882688A4288BF0A1CED
:2084E000154804490068091832B90420FFF7F0FC06E0C0461016010083200023FDF766F82D
:20850000E068002804BF0120206109D0002005E0FFF7B5FF30BDA87800F00100FFF717FDF6
:2085200030BDC046B8F30008000010C0000014C070F900084CF9000810EE0008D0F3000862
:20854000B4F300087D497C4809680068032901D108B903E010B90C2001F00EBC0C2001F09A
:20856000EEBB774810B54FF4F071002203F012FD724C0020241FA06004206060FFF7E2FF2A
:20858000704803210068E16010B10146E068884710BD2DE9F0410146B44C694E6A48DFF89C
:2085A000A481226841F20A15954204D8C1F30347490D05D359E0314608310968C1F3834703
:2085C000954202D9616803294FD0042F46D0032F31D0022F0DD04021002203F0DBFC4FF4BB
:2085E0000E706FF0C30108600C2001F0C5FBBDE8F081564B0022A03811460160D41A0568D1
:2086000024682D0C2404240CAC4205D1491C121D0329F2D9BDE8F08130464FF4F07100229C
:2086200003F0B8FC30464FF4F0714FF4807203F0B1FCBDE8F08140210A4603F0ABFC08201B
:20864000E0620C2001F07BFB0020A168E060022954D341460968002950D04AE028466F380A
:20866000904248D3FFF77DFF45E03946891E42D0491E34D0491E1ED0081FB0D14FF40E7015
:208680006FF0C30108600C2001F076FBA06B00283DD0304600F10C0100F110021268D20AB4
:2086A000FAD294F83C0008600027A76340F203464E60BDE8F08140210A4603F06BFC0C2017
:2086C00001F05AFB206829466F39814202D3FFF748FF2068F03D854214D3BDE8F0810C203B
:2086E00001F04AFB012241460020E2620968E06021B1884702E00C2001F03EFB2068F03DF7
:20870000854204D240F203206FF0C3010860BDE8F08130B5554C0125A560FDF73CF80020CD
:20872000FCF71AFF0221074825620068E16010B10146E068884730BD18EE000840F9000830
:2087400004C700FC38F9000800C200FC003DFF032DE9F04FDFF81CB3444C4FF000084FF00B
:20876000050929E25FEA9A0700F02482D4F82C02011DC4F82C12D4F8342200688A429CBF9D
:20878000D4F83012C4F82C127F1E410880F0B481C0F3440281082CBF80264646C0F3831160
:2087A0005508491E00F02D81491E00F0DA80491E4CD0C91E20D0491E40F0F9812E43F1B227
:2087C000C0F3036C31F07F0608D001F07F01CA0002EB4112A11801F58A7106E001F07F017D
:2087E000CA0002EB4112A1187431BCF1060F04BFC0F30640C861DAE1400BC0F0D8812068D3
:2088000041F20A21814240F0D281002E40F0CF812E43F0B230F07F0508D000F07F00C10047
:2088200001EB4011601800F58A7006E000F07F00C10001EB4011601874308169C86840F0DB
:208840000100C8603046FCF7ACFDB0E146EA0501C9B231F07F030BD001F07F01CA0002EBF5
:208860004112A11801F58A7109E0C0463CF9000801F07F01CA0002EB4112A11874310B6982
:20888000002B40F09481002D40F091812569000B314600F0030225B910F0030F54D0484652
:2088A0002061022A3CD0BF480568012A4CD1012D08BF002930D0022D08BF80292CD0A6697B
:2088C000E6B966691EB3032D18BF042D3CD1BE4801220068A26139B900F586310220B4F814
:2088E00088202061404604E010464146206142468020FDF7F3F82046056925E011B9D4F811
:20890000946026B180291FD1D4F83461E6B9484626462061356917E048462061256913E053
:2089200066694EB1802901D1E66F1EB921B9D4F81C610EB1C4F810902569052D04D00846A2
:20894000FDF777F897480568052D40F030814046FCF743FD8020FCF740FD4046FCF7DCFD7A
:2089600025E1994801682E43F0B230F07F0508D000F07F00C20002EB4012A01800F58A7001
:2089800006E000F07F00C20002EB4012A0187430320A05D28D4A04F5F8754FF0080C04E09E
:2089A0008B4A04F5DA754FF00A0C51182A6B05EB820301EB02115B688A6822F07F429B1A96
:2089C000320A03D30968834A5918116081684268A1EB030E9A18C0F808E0016842605B1865
:2089E0000360286B401C2863286B84459CBF404628632D68002D00F0DA803046FDF7D6F98D
:208A0000D5E046EA0500C1B231F07F0608D001F07F01CA0002EB4112A11801F58A7106E070
:208A200001F07F01CA0002EB4112A11874310E6A002E00F0BC804E6AF6B1634A1568020AF6
:208A400039BF04F5F872614B04F5DA72604B5B19156B03EB051302EB850252689D6825F0DD
:208A60007F45521B050A0DD31B685A4DD3182B6008E0C0460CC400FC8A69CE68936823F045
:208A80007F43F21A8B684E680D689B1A9619C1F8208052194E60504D8B6030F080062B6853
:208AA0000A6027D1020A0BD2A269012A06D14E68002E18BFC4F810907FF44FAFC4F8848016
:208AC000414A2669126826B198472669002E6ED14CE002F5863104F16C00082203F036F9C9
:208AE000B4F87260404606B101203C490968606188475CE098475AE010F0FE0F57D1384909
:208B000009680246C2F30320002843D0401E30D0401E0FD0401E47D0401E48D16FF0C302DE
:208B20004FF40E70012610600029E6603FD0304688473CE06FF0C3014FF40E700860FCF7BF
:208B400043FF142160606068A162032814BF64213221022002F0CBFDFFF7F4FC404641466E
:208B6000FCF72EFEE66916B34046E061FCF7BAFC1DE0C4F860800320C4F864802669CBF8A0
:208B8000140326B9FFF7C5FD012020620FE0C4F820800CE0206841F29B01814207D2FFF764
:208BA000E0FC04E04CF900081046FFF7F2FC002F7FF4DCADCBF800A0DBF800A0BAF1000FB3
:208BC0007FF4D0ADBDE8F08F10EE000840130100901201000C0000FD34F9000830F9000815
:208BE00038F900083A480068704700B5FFF7FAFF00F031FE10B137490220086000BD354AD1
:208C00003C3A116A002011B1516A01B901207047304A3C3A1168012011B9D16B01B90020CA
:208C20007047411A4FF0000058BF012070474FF07B40D0F83811D0F8340108434FF0010160
:208C400007D1254B102253F8040F10B9521EFAD10021002001B90120704790B50746642F40
:208C600088BF64271B4C04F11800007887420DD01FB9002002F016FF05E0394600204FF4CA
:208C80007A5202F0C1FE3C3C84F8547090BDBA4870B500250126C0F8D8520E4CC0F8DC62AD
:208CA0003C3CA66025656662A562FF2084F8400000F0BFFC2846FFF7D0FF30462946A56436
:208CC00001F010FD3046294601F0F2FC70BDC04630FCFFFF08EF0008C8ED00082DE9F8416A
:208CE000FFF780FF054601F0D4F8A24CE16981423DD1216A81423CD0216B6D1A642D38D3E5
:208D000010B1E76B002F34D1206200256562A562E56210B1BB490F680FB90121A160FF2109
:208D200084F8401088B1E06B10B9012001F0A1F82846FAF70DFF0320A563294620650120C4
:208D400001F0D0FC012005460DE000F072FC284601F033FF284601F08CF825650120294611
:208D600001F0C0FC0120294601F0A2FC01E0E0612563FFF737FF054601F082F8E1687E4F85
:208D8000814223D12169814222D0A1696D1A642D1ED32061B8B16069D0B1FFF730FFB8B108
:208DA00000F0A1FA002100B101210025081C0BD0F7F75CFA002804BF0120206004D02846FE
:208DC00001F02FFC00E00125656101E0E060A561FFF708FF2169226A02F084FBFFF702FF09
:208DE000D7F8D852616BD7F8DC62A94212D0656375B1226D0021FF23A163022A1CBF0322E4
:208E00002265606484F84030012001F06BFC01E00120A060A06BB0420AD04DB9A663FFF7C4
:208E2000EEFE28B1E06B18B90120314601F05AFC606828B10020606015B1012001F013FC0A
:208E4000FFF7D0FE0546FFF7E3FE00284AD1606B002847D0FFF7D3FE002843D0616C2846A2
:208E6000FFF7DFFE00283DD0002001F070FD002831D0FFF7DCFE002834D09C4D4FF4001605
:208E80002E61FFF7C5FE20BBFFF7D1FE08B30020694601F08EFF2E60A0B19DF80000FF2847
:208EA00010D09DF800009DF800102D2884F8401005D29DF80000282807D8012000E00220B9
:208EC000206502E0FF2084F84000FFF78BFE054604E02E6006E0FF2084F8400042F210709F
:208EE00040196064B24EE06C356800284BD1A16D2846FFF796FE002845D005F54871206DA5
:208F0000A16502283AD1A06C00282ED0401E2AD0401E38D0401E0FD0801E2FD1E16D28468F
:208F2000FFF77FFE78B33220FFF797FE4EF6602101204919E16525E0E16D2846FFF771FE02
:208F400008B394F8540063280BD80D30C0B2642888BF6420FFF781FE4EF660204019E0652B
:208F600011E002200EE003200CE0052105F16400A164F4E7CCEE000888E900080020FFF730
:208F80006CFE0020A064E16B30688046A1B9206890B1FFF734FE002100B101210025081C11
:208FA00008BF256056D000F0FAF9E5620120E063284601F058FBE16B012925D0022949D14F
:208FC000404600F07FFC01280CD0022842D1FFF75EFE00202060E0630121E16201F082FB56
:208FE000BDE8F881FFF753FE0025E56225602846E563014601F076FB0121284601F058FBE8
:20900000BDE8F88160EC0008FFF711FE10B3D7F8D80290B100F03DFF78B14FF40015C6F8C1
:209020001052FFF704FE002808BFC6F8005211D0002001F079FFC6F80052FFF728FEFFF74B
:20904000D1FD054602F099FD0146284600F018FC0220E063BDE8F881564901200860704754
:2090600078B5A8B9534C544E01204FF40015A06069463560042001F0CFFF46F8105C38B9E6
:20908000BDF8000040F28A2181423CBF0020A06078BD48480121001D0160704718B94548E6
:2090A0000121083001607047424B00B5986A38B9FFF7A5FD20B14148006808B1D86B08B1FA
:2090C000002000BD0120986200BD3A49886A18B1002201208A62704700207047354808302B
:2090E00000687047334828300068704730FEFFFF2F482DE9F043056800F0C2FE074600F019
:20910000C8FE064602F039FD80461FFA88F000F04BFE2848002404604FF00109C0F80890F4
:20912000C76021460761446007B949464161C661046244628462C46244638463C4638464C8
:20914000856122460563B8F1360F45644FF0FF0180F8401008BF4A46002EC2640CBF221C07
:209160000322026580F854108565C5651FFA88F000F012FD204600F07CFE2046FFF76DFD4D
:209180004846214601F0AEFA4846214601F090FA2046014601F0A6FA2046494601F088FA2B
:2091A00002F07EFABDE8F083054800787047C04630FCFFFFCCEE000840FEFFFF60EC00082F
:2091C0000CEF000830B5782256230A7034244B70001D8C7012220423CA7010F8012B03F032
:2091E00003040D5D5B1C402B2A440A55F5D330BD18B504466946FFF7E5FF22789DF80010BB
:20920000002091420FD19DF80110627891420AD19DF80210A278914205D19DF80310E278E1
:20922000914208BF012018BD30B5054600244FF47C314023ADF1480D032001AA009401F0B1
:2092400031FF00283AD101A8FFF7D2FF20B901A82146402202F05AFD05F0030501A811A947
:209260008DF81150FFF7AEFF01A8042211A902F06DFD2146009406200A46134601F012FFB4
:20928000E0B92246009420204FF47C31134601F009FF98B92146009406200A46134601F0AB
:2092A00001FF58B9009402204FF47C3101AA402301F0F8FE002808BF201C00D0012012B024
:2092C00030BD30B50546012D03D0022D18BF0B2008D1AA4C2571FFF7A7FF002812BF0D2018
:2092E0000020657130BDA54808300168002001B901207047A14830B505680024ADF1480DF9
:209300004FF47C31402301AA0320009401F0CAFE002841D101A8FFF76BFF20B901A82146B3
:20932000402202F0F3FC280A8DF809002B0C8DF808502A0E8DF80A3011A98DF80B2001A80C
:20934000FFF740FF01A8042211A902F0FFFC2146009406200A46134601F0A4FEE0B9224604
:20936000009420204FF47C31134601F09BFE98B92146009406200A46134601F093FE58B998
:20938000009402204FF47C3101AA402301F08AFE002808BF201C00D0012012B030BD774915
:2093A00000B50868401C0860FFF7A4FF002814BF0D20002000BD0346C0B510460F46002B92
:2093C0003ED09E78002E3BD15E79002E38D15E78052E05D120B9FCF787FB02F0E1FD31E013
:2093E00006B90FB90320C0BD082818D13978802915D17E789EB9BE788EB9F97804290ED1A6
:209400003E7966B97E7956B9BE7946B9FE79012E05D8002006B9012001F05BF912E0062852
:209420000ED1387885280BD17E784EB9BE783EB9F878042804D13879012801D8787908B11C
:209440000B20C0BD0020C0BD2DE9F04100280F4600F0B180002F00F0AE80467871097BD30F
:209460000178152927D0552940F0A58036F0110540F0A1808578002D40F09D80C578002DFD
:2094800040F099800579002D40F095804579002D40F091808579002D40F08D80457A002D13
:2094A00040F08980082AC0F08680BB79F879082140EA03200FE036F011057CD18578002DCE
:2094C00079D1C578002D76D14579002D73D1042A71D3F87804214018811C8A426BD3395CC7
:2094E00001F03F01312903D0332918BF342933D1C419611C0D7843199B1A13F1020F5AD14A
:20950000385CDFF8788006F0010600F03F00312836D0332823D034281ED10E2D1CD12779FC
:20952000A07907F00707032F45D830F0020118BF032840D107B901274446277100B1A071BC
:20954000002E35D03846FFF76FFE002808BF67712ED00D20BDE8F0810320BDE8F081087836
:20956000022828D14F7837BB897831F0010022D1664801F0010101601AE0C04680EF000880
:2095800008780E2817D1CD7835F01D0013D1680906D3280904D2FFF798FD60B125F01005AB
:2095A0004446E07905F0180500F0E7000543E5710020BDE8F0810B20BDE8F08154480068C6
:2095C000704701F004B830B5514C00210C22ADF1440D204602F09AFB01F0A0F801204FF48D
:2095E0007C3120714023607101AA0220A07100200090032001F056FDC8B901A8FFF7F8FDEF
:20960000A8B19DF809509DF808109DF811009DF80A309DF80B2041EA052110F0030041EAA2
:20962000034141EA026121601CBF2071607111B030BD3748C01D017801F0E7010170704716
:20964000F0B516461D460746332E05D0312E18BF342E07D1102400E004241FB18C4298BF82
:20966000032D01D90020F0BD0021224602F04EFBA01E3E70012D787025D02548312E1BD021
:20968000332E0ED0022D07D0032D14BF0179417939718179B97122E0012102203971014649
:2096A000F8E7002D18BF032D19D118480068002100B1012108460EE0002D18BF032D0ED1A2
:2096C000C01D00780AE0312E07D0332E1CBF0321081CE3D10120F87001E01820387120462C
:2096E000F0BD10B50A4CE079000938BF00200BD3FFF7DAFCE079400905D3FFF7E6FCE079D4
:2097000000F0E700E071012010BDC04688EF000880EF000800B500F0A3FB002100B90121F8
:20972000B348016000BD00B5012002F0BBF9002000F052FB322001F0C5FF012000F057FBCD
:2097400000BD00B5002000F052FB322001F0BAFF01206421322202F057F900BDF0B5044656
:20976000A448026B476B91007F1C01EBC201014401F1380108BF01279F4A15680368526819
:209780002E06002543EA164302F0FF0206790D6043EA02434C6043EA06638B600F60016B91
:2097A0004763491C01F007010163F0BD30B5914C0D462060401E0728E5611FD8DFE800F07A
:2097C0003D3A422F2C042923FFF7A4FF002000F00EFB322001F076FFA089362834D0A08907
:2097E000352802D0A089372802D1012000F0F4FA01206421322202F007F925E0FFF793FF67
:209800000020206023E0FFF78EFF0020012120710DE0FFF788FF1AE0FFF785FF14E0FFF787
:2098200082FF0020207105F5FA712161014600F059FF0CE005F1320008E0FFF76BFF002004
:2098400000F017FBFFF77DFF05F5FA6020612846FFF784FF30BD10B5044600F001FB0028C8
:2098600018BF00200BD163494C6100208861486A401C486201202146FFF798FF012010BDF8
:209880005C4B00221A719981014659619A61186A401C18620120FFF789BF411A4FF000000D
:2098A00058BF0120704700B500F0DAFA504920B10846006820B1012000BD084601210160A0
:2098C000002000BDF8B54B4D0446286830B16869A969201A814238BFA8616C612868401E10
:2098E000072879D8DFE800F0514941362D170F0400202860EC61E86A0226401CE86220464E
:20990000FFF72CFF69E029692046FFF7C6FF002862D001205DE0FFF7C6FF80B92969204686
:20992000FFF7BBFF002857D02879401C2871287903284BD308202146FFF738FFD8E7072006
:2099400047E0FFF7B0FF002842D12869201A43D406203EE02869201A3ED400202860EC6108
:20996000A86A0126401CA862C9E7FFF79CFF00282ED12869201A29D52EE0FFF794FF38BB8D
:209980002869201A28D4032023E0FFF78CFFF8B92869201A1AD500F07CFA074696480068F5
:2099A00000F00F010020032908BF0120384313D10420694601F030FB77B928B9BDF800005F
:2099C00040F28A21814207D3022002E0052000E004202146FFF7EAFE00263046F8BD0170D9
:2099E0000A0A42700A0C8270090EC1707047C04628F2000820F2000838BCF7FFDFF8FCC1DA
:209A00002DE9F04F81464FF0080E4FF00008ADF1600D5CF80C7F57B3DCF804B0DCF808A096
:209A2000DCF80000874222D14646B10001EB0D0201EB0D032032403369440AE000EB0D0509
:209A40002D6A41F80449684442F80459006C43F804092EB1761EB00050F80D403D1BEDD421
:209A60000F60C2F800B0C3F800A008F10108BEF1010ECED1B8F1000F12D04B46474610AEDD
:209A800008AD1C1D55F8041B1846FFF7A8FF56F8041B2046FFF7A3FF083308347F1EF1D130
:209AA0005FFA88F018B0BDE8F08FB0B5071C01D0802901D00020B0BD024600218020401E22
:209AC00002F8011BFBD15221442039700124787058253C714D22BD704B4BFA7018687871E8
:209AE0001879B871998949483972091279720168434DB972426807F10C002968FA72FFF783
:209B00006EFF296A07F11000FFF769FF196907F11400FFF764FF596907F11800FFF75FFFD2
:209B2000996907F11C00FFF75AFFD96907F12000FFF755FF196A07F12400FFF750FF596A75
:209B400007F12800FFF74BFF996A07F12C00FFF746FFD96A07F13000FFF741FF294B1968AD
:209B600007F13400FFF73BFFD96807F13800FFF736FF196907F13C00FFF731FF07F14000D9
:209B8000FFF73CFF01462046F971B0BD1E480168002001B10120704790B51B4CA081FFF7D4
:209BA000C2FD002222601648A26004F11001227120300A600068606122636263A261E061D8
:209BC000226262620827A2622831E2627F1E41F80C2BFBD1FFF7C2FD90BD00B5FFF7A3FD47
:209BE000094A0020106006499060203110710868D061FFF7B3FD00BD280100FB4CF2000803
:209C000010FCFFFF088CF7FF20F2000838BCF7FF014610B508291CD3082915D0092913D055
:209C20000A2918BF0B291AD1A848021F14680939012303FA01F2224202D01A46001D8A409B
:209C4000114602F0A1F910BDC44AC81F0146104600E0C348036801228A405A40026010BDB6
:209C6000082810B517D308280AD0092808D00A2818BF0B2819D1A0F1090394480C3802E02D
:209C8000C31FB6480838012401FA03F204FA03F102F07AF910BDB24C012301FA00F203FA5F
:209CA00000F1A4F1080002F075F910BDB0B508280F4625D3082812D0092810D00A2818BFDB
:209CC0000B2837D1814D0938012400228440214628460C3002F058F928460C380BE09F4D52
:209CE000C01F01240022844021462846103002F04BF9284608382146002202F045F9B0BD5B
:209D0000974D01248440002228462146103002F041F9002228462146083802F03BF921464F
:209D200028460A46303802F035F92C3DAC602C6107B12C60B0BD0021FFF7B8BF704702469D
:209D4000082A12D3082A0DD0092A0BD00A2A18BF0B2A10D1A2F10900012202FA00F1AE480C
:209D60000A4606E07D48D21F00E07D4801219140002202F009B970470246082A0DD3082A46
:209D800008D0092A06D00A2A18BF0B2A0BD14F48093A03E07148D21F00E0714801219140D3
:209DA0000A4602F0F1B8704770B59F4D06460024382E2C6003D02046FFF7C1FF02E0204657
:209DC000FFF7DAFF964801210A4602F0E3F8382E18BF01242C6070BD9349096831B110B984
:209DE0000020FFF7ACBF0020FFF7C6BF704710B90320FFF7A4BF0320FFF7BEBF002100B9DB
:209E000001210846FFF7F3BF014610B508291DD3082916D0092914D00A2918BF0B290ED1B3
:209E20007E4A1468A1F10900012101FA00F3234207BF5268181C926801FA00F00AE000212A
:209E40000AE07A4AC81F0146104600E0784802680120884000EA0201002001B1012010BD30
:209E600000B50220FFF7D0FF002100B90121084600BD10B90B20FFF762BF0B20FFF77CBFD8
:209E800000B50120FFF7C0FF002100B90121084600BD00B50520FFF7B7FF002100B90121AE
:209EA000084600BD62481838026850F8101C11400160704700B50420FFF7A6FF002100B110
:209EC0000121084600BD01207047C04624F8F7FFF0B5574F0120FF25A7F1380420605248E7
:209EE0006561002606604FF6FF7020621C48C8210A4602F04FF8262138463246E5642C381A
:209F000002F048F8C8206063144806210A4602F03BF8464C06210A462046143002F034F89B
:209F2000062120460A46001F02F02EF8062120463246083802F028F83E4C04213246204629
:209F400002F022F80421204632460C3002F01CF8324804210A4602F017F8F0BD48E5F7FFF0
:209F60003CBCF7FF3449354B2E4A0020411A0968C01A0068126801F00601C90100F006001E
:209F800040021143084370472B492C482C4B0022091F511A0968001F121A10681A6801F06E
:209FA0000601C90100F0060040021143084370472148204A00211C305242081A891A02683F
:209FC0000868D101400281F4407180F4406001F4407100F44060084340F0FF0070471649F9
:209FE00016480F4B002210B51831511A0C681830121A10681968E201400282F4407280F46C
:20A00000406002F4407200F4406081F0FF0101F0FF010A43104310BD28F8F7FF18F8F7FF79
:20A0200034BCF7FF4CBCF7FF0CEE000844E5F7FF38BCF7FF14F8F7FFA81A0800D007080086
:20A0400050BCF7FF504910B50020C860088001244C804E49212001F0A3F94D49204601F08D
:20A06000B6F94C49812001F0B2F910BDD3484A4AD14900681288002309180120FBF7A6BA10
:20A08000428841490020891C0A80704741883E4A00201180704710B50446404801F094F998
:20A0A000C648C549E288006809180020FBF7D9FC002010BD70B5C14C334DBF4A2668AB7851
:20A0C00002F1400189190B706B88246841321B121355C288022AA8BF02228020FBF7C1FC58
:20A0E000002070BD00B5284AB44BB34912881B6840311212C9180A70C288022AA8BF0222E3
:20A100008020FBF7AEFC002000BD0246B0B5AB4851880F120068C64900247F1E0BD0BF1E9C
:20A1200012D1602592230D5409184B70D288022AA8BF022204E0D288092AA8BF0922091890
:20A140008020FBF78EFC00E001242046B0BD4178491E15D0491E11D0491E0DD0891F09D0F9
:20A16000491E05D0491E18BF01200BD1FFF788BFFFF78CBFFFF78FBFFFF79CBFFFF7B2BFEE
:20A18000FFF7C3BF7047C04674FB00084FA1000811A400081FA40008ECF9000821A40008D9
:20A1A0002DE9F8478246854CA24E83482768DFF890C2DFF87C92DFF88082A24BB168C019A1
:20A1C00002780025521E0B2A00F28580DFE812F07B0060004E002A000C0083001A018300FB
:20A1E000F800BA0098008500002900F00E814146C91911F802EC11F8032C11F801CC0F78F3
:20A200008E784878CC780B7942EA0E2242EA0C4240EA062042EA076640EA044040EA0360F6
:20A220003060F2E0002900F0F0804146C91911F8027C11F8033C11F8016C0A7843EA0723AC
:20A24000042743EA064343EA02631E6881F83C7080F8415080F84250330A80F84350320C87
:20A2600080F84450310E80F84560B9E0002900F0CC802946009506200A46134600F012FFA4
:20A280002946C7202A462B46009100F00BFFBCE0BAF1000F0BD1294680200A461346FBF720
:20A2A00095F9664C2068C068400808D2B168002900F0AB80FBF718FC01F072FEA5E0012022
:20A2C00001F0D2FAEEE7002900F09F806046C05D7060358099E0012597E0DB19187813F8C7
:20A2E000014C2E46012744EA002407FA06F0044202D03046FFF71FFD761C0C2EF5D384E094
:20A30000DB191A7813F8014C997858782E46012744EA022440EA012807FA06F004420DD021
:20A3200018EA000F03D13046FFF709FD02E03046FFF722FD30463946FFF792FC761C0C2E14
:20A34000EAD362E02E462F463846FFF75DFDB8407F1C06430C2FF7D3FFF741FE0746FFF7EE
:20A3600027FE226849460A238B542268414601F13D0398542268000A01F13E039854206829
:20A3800001F13F031F5420683A0A01F140031A54206801F141073E5422684746300A07F10A
:20A3A00042039854216807F143067554216807F144035D541AE0C0462436010010EE0008FF
:20A3C000092180F840102B4680F8413080F8423080F8433080F84430062280F84530012139
:20A3E00080F8463080F8472080F84810BAF1000F0BD02068494609222B4609188120FBF7C4
:20A40000E5F802E06046C05DB0602846BDE8F88700B50120FFF7C4FEFFF728FE00BD7047FA
:20A42000094800780B2802D00020FFF7B9BE70476436010078FB00082836010068FA00082B
:20A440002536010026360100A9F90008B24AC10001EB4011521860B9506828B110780028DB
:20A460000CBF0422022200E00622BA48062101F08BBD506828B1107800280CBF402280224D
:20A4800000E0C022B448C02101F07EBD0246A24890B5D10001EB4211401887691FB1017BD6
:20A4A000012940F08780017B02296DD0076A1FB10023036201274762012953D0877D07BBAA
:20A4C000477DAFB9077D37B90169416087680021002F2CD00AE0017D491E01754768002181
:20A4E00007B9012141608768002107B301211EE0417D491E41754768002307B9012301213C
:20A5000014E0817D491E2BD0491E25D0491E1CD0491E11D0491E0CD1077D0FB3017D491E81
:20A5200001754768002307B901230021436001703CE00024012111E0002101704160C17DF6
:20A54000491C4B000521037504E004210124002304704360817529E0012403212346F7E7B6
:20A560000221F3E707785FB1032F06D0012F1CBF0021012306D1022103E001210B4601E0C6
:20A5800003210023017010E0077D3FB90021C7690173DFB1C1610121016290BD017D491E69
:20A5A00001754768002307B9012343601046FFF74DFF90BD00218161817502270773417595
:20A5C0000122C261142404750162416290BD994900B5087C022806D00878401CC0B205289B
:20A5E00038BF087006D300200870FFF74FFF0120FFF74CFF00BD01460020022938BF01206E
:20A60000704700B50246FFF7F6FF40B14249D000002300EB42100918486A4B6200BD002092
:20A6200000BD00B50246FFF7E6FF40B13A49D000012300EB421009180B6108224A7500BDAD
:20A6400000B50246FFF7D7FF60B13349D000142300EB421009180B7502220A7301230B618E
:20A660000023CB6100BD00B50246FFF7C4FF40B12949D000012300EB421009180B610622CF
:20A680000A7500BD00B50A460346FFF7B4FF114668B106290BD8204AD80000EB4310012361
:20A6A00012189375D175002393611362536200BD00B50A460346FFF79EFF114640B10022D9
:20A6C00001B101225B49D80000EB431014310A5000BD002100B10121564A0846107482F8AF
:20A6E00038007047B0B503460F46FFF784FF394680B1002001B101204F4C30B1D90022468F
:20A70000012501EB431108325550D900224601EB43115050B0BDC04630EF00080E48C02102
:20A72000F0B50A4601F030FC0A4806210A4601F02BFC424DC02128460A46183001F024FC9F
:20A740003F4C062120460A46183001F01DFCC02104E0C04648E5F7FF3CBCF7FF28460A46A5
:20A7600001F012FC062120460A4601F00DFC062100222046001F01F007FC2E4D0024274635
:20A78000A5F1240606F8284F7460B4603473346134757475B475F475B461F46134623846BE
:20A7A0007462FFF753FE7F1C022FEBD32C70F0BD00B50246FFF71FFF68B11F49D00000EB5C
:20A7C0004210091D0A1811780120022904D0D16811B9516901B9002000BD1749091D0A78DA
:20A7E0000020012A04D191F82810012908BF01207047022808D21349C200012302EB40102C
:20A8000009188B6100224A627047022811D20A49C20002EB401008390022091801F10C03C2
:20A820008A7518698A6108B11A701A721A615A619A6170472CEF000838EF000834BCF7FFBE
:20A8400040E5F7FF30EF000890B51F460B46114600B90FB9002090BDA14A02EB80021468A0
:20A86000012C07D10A461946FDF79BFA02460B46012007E01068022808BF181CF6D0002077
:20A880000023024687E80C0090BD30B500220446F7F7C5FF88B9002120460A46F8F775F80E
:20A8A00058B9904DE4010121002247F23053A5F11800201AF7F71CFF08B1022030BD641B8D
:20A8C0002168002011F0210F18BF012030BDB0B50446271CADF1340D03D111B1D1F8540233
:20A8E00008B1002031E08D8843F2C874AC4203D047F28C30A8421DD168460021342201F044
:20A9000005FA802327208DF80130EF228DF8000069468DF80220072338468DF80330FFF756
:20A92000B4FF48B9AC4205D13846F8F749FA002150B908E0012008E047F28C320021AA42D0
:20A9400002D1012800D1012108460DB0B0BD002812BF0020A44951F82000704730B558B974
:20A960005F4982000024A14B9F4D8C50D158AC50491CD150FCF7D8FD30BD10B5B1F8A43033
:20A98000B1F8AA2004464FF6FF71ADF1340D994227D0580825D3914201D050081ED26846A2
:20A9A0000021342201F0B2F980238DF80130B0228DF8022027208DF800006946D8234F22CB
:20A9C0008DF8033020468DF80520C2238DF80630FFF75BFF10B1401E03D005E00120014680
:20A9E00004E00021012001E0002108467E4A0DB042F8241010BD30B50024C1F8C042054612
:20AA0000A1F8CC42FFF7B9FF18B13548012440F82540204630BDF0B5764A754E01F52073D5
:20AA200001F50B7C282701F504741CF8015B7F1E86EA050602FB06F6F7D1142714F8015BF0
:20AA40007F1E86EA050602FB06F6F7D1082713F8014B7F1E86EA040602FB06F6F7D1624C11
:20AA60008700241D3D192D1D2B6813B1E25996420BD0FDF73BF918B9002101202960F0BDB8
:20AA8000012802D1E651012028600020F0BD30B50C4605463422ADF1340D0021684601F096
:20AAA00035F9272080228DF80000D4F874128DF80120002928460CBF402142218DF8021045
:20AAC00001248DF80C4040218DF807106946FFF7DCFE002100B9214608460DB030BDC046C5
:20AAE00038F30008E0FEFF04F0B5061C0F4662D1FFF734FF002F5ED0D7F8540200285AD1F5
:20AB000007F5207090E83000002D08BF002C52D0D7F8A40200284ED007F5207003C807F5B1
:20AB20001E7282E80300B7F800014FF6FF74844201D0C00806D230463946FDF747F9022826
:20AB400006D050B930463946FFF765FF002832D030463946FFF74FFFF0BD01282BD1B7F8E3
:20AB60000001844227D010F0060F24D1D7F8540208BB07F5207090E83000002D08BF002CD1
:20AB800019D0D7F8A402B0B130463946FFF77FFF88B107F5207003C807F51E7282E8030004
:20ABA00030463946FFF7E9FE28B1134A0221012042F82610F0BD0020F0BD28B90A49002209
:20ABC00001EB8000426082607047002812BF0020094951F820007047002812BF00200349DE
:20ABE00051F820007047C04640F300083CF30008C59D1C819301000138F30008C84BF0B53E
:20AC000040F28442044602FB04F0185800250E4668B1B7685FB12046FFF7D7FF874206D1FE
:20AC20002046FFF7D9FF7168814208BF01252846F0BDBC4940220A6008B120200860704753
:20AC4000B84A10B56023044610321360FFF7D6FF002818BF012008D1CA480023C0EBC41033
:20AC600003601846FFF7E5FF184610BD2DE9F041061C0F4649D1002F47D0A94940F2844008
:20AC800070430858002840D0DFF8F882F401A8F12000251A69682868084336D13046FFF70C
:20ACA00094FFB8603046FFF797FF786039463046FFF7C6FF48B355F8201CB34839600840FF
:20ACC00045F8200C39463046FFF798FF48B169682868084305D10120FFF7ABFF0120BDE887
:20ACE000F08130463946FFF789FF38B940460021241A8C4F216040263E6006E0396840462D
:20AD0000241A01202160FFF794FF0020BDE8F0812DE9F0410C46064690461146FFF790FFFD
:20AD2000214618B330460022F7F779FD071C05D1002130460A46F7F728FE07460120FFF78D
:20AD400078FF924D4FB9F4010121002242F22833601BF7F7CDFC071C0BD0F401601B0068C5
:20AD6000400806D330460121F8F7D4FE0020BDE8F08130464146FFF763FF0028F6D00126B9
:20AD80003FB980480C38241A206810F0210F08BF00260120FFF74DFF002006B90120BDE8C4
:20ADA000F081784A0968C2EBC01001600120FFF740BF2DE9F0470F1C8146ADF1400D07D0FA
:20ADC0004FF0FF080DA987F80080FFF74FFF08B9002050E068460021342200F097FF4FF039
:20ADE000010A4F2627218DF80010B0238DF80230D0228DF8032080208DF80100634C8DF878
:20AE00000CA0644D8DF80560C22128344FF400730DAA48468DF80610C4EBC9140893694640
:20AE20002560FFF775FF0DA9064625604846FFF707FFF0B1C6B15948574903681E22444684
:20AE400000200646C91811F80C3FC22B09D00B78BE2B02D108B94C795046521EF3D118B133
:20AE600000E04C793C70564648460DA9FFF799FF00E00026304610B0BDE8F08730B504468C
:20AE80000D46FFF7DDFE28B120462946FFF789FF012030BD002030BDF0B50646ADF1400D6B
:20AEA0000DA9FFF7E3FE002808BF002035D068460021342200F02AFF394940F284402722F2
:20AEC000802370438DF8002008588DF8013000280CBFE721EA212F4C2D48F5010DAA8DF839
:20AEE0000210A41E2D1A304669462C60FFF710FF071C2C600AD0E0208DF8020069460DAA0B
:20AF00002C603046FFF704FF07462C6030460DA9FFF7B4FF00B90027384610B0F0BDC046B7
:20AF200060EC000830FEFFFFF0B50746ADF1400D0DA9FFF79BFE002808BF002020D06846C2
:20AF40000021342200F0E2FEE020802127228DF802000F4C8DF80110124D8DF80020C4EB95
:20AF6000C714384669460DAA2560FFF7D1FE06460DA938462560FFF781FF00B900263046F8
:20AF800010B0F0BDECFEFF04FCFFFFBFC8FEFF04F0FEFF04030000400616010010EE00087E
:20AFA000FCEB0008010000409C490A68920AFCD340F08060C8620868400AFCD3086BC0B2F7
:20AFC000704710B5954C964B2268104218BF002005D11A68521AB2F57A7FF5D3022010BD45
:20AFE00030B50C46054611464FF40070FFF7E9FF2A4680B9894D4FF48070EA62FFF7E1FF13
:20B0000048B9296B28682160400903D310210120296030BD002030BDF8B584460F1C02D022
:20B02000BCF1070F01D90120F8BD00247C483C807C4D06686946324628467F38FFF7D0FFB1
:20B0400088B928466946324640EA0C10FFF7C8FF48B9009D744869463246FFF7C1FF05F0EB
:20B060000301090208B1044604E0009800F0FF00014339802046F8BDF0B56C4C17460E462D
:20B0800005463C4302E0012000F01CFB00F02DFF2046FFF789FF3846FFF786FF28408642B3
:20B0A000F1D1F0BD2DE9F04307460D4607985F494FF001091C4694464FF0000809FA00F032
:20B0C0000304384683F47F03801E03F47F0353D0401E30D0C01E27D01A3806D0A7381ED090
:20B0E000113818BF4FF003086CD147EA030040F08050FFF759FF10264446022C34BF4FF007
:20B100008050404625FA06F101F0FF0108431843FFF74AFF641C083E032CEED34DE043F0D7
:20B12000C700FFF741FF48E043F00600FFF73CFF0220014643E00846801E1843FFF734FF84
:20B140000327102625FA06F000F0FF00184340F08050FFF729FF083E7F1EF3D194B3641EA2
:20B160000CBF40464FF080501843FFF71DFF0CF8010B002CF3D125E00846C01E1843FFF780
:20B1800013FF0327102625FA06F000F0FF00184340F08050FFF708FF083E7F1EF3D164B125
:20B1A000641E0CBF41464FF080511CF8010B19430843FFF7F9FE002CF2D1484641461A4693
:20B1C000FFF75AFF4046BDE8F08370B5184E40F6036101200325A6F114040A46206030461F
:20B1E000656000F0D1FE40F2016130460A46001D00F0CAFE0F48A064E564042020630E48FB
:20B2000020650E484FF080710A4660650020E0603046103800F0B8FE70BDC04610F8F7FF19
:20B2200010FCFFFF80000511000005010500001014F8F7FF00000202080301010824000113
:20B240008F4800B50068052808D10020FAF7C5F88020FAF7C2F80020FAF75EF900BD10B5F1
:20B26000874C103CB4F8720040B194F86C0020F07F00802814BF0220012000E003202061D7
:20B28000FCF7D7F808B105202061FFF7D9FF10BD10B57B4C216801290AD0032906D1B4F82A
:20B2A000480008B1FAF793F800200EE005200CE08268002A08DDC1684368994204D101680C
:20B2C0008020FAF70BFC01E004202060FFF7B8FF10BD90B56A4C2168022906D0042902D053
:20B2E0000520206012E00020FBE78268002A03DDC1684368994205D063490F6807B1B84763
:20B300000320EEE701680020FAF7E8FBFFF798FF90BD70B55C4C064604251C3C54F8040F05
:20B3200020B10146304688476D1EF7D170BD574B024600B50846110A38BF1033920022F446
:20B3400000729958884700BD10B5504C022004F108018B6A0A6B0B60401E0A6101F10401E8
:20B36000F7D14B4901200860FAF79EFC54342068804710BD10B5454C022004F108018B694F
:20B380000A6A0B60401E0A6101F10401F7D1404900200860FAF788FC50342068804710BD20
:20B3A0003C4A1368042B28BF01200CD202EB83035966116800F07F00511881F8740011688E
:20B3C0000020491C116070472F49086070472F4A030A38BF1032800020F40070115070474E
:20B3E0002A49543108607047284A030A34BF3832303220F080008000083811507047254922
:20B400000A1D1268042A28BF012006D201EB820290644A680020521C4A6070471B49503193
:20B4200008607047020A34BF184A1A4A20F0800080000838283211507047124810B5002126
:20B440004FF40E7200F062FC124C0021702204F1080000F05BFC10491248104AA16100680F
:20B460000F49A26000F586300860FCF711F800F0EFFC0D480D490E4AFAF7E0F910BDC046E8
:20B480004CF900083CF90008E4FB00088CFB00086CF9000884FB0008D3B2000891B20008E0
:20B4A00064F8000810EE00085FB200082FB3000813B30008411A4FF0000058BF01207047C8
:20B4C00001467D4801700020FFF7DCB810B504460020FFF79AF9002C0CBF0020072077498F
:20B4E000086010BDF0B5754C164622680F460546002E40F095803AB1072A05D06169FFF707
:20B50000D9FF002840F08F80101C7DD0401E6ED0401E6AD0401E59D0401E4CD0401E26D0EA
:20B52000401E01D0F7B181E00020FFF76AF800287CD0207A60B1012804D006280CD100F044
:20B540002FFD0EE00220FDF7BCFEF7F7C8F802E00120FDF7B6FE207A012802D8A5610320E2
:20B5600060600FB9002059E00722104656E0E1680A461FB12846FFF79DFF78B128461146DE
:20B58000FFF798FF002851D0207A06282EBF0020401CC0B2FFF794FF03203FE041F288307C
:20B5A0004EF6602140192061491961610020FFF720F90622D9E73FB121692846FFF77AFF5A
:20B5C000002833D001202FE0052027E0002F2DD041F2883105F57A734EF660204919E3607C
:20B5E0000422216140196061BFE7FFB9D4E74FB121692846FFF75EFFC0B10020FFF760FF3F
:20B6000002200BE000200FE087B141F288304EF6602140192061491961610120206005E0A2
:20B6200022B1072A02D03846FFF750FF206A30B1E1692846FFF73EFF08B1002020626268F6
:20B64000002A2CD0022A25D0A1692846FFF732FF28B3012A16D0032A0BD0042A1FD10020D2
:20B660006060FAF78BFA05F5FA65E56101202062F0BD6EB9FAF738FA11480568042005F577
:20B680007A750AE026B96D1CA56103206060F0BD0220FBE71EB901206D1C6060A561F0BDDB
:20B6A0000649002008604860C860086148618861C861086208727047B0EE0008A8EE0008E0
:20B6C00030FCFFFF10B57349734B0C681A688218904208D91868824205D20868844202D398
:20B6E00018688242F9D318688242FCD810BD70B5694D0E46C300012105F1740201FA00F4E6
:20B70000A3F56C7314601A68800081402846B218001F1A600A465E6000F036FC21462846A5
:20B720000A46703000F030FC70BD10B55B485A4C03684FF47A7104F12402002010605943E2
:20B7400042F8040C491E51604FF4FA71FFF7CFFF0120FA21FFF7CBFF02206421FFF7C7FFB6
:20B760004FF4802120460A46703000F00DFC022120460A46103800F007FC10BD494A464993
:20B7800010684FF48023401C106078310B607047404A414910684FF40033401C106078313D
:20B7A0000B60704710B53E4C00212160C4F880103A48616100682161401EA06136484FF4DC
:20B7C00000310A46703000F0DFFB012120460A4600F0DAFBFFF7A9FF10BD334810B50068CE
:20B7E000FDF7EFFEFAF772FB304C206818B930490120086003E0FDF74CFC00202060264806
:20B8000004217830016010BD23480221783001607047284870B5016841F21A028A421ED1D7
:20B82000274CA4F11806244A316805468A4202D02248884201D100F0B3FBD5F89C0170B1C3
:20B840000720F0602168490E09D3D4F89815C90AFBD2C6F8AC0540F20C40C6F8B0051048E4
:20B8600001218830016070BD10B50E4A0C49136830310C680419A04208D90868844205D2B1
:20B880001068834202D308688442F9D308688442FCD810BD30F3000810FCFFFF14EE00087E
:20B8A00000FCFFFF34F300080CC700FC78E900081CEE00083CF90008401408014214C8005D
:20B8C0007CC100FC2DE9F0413B4F3C483C4C4FF40E71002640F28442C7F80C1131460660B9
:20B8E000204600F013FAD7F8C0013146400C18BF0121344D0028A9600CBF4B2028206860A1
:20B9000000F042FAFFF761FCFFF74CFFFEF7E0FA2868EE214FF4A03200F0F8F900F0C4F956
:20B92000F4F7DDFCFDF7E4FBFFF787FDFCF7A0FBF9F70EF9F7F70AFDFAF720F9FDF755F930
:20B9400000F0C0FA4FF4001800F0CFFAF7F7BCFFD4F8400404EB8000D0F84404F8B1D4F87C
:20B96000402404EB82009300D0F83C13C7F8108003EBC200201800F55F708847D4F840046E
:20B9800004EB8000C0F84464D4F84004C7F80080401C1028C4F8400428BFC4F84064FDF7BA
:20B9A0009DF9E8680028CFD0FDF732F90028CBD1EE6030BFC8E7C04630FEFFFF10ED00E0FC
:20B9C00088E9000810EE0008642988BF64213A4AC2EB80200268642389B2B2FBF3F251436C
:20B9E000416070473449091FC1EB8021096800290CBF64210021FFF7E7BF2F490122083182
:20BA0000C1EB80200260704730B50346642988BF64212A4C2848246810250C3089B2624377
:20BA2000C0EB832064240560B2FBF4F3C26059430161012540F8045C12240460456030BD2D
:20BA400064214FF47A62FFF7DFBF0146F0B51C48194B46688A0200F10804D11A07682568DC
:20BA6000096876B954F8274085687F1C1E2F0760A5EB040401FB04F1B1FBF5F40ED1012118
:20BA80000BE07F1E076054F82740A5EB040401FB04F1B1FBF5F401D1002141601B1FD21A2C
:20BAA0001460F0BD044910220C31C1EB80200260002101617047C046EC77080014EE000846
:20BAC00028EE00082DE9FC41334D344E2222AF1C311D384600F03AF905F12404382100205E
:20BAE0004FF48073224629804FF4783100900320FFF7D8FAB84600283DD130680421261D64
:20BB0000019016F8010B01AA01F00303D75C491CC019D054080AF4D09DF804002178884271
:20BB200029D19DF805006178884224D19DF80600A17888421FD19DF80700E17888421AD1C1
:20BB400004F1080140460A2200F000F908F10A0004F11201082200F0F9F808F1120004F136
:20BB60001A01102200F0F2F894F8A51094F8A40040EA01202880BDE8FC810748008828B168
:20BB80004FF6FF71814218BF012800D1372070470148801C7047C0468CEF000868C30008F6
:20BBA00027482849C0F800132749C0F804134FF4E021C0F8241CFF210160704770B5FFF70C
:20BBC000EFFF224D4FF0FF30A5F1440420604FF4B0126060002044F8300C4FF47F0144F8E0
:20BBE0002C0C0A2044F8380C284600F0CDF9184E4FF47F414FF4A062304600F0C5F94FF42A
:20BC00007F414FF4A052284600F0BEF94FF47F414FF4C0622846001D00F0B6F94FF07F4189
:20BC20004FF02062304600F0AFF90A4844F8100C202044F8100C402044F80C0C70BDC0460C
:20BC400000E100E0E0C0A0806040200084FEFFFF94FEFFFF530F600000204FF07D41254B44
:20BC60008860254AC3F8E821C860244AC3F824228861C861704700214FF07D400161214A5F
:20BC800042611F4B81611D4A1A60C161704700224FF07D4106230A6019484B60164B8A60F2
:20BCA0003C380360CA6070474FF07D41002205200A604FF40042486012480A61401E486125
:20BCC000FFF7CABF4FF07D40F021416400214164006C70474FF07D41086C086470470A4864
:20BCE0000068C0F30010704707480068C0F340107047C0463CF90008000010C0000014C00A
:20BD000060FB000806000080400000FDC0B5844686181CF0030F10D141EA012041EA002387
:20BD200026F00302604641EA0323824205D0121A97107F1E40F8043BFBD1864204D0361AB9
:20BD4000761E00F8011BFBD16046C0BDC0B58E1841EA0002034612F0030F0BD126F00302B0
:20BD60008A4207D0521A971051F8042B7F1E43F8042BF9D18E4206D0761A11F8012B761EC5
:20BD800003F8012BF9D1C0BD30B5184D154901202C1F2060002008604860042002210A46DA
:20BDA000E0632846383000F0EFF80F484FF080710A466060284600F0E7F80E480C490068AC
:20BDC0004FF4E1334FF4613201FB00300721B0FBF2F0A162401E8021E0620A46284600F063
:20BDE000D3F830BD50F300082200020204E5F7FF48E8010014EE000830B58188552902D1C1
:20BE00004188372901D0012030BD017821F07F02802A4FF0010119D14278702A16D1C088B7
:20BE2000022813D10D480C4D4FF48634026829606023A3540A4B016892255D540168022229
:20BE400001F586318020F9F70CFE0021084630BD04494020FFF7A4BA4CF9000810EE0008EB
:20BE6000010C0100F9BD00081449B1F1FF3F12D00868091D78B151F8042B28B111F8013B82
:20BE8000401E02F8013BF9D1C91C21F0030151F8040B0028EFD170474FF00060016881F3D7
:20BEA000088807494FF000600860FFF7DDFF00F059F8FFF783FEFFF705FDC046B0BF00089C
:20BEC00008ED00E00E490D4809684843400B40F6FF71401E814238BF081C0A4908600A4BA8
:20BEE00041F8043C1F224A60704706484EF21A51083001604AF25C310160704748CA06009C
:20BF000014EE000894FCFFFF1253EDAC0A4801684AF6DC428A42416004BF4AF6BA310160B6
:20BF2000001D7047044801684AF6BA328A4204BF4AF6DC410160704720EE000800BFFDE78F
:20BF400000BFFDE700BFFDE700BFFDE700BFFDE700BFFDE700BFFDE700BFFDE700BFFDE7C9
:20BF600000BFFDE700204FF4807240F8300C054940F8302C4FF0FF30086648668866C866CD
:20BF80000860704740E0FFFF03680A408B431A430260704703680A408B431A430260704772
:20BFA0004FF400406FF01F0108607047FFF7F8BFC500000068F80008120100030000000967
:20BFC0005A1A05008302010203010A061002000000400100040309041203540041004E00ED
:20BFE0004400420045005200470022035200440058002000200020002000200020002000EA
:20C000002000200020002000200020001A0330CA300039003800370036003500340033009F
:20C02000320031003000050F2A0003071002020000000A1003000E00010A0A0014100400A9
:20C0400000112233445566778899AABBCCDDEEFF09022600010100C00009040000020806D8
:20C0600050000705830200040006300F0000000705030200040006300F000000000000003C
:20C080008000000028EE00080000000000000000001000006E0F0000D80E0000100E000071
:20C0A000E40C0000500B0000C409000000080000A805000000040000D402000000020000D7
:20C0C0006A010000FF000000B4000000800000005A000000400000002D00000020000000DB
:20C0E00017000000100000000C0000000800000006000000040000000300000002000000F6
:20C1000001000000000000000D00000080F300080000000900808389B0B1B2C0C2C046C0A6
:20C120001200000090F30008700000000000000A00000000000000000000C0460E000000D4
:20C14000A4F30008090C00000000000000000000000000001400000074E9000800000000B2
:20C16000000000000000000000000000000000001000000010EE0008000000C000000000E9
:20C1800000000000000000000400000030F30008000000000400000034F30008000000003D
:20C1A0001000000058F30008000000000000000000000000000000000C00000030F90008DF
:20C1C0000000000000000000000000000800000084FB0008000000000000000004000000CC
:20C1E0000CEE0008000000000400000020EE0008BAAB0000040000004CF300080000000073
:20C20000000000004F50454E524458313031323334353637383941424344454673D528803B
:20C220001AEFC032D3A53637B035F65D72809151B2F127C6B2050E9BACC76F3B982F8A4272
:20C2400091443771CFFBC0B5A5DBB5E95BC25639F111F159A4823F92D55E1CAB98AA07D8FA
:20C26000015B8312BE853124C37D0C55745DBE72FEB1DE80A706DC9B74F19BC1C1699BE4F8
:20C280008647BEEFC69DC10FCCA10C246F2CE92DAA84744ADCA9B05CDA88F97652513E98DC
:20C2A0006DC631A8C82703B0C77F59BFF30BE0C64791A7D55163CA0667292914850AB727BC
:20C2C00038211B2EFC6D2C4D130D385354730A65BB0A6A762EC9C281852C7292A1E8BFA27B
:20C2E0004B661AA8708B4BC2A3516CC719E892D1240699D685350EF470A06A1016C1A419C5
:20C30000086C371E4C774827B5BCB034B30C1C394AAAD84E4FCA9C5BF36F2E68EE828F7424
:20C320006F63A5781478C8840802C78CFAFFBE90EB6C50A4F7A3F9BEF27871C63031303094
:20C3400054492D4453470000545553423932367854414E4442455247524458202020202009
:20C360002020202020202020785634123733363032343238383954414E44424552475244BB
:20C380005820202020202020202020202020000004060B000304060B50617373776F726425
:20C3A0003A00000042FBA7FB2B0932005E1BBEC2DB8245160800400040000002080040007B
:20C3C0004000400000004000000200040000400000020004FFFFFFFFFFFFFFFFFFFFFFFF5D
:00000001FF
