:020000040800F2
:2000000048E9000831C50008DDC50008EDC50008E5C50008F9C50008D5C50008D9C5000885
:20002000D9C50008D9C50008D9C50008F5C50008F1C50008D9C50008E9C50008E1C5000844
:2000400045C6000845C6000845C6000845C6000877BE000889390008193C000845C60008DD
:20006000F5BD0008E1BD00083FBE0008E19C000845C6000845C6000845C6000845C600084A
:2000800045C6000845C6000845C6000845C6000845C600085D8500086DBE000845C60008D1
:2000A00045C6000845C6000845C6000845C6000845C6000845C6000845C6000845C60008A8
:2000C00045C6000845C6000845C6000845C6000845C6000845C600086DC3000845C6000863
:2000E00045C6000845C6000845C6000845C6000845C6000845C6000845C6000845C6000868
:20010000B44A10B502F11C0090E818001069C018D268B14B127C4FF0000141EB040140F2C5
:20012000844404FB02320CCA994208BF90428CBF0C20002010BDF0B5A84E0C461546074681
:2001400070210422F01C317000210CF02BF90021042206F108000CF025F93473757338468D
:20016000B070F0BD90B5071C4FF000041FD19A4940F28440784360310858C0B138460AF0A9
:2001800042FCA0B138460AF045FC92491431096881420CD1AA49F801401A016801F00F0136
:2001A000032904D150F8180CC00938BF0124204690BD2DE9F047874C824604F10C000068E9
:2001C000DFF88082057C4FF060092846C8F81090FFF7C8FF30B92846002103F093FC0E206A
:2001E000BDE8F087E168087C8A7C514602F00FFB0026071C1BD19AF80200612803D06028D0
:2002000018BF371C00D101272846FFF7ABFF40B1E168087C897C3A4602F0AFFB30B90827B6
:2002200005E02846314603F06DFC01260E27A6B92846FFF797FF70B9E16881488A7C10385A
:20024000C0EBC51001682846D14001F0010103F059FC0E2707E0C8F80090062F02D0072F52
:2002600001D1F6E70D273846BDE8F0879C48006870470A3806D0203804D0603818BFB0F1AA
:20028000200001D1012070470020704788280ADC882811D008380FD0801E0DD01E380BD0CB
:2002A000801E09D00AE08A3806D01E3804D0801E18BFB0F1140001D1012070470020704770
:2002C00002461078B0F185014FF0000018BFB1F11C0103D19178890928BF0120704710B55F
:2002E0003C499A4C41F21403002297484B6023688A60C018086005F0F0FD10BD0346B1B18E
:20030000774A121D10680068807802090FD310F0030F0CD0086A50B1B0F5805F07D8042B35
:200320004FF0010004D0062B02D00A2B00D00020704710B5002469B18A78EC2A0AD10428A8
:2003400008D10420FFF7DAFF20B1086AB0F5007F08BF0124204610BD024680B5002059B1A4
:20036000032A09D1774A12681268927812F00F0F02D10F6A07B9012080BD10B5024681B1EE
:200380008878B0280DD148794F280AD18879C22807D1C878D03801280AD9401F08D0401FE7
:2003A00001D0002010BD1046FFF7D6FF04460FE0042A4FF000040BD10420FFF79FFF38B137
:2003C000087B012804D1086AB0F5007F08BF0124204610BD5CF30008E0EB000890F3000832
:2003E000C0B5071C21D0574802681168887800F00303022B19D1C00817D30B78387B852B4D
:2004000005D14978490824BF797B40EA012060B1137CC24A40F28441594356582EB14FF0C7
:20042000FF31B1FBF6F1814201D20020C0BD3A6A70430021904208BF01210846C0BDC046C2
:20044000D8FEFF0430FEFFFF30B50546FFF771FF18B92846FFF791FF08B1012030BD887875
:2004600040280CDC402815D020382AD0001F28D0401E16D0801E0DD0801E22D00FE04238BE
:2004800008D082381DD0001F0BD01D3818BFB0F1130004D12846FFF75FFF04461EE0002004
:2004A00030BD0024062D18BF0A2D08D12846FFF725FF20B10846FFF793FF00B101242046A6
:2004C000EBE7042D4FF0000408D10420FFF716FF20B10846FFF784FF00B10124204630BD0D
:2004E00064F30008B0B5044616480068007C0F4630B92FB10AF087FA01280ED0022801D011
:200500000020B0BD08F0F0FC20B120463946FFF79BFF00E00120054611E020463946FFF70C
:2005200008FF012558B92046FFF727FF38B9B878E52803D12046FFF70FFF00B90025284643
:20054000B0BDC04668F3000810260100F0ED00082DE9F041AF4CE16808684078ADF1340D17
:20056000C0F3430838F0010000F0DC80B8F1030FC0F2D680A64DB8F10C0F10DDB8F10F0FDA
:2005800040F0CE80206829460E220BF02BFF2068E1688860E16809200E22CA60C7E06846B7
:2005A000002134220BF0FEFE8020294627224FF0000CE3688DF80100891C8DF8002018688F
:2005C00081F800C00278A12A30D000791A688DF8030090798DF80C00107A8DF80400907A63
:2005E0008DF80500107B8DF80600507B8DF80700907B8DF80200D57B501C8DF80F50067854
:200600000627042576082FD380788DF80B0050798DF80D00D0798DF80800507A01268DF8D5
:200620000900D27A0E708DF80A201AE0C07819688DF8030008798DF80C0048798DF80400A1
:2006400088798DF80500C8798DF80600087A8DF80700487A8DF80200C87A032504278DF8D2
:200660000F00E3681868401C40781968C0F340100590887810F0030025D0401E08D0401EE7
:200680001FD14878400838BF3D1C04D33D4604E04878400801D2485D05E04A19485D12F85D
:2006A000011C40EA0120089018688078C0080CD3197C1A4A089F40F28440484310587843D7
:2006C00002E0586800E0604608909DF80200EC2812BFA1284FF400700890089F604627B1A5
:2006E00019688978090938BF0120069069464046FFF7F8FE68B9E068007C0AF084F9022811
:2007000005D108F0F1FB002818BF15200FD10A200DE06846FFF74DFD09E0C04608EC00081B
:200720000B2004E0087C012103F0ECF900200DB0BDE8F08102460846111C00D108B90020C4
:200740007047AB4A40F2844303FB012211684FF4F813B3FBF0F051B9516A19B1B049096885
:20076000012904D0B0F5807F88BF4FF480707047F0B5144602780025083A0ED0921E0CD05C
:200780001E3A20D0921E1ED05E3A13D0921E11D01E3A0AD0921E08D004E007790FB94FF43E
:2007A000807714E02F46012511E08279C379067A477A03E0827AC37A067B477B43EA022399
:2007C00046EA032601E0C679077A47EA0627954840F2844202FB0102906B10B1166816B9E3
:2007E00010E04FF400764FF0FF32B2FBF6F2BA4208D328B108463146FFF79CFFB84201D377
:200800007E4301E00026032526602846F0BDC046A4F300085CF30008F0B50F1C08BF012093
:2008200000F0BA80067800213246552A43DC552A00F091801E2A24DC1E2A00F0A880122A75
:2008400012DC122A00F0A180002A00F0A080D21E00F09B80521E00F09280121F00F0958080
:20086000961E00F096808EE0B2F1150600F08480761F00F08A80761E00F08980B21E76D06C
:2008800081E02F2A0CDC2F2A00F08180B2F123067BD0B61E79D0F61E77D0B21E79D072E072
:2008A000B2F1350673D0B61F5AD0F61F53D0B6F10B026AD067E0A22A19DCA22A30D08F2A65
:2008C0000BDC8F2A63D0B2F15A065ED02B3E32D0F61E5AD0B21E5CD055E0B2F1910656D0DA
:2008E0000D3E2FD0B61E50D0721E24D04BE0E02A0ADCE02A49D0A83A47D0921E49D0521FC5
:2009000045D0921F0CD03EE0A2F1E106012E3ED9B61E022E39D9F61E39D0B21E35D032E03D
:200920008479C279037A457A224313431D432ED0A22E2AD02DE0807810F0030F27D0000949
:2009400023D226E0847AC27A037B467B224313431E431AD11BE0C279067A164317D018E02E
:200960008379C279067A1A43164310D011E0C278067916430BD00CE0067946B109E0407849
:20098000400904D305E0012105E0802002E0052101E0084638600846F0BD90B50446081C2E
:2009A0001BD0722067492070087800F00F006070887AA0700020CA7A20716071A071E270F0
:2009C0008F7A87B9C97A1D290DD10E2204F10800E149E2710BF006FD06E0E0492046122216
:2009E0000BF000FD0A20E07100BFE079083090BDDCEB000800780A380ED020380CD0001F2D
:200A00000AD0143808D0483806D0001F04D01C3818BFB0F1040001D101207047002070473E
:200A20006CF9000808EC00082DE9FC470021044634220BF0B7FCCA48CA4A0068103001783E
:200A400040F2844A0AFB01F15758002F0CBF402142212722A170E54D22708021617090F81A
:200A6000008095F8212095F82030EE7FAF7F95F81DC095F81CE0D017D9174FEA0029100E66
:200A800049EA0000120201431343180E0A021B02F117024311431E43F8170A02330E360290
:200AA0001A4310433743634601023E02380E43EA06020143130E16024FEAEC704FEAEE72FA
:200AC00040EA010738021843774602436B4647EA0601404609F0D6FD002808BF00202FD004
:200AE0009DE80C009DF8000020719DE80300170E1E021A1C62729DE80C00000A0906084373
:200B000060719DE803001A0A000C0904A2720843A0714021E17147EA0600C0B22072EA688F
:200B2000CA4F127C0AFB0272D2F874721FB900F00F000143E171287C2073697C0120617367
:200B4000BDE8FC8792F300082DE9F04FDFF810B2ABF10C04E06807683A7800210925252A3F
:200B600000F0A5809E2A40F0A080FA7BD20828BF0B257A78102A40F0E880092D40F0E68052
:200B8000BE7AFA7A3B7B7F7B42EA062243EA022357EA032A00F08780DFF8B0C2027C40F2F5
:200BA000844E0EFB02C202F51E720CCA0126B046B2EB0802174622684FF0000973EB0903DC
:200BC0001E0E167022681E0C567022681E0A967022681E1CD6701E023A0E32432668327119
:200BE0003A0C1E04324326681B0672713E0A46EA030223689A712268D771027C23687746DB
:200C000007FB02C292F8A3221A72027C236807FB02C292F8A2225A72027C236807FB02C27B
:200C200092F8A1229A72027C236807FB02C292F8A022DA720A4621680A73037C216807FB94
:200C400003C393F8A8324B73007C07FB00C000F52B73B0F8B4021E68301A00B2864201D061
:200C6000002800D51046C0F305268E73C8735F695FB19F694FB18E7B46F080068E73DF6919
:200C80001FB1887B40F04000887301F11000114610220BF087FBBAF1200F2CBF2021514671
:200CA0005846006852E00D4650E00A254EE07A7AD20828BF0B253A7A520828BF0B25BE78DC
:200CC0003B79FA787F79324313431F433DD1092D3CD1017CE04A40F2844303FB012C9CE829
:200CE000C0004FF0000901239846B6EB0806314677EB0907002F08BFB1F1FF3F24BF4FF05A
:200D0000FF314F4626683B020A0E1A43327026683B040A0C1A43727023680A0A3E063243B2
:200D20009A702268D17022689CF82B10117122689CF82A10517122689CF829109171236805
:200D40009CF828200821DA7100E00B2522688260C1602846BDE8F08FA4F3000890F30008EA
:200D600068F30008DCEB00082DE9FC4F1F4CE16808682768467836F0080640F00C81827884
:200D8000DFF8C8800026931112F03F0F02F03F09019300F0B780B9F1310F00F0B380B9F16E
:200DA000330F00F0AF80B9F1340F00F0AB80B9F13F0F18BFB9F1080F40F0A280087C40F232
:200DC000844909FB0080D0F8D80248B108F090F830B907F023FE18B9E068007C01F0E8FF39
:200DE000E068006801781A2932D001E05CF30008427A4178D20828BF0B260025C379027A09
:200E00003D701A207870BD70E068007CC1F3001B42EA032209FB0080D0F888020092002862
:200E20000CBFAA464FF0100A08F05EF800280CBF281C802040EA0A00F87087F804B07D71BC
:200E4000BD714FF0080AFD7123E0C04668E900084179C90828BF0B260079009017213970B6
:200E600000257D70E068007C09FB0080D0F8880200280CBFAA464FF0100A08F035F800283D
:200E80000CBF281C802040EA0A00B8704FF0040AFD70002E40F0DD800AEB070B2946142226
:200EA00058460BF07FFA08211220019B07F80A10012B0BF10101087013D0E068007C09FBC3
:200EC0000080B0F8AA00800934BF281C04204870E068007C09FB0080B0F8AA00C0090AD265
:200EE00008E04D70E068007C09FB0080B0F8A400C00900D320250AF11400CD72C0B29DE09B
:200F00000B26A6E001781A2942D0417AC90842D2C57990F808A03146082238460BF042FAE8
:200F200007F0E2FF4AEA052ACDF800A000280CBF301C8020F870E06800684078C0F300109F
:200F40003871E0680068407800091FD2082207F108003146FA710BF025FAE068007C40F26A
:200F6000844101FB008090F8A2027873E068007C01FB008090F8A102B873E068007C01FBC3
:200F8000008090F8A0021025F8733AE0082538E04179C90802D30B20BDE8FC8F00793146FD
:200FA0000422009038460BF0FDF907F09DFF00280CBF301C8020B870E06800684078000901
:200FC0001ED20822381D3146FA700BF0EBF9E068007C40F2844101FB008090F8A202787295
:200FE000E068007C01FB008090F8A102B872E068007C01FB008090F8A0020C25F87200E077
:2010000004256168B9F1000F0BD0019BE819491B4A4608F033FA2818C0B2854208BF0B2623
:2010200000E02846E168096809781A2904D000213970851E7D7001E0411E39704EB9009F27
:201040002168E2688742916098BF381CE1680926C8603046BDE8FC8FE0EB0008714BF0B5DE
:2010600040F28442044602FB04F0185800250E4668B177685FB1204609F0C5FC874206D18C
:20108000204609F0C7FC3168814208BF01252846F0BDF0B5071C0E4606D12EB1614940F21C
:2010A00084407843085808B90020F0BD384609F0AAFC7060384609F0ADFC60245D4D3060F8
:2010C000314638462C61FFF7C9FF594A50B15749F801131DC31A801A196000220BF0A6FAB6
:2010E000012004E00020C2EBC711086040242C60F0BD2DE9F0434C4FDFF83C911446884691
:201100000646082C0AD148460068827C0121C7EBC6109140002201F0E3FA0446F5017CB1A8
:2011200048460168EB1B8A7C1868012101FA02F2024205D0304602F0E5FC0E20BDE8F08373
:201140003C4F6020414638613046FFF787FF0646374846B13CB9A0F10C01691A096811F028
:20116000210F18BF0D24314A011D691A0A601EB900200E24486004E02D1A114628460BF0F5
:2011800055FA402038600EB1202038602046BDE8F083F0B5074628480068047C0D46002F27
:2011A000ADF13C0D08BF002039D01E4940F2844060430E5836B3204609F025FC022821D16D
:2011C0006846002134220BF0EDF827268DF800608DF80C7001218DF80310062006918023BD
:2011E0008DF802003A0A8DF801308DF80D2040268DF807607902089135B120460DA9FFF75E
:2012000048FF08B90E200AE06846FEF7D2FF02462DB120460DA942F21073FFF76AFF0FB023
:20122000F0BDC04640EC0008C8FEFF0401000040ECFEFF0430FEFFFF68F300082DE9FF4FDD
:20124000DFF84883D8F80C30DFF83CB31A68191D501C0C7B1E7CC77940F2844A0AFB04B4D8
:20126000D279D4F8C05247EA0227002D40D00278520829D2007AC00826D2002F00F02681DF
:20128000082F21D3B7F5006F1ED8086887421BD8DFF89892A44DA34CD9F800003A46291873
:2012A000241820460BF09EF8A178E07840EA012010F00F0F08D1083F874205D34146C968A8
:2012C00049680839814201D20B2000E10009019000F0FC80484601680AFB06BA0AF51E7A21
:2012E000BAF8540000266D18042803D2834618B90A20ECE04FF0040B4FEA4B2228463146D3
:2013000002920BF04FF808344FEA8B10019F0090002F00F0D38000200390217A607AA37A00
:20132000E77A40EA012043EA0021237857EA01274FEAE3714FEA0122617894F807804FEAA1
:20134000136042EA00024FEA03204FEAE17343EA020341EA00014FEA03224FEA116042EA71
:201360000002A0784FEA01214FEAE07343EA020340EA01004FEA03224FEA106142EA0102D8
:20138000E1784FEAE17343EA02034FEA032223794FEA002041EA00014FEA116042EA0002DE
:2013A0004FEAE37040EA02004FEA01224FEA0020194641EA02014FEA116240EA0200627980
:2013C0004FEAE27343EA00034FEA0320A3794FEA012142EA01024FEA126140EA01004FEA3D
:2013E00002224FEAE37141EA000118464FEA012140EA02004FEAE8734FEA106241EA0201BE
:2014000043EA01094FEA0022434643EA02084FD09AE80300894508BF80450AD29AE803001B
:201420000022B0EB080071EB09018A4208BF874201D90C204BE00098B0420BD158460121CE
:20144000FFF7A7FE002842D1029A284600210AF0A9FF00264FF6FF7005EBC603B84288BF15
:20146000381C4FEA18214FEA096283F8008011434FEA09425970761C4FEA18413F1A114395
:201480004FEA092299704FEA18611143039AD970494619714FEA19215971014618EB01084A
:2014A00098714FEA102149EB0209002FD971C2D101981034401E01907FF42FAF36B106F173
:2014C0003F040021A009FFF764FE00E000200090BDE8FF8F2D4A10B5D3681C7CADF13C0DEE
:2014E00002F11C0383E80300012010616846FFF79BFA20B120460DA9FFF7CBFD08B90E2007
:201500000DE06846FEF755FE02460DA94FF4FA632046FFF7EEFD00281CBF0E2810200FB0DB
:2015200010BDC046101E010010160100F0ED00082DE9F04F154CE068DFF84C80017C40F24D
:20154000844909FB0181D1F8D872ADF5BE7D3FB107F0CEFC002700B10127E068002F24D02C
:2015600001680978032920D012291ED04D291CD01A291AD05A2918D0152916D0552914D0BC
:201580001E2912D004E0C04668E900085CF300081B290AD0A22908D0FFE73B2905D0FFE7C2
:2015A0001D2918BFA02940F02F850068FFF722FA30B107F099FC002818BF152040F0478748
:2015C000E168D24A0868D2F800C0DFF844A3DFF838B303781A463B2A3DDCFFE73B2A00F098
:2015E000DF831B2A1DDC1B2A00F09784FFE7002A00F0FE86D21E00F0DD86521E00F0CD8681
:20160000121F00F04781921E00F04481083A00F0FD84D21E00F03483501F00F0138700F049
:2016200009BF1D3A00F03784521E00F01B84521F00F0C583921E00F00287D21E00F02A8184
:20164000921E00F02781521F00F0C080921F00F0EF8200F0EFBE912A1CDC912A00F0E8822A
:20166000423A00F0F2860B3A00F06A83083A00F00783521F00F0E6862B3A00F0DD86D21E33
:2016800000F00881921E00F00581521F00F09E8000F0D0BE9E3A00F0D286921E00F07E82EE
:2016A000521E00F0C986521E0BD0921F00F0F280921E00F0EF80521F00F08880921F40F0C4
:2016C000B9868679C179027AC57A477A41EA062142EA0122E90847EA022723D2A22B4FF029
:2016E000000620D1417820291DD1057935F07F0525D18378C2786168206842EA032292B2CB
:2017000004F006FF30B9584680490068D1F800C0006808E02168E268B842916088BF381CE6
:2017200007469DE30B26057935F07F0507D19C48B84238BF0B2607F2FF10450A05E04FF625
:20174000FF70B84238BF0B263D46002E3CD16E0250460021324660440AF024FE02A8002110
:2017600034220AF01FFE272080238DF808008DF8093077B1E16808680278A22A14BF5F224C
:201780005D228DF814508DF80A202A0A8DF80C200BE0E1685B2208688DF80A2003780022E0
:2017A000A22B08BF01228DF81020407809688DF80B00C8788DF80D0088780A968DF80E00FF
:2017C00002A8FEF7F6FC06463046E5E12F3B4FF0000703D0603B23D0203B46D1384684F873
:2017E000210084F82000E06800688178E177C178A17701796177417921770178AF2906D00F
:20180000417AC90828BF0B27C379007A29E0C17AC90828BF0B27C279037A8179407A1CE0D7
:20182000C17BC90828BF0B2786780EB9C67806B10C27007984F82100E0680068417984F899
:2018400020108179E177C179A177017A6177417A2177C27A037B817A407B42EA012243EA22
:20186000022340EA0320206100E00127381C40F09381FEF745FC002840F08E812169002985
:2018800000F08A8129A8FFF7CFF8002800F0818129A87BE1083B4FF0000767D09B1E65D0CA
:2018A0001E3B0AD09B1E08D05E3B33D09B1E31D01E3B18BFB3F1020374D14178090904D34E
:2018C00001212046A161C06800688078E077E0680068C178A1770179617741792177017881
:2018E000A82908D0AA2906D0417AC90828BF0B27C279007A37E0C17AC90828BF0B27837904
:20190000027AC179407A2AE068F30008F0ED000810160100C17BC90828BF0B2741780909ED
:2019200004D301212046A161C068006886780EB9C67806B10C27007984F82100E068006803
:20194000417984F820108179E177C179A177017A6177417A2177837A027BC17A407B41EA3C
:20196000032142EA012240EA022012E04179C90828BF0B27407800F01F00A077E068006884
:2019800081786177C17821770679266116B94FF4807020613FB9266906B90B2703E0C046BB
:2019A00000FEFF010127381C40F0F680FEF7A8FB002840F0F180E068007C276909FB0081CD
:2019C000D1F8A4623146FEF7B5FEB842C0F0E380DFF804A3DAF8000004F11C0548B9D74886
:2019E0000068806806FB07F188423CBFB0FBF6F0206152A8002134220AF0D4FCE76838689D
:201A00000078FEF736FC8023064627208DF8480168798DF84931C117020E030228790902AA
:201A20001143C2170A43184311020302020EE8781143C2170A43184311020302020EA8782C
:201A40001143C2170A4311026A781843030E19430302D01708431A430002110E08432978AE
:201A60001302CA170243387C19436B468DE8060008F008FE002800F08C809DF800008DF8B3
:201A80004C019DE80300000A090608438DF84D019DE80300000C090408438DF84E019DE8F5
:201AA0000300050E080205439DE80300081C8DF851019DE803004027E3688DF84F71103379
:201AC0008DF85051080A8DF8520100208DF85701197809FB018101F51D714F6A4FF0010C59
:201AE0001FB1DAF80020012A27D0A7692EB90A68002A0CBFC821252108E00A68002A08BF2A
:201B0000CA2103D0002F14BF3D2135218DF84A118DF84B0121698DF853018DF8541142B958
:201B2000ECB29DF84F218DF8550104F00F0414431BE00A0A8DF8552119E0002E14BF612242
:201B4000602221698DF84A21A7698DF84B110A0A8DF853219A788DF85501D2008DF85421D2
:201B60002FB19DF84F4144F080048DF84F418DF856015896CDF864C156901A7809FB0282DF
:201B8000D2F8A422579052A851435A91FEF711FB02E00E2000E00B20074647E08779C1798B
:201BA000027AC37A457A867841EA072142EA0122D90845EA022534BF00270B27C1780279D6
:201BC0004378407919430A43104318BF0B27022E2BD8102D29D34FBB20680026067020686A
:201BE00046702068867020680821C1702068374646602168062201EBC7010E7201F10A0043
:201C00004F7231460AF0CEFB7F1CF2D02068E16888602068C01C01780831A9429CBF0578DA
:201C20000835E0680927C56000E00B27384671E1352B07D0912B03D1C07BC00805D37BE0EB
:201C40000A2067E1407AC00876D20FA8002134220AF0A8FB272180208DF83C10E7688DF8F0
:201C60003D00387C09FB0080D0F8740200280CBFE720EA208DF83E000FA8FEF79AFA49E180
:201C80005546152B654405D0C179077A467A47EA012701E00779467929463A4607F0F2FA25
:201CA000032840F03781F00880F0C283E06801684878420880F0BC8340093DD3002F4FF033
:201CC000000000F027810978152907D0AB79E979082241EA032103E06CF90008E978042200
:201CE0007F1A8918BF1A6D18002F40F313814FF027094FF08008EF2629786C7801F03F0155
:201D0000082914D145A8002134220AF04BFB8DF814918DF815818DF81661287B800934BFA9
:201D2000AA2055208DF8170145A8FEF742FA3F1BBF1E002FE0DCEDE00B20EBE0D0F30008F9
:201D40004778C279057A002F45EA022540F07083C778002F40F06C830779002F40F068830B
:201D60004779002F40F064838779002F40F06083427AD20880F05C83837866680A7C20685F
:201D8000314603F03F0304F0A9FD002800F050832168E268A842916000D80546284620E3D0
:201DA0004968002908BF002206D009F027F80246584600684168006804F02AFA47E3427A15
:201DC000D20880F03583C279077A57EA022760D02068002505702068457020688570206847
:201DE0001022C01C0270097C09FB018303F51E7106C90026114606BF0029D3F878124FF001
:201E0000FF310A0E427022680E0C567122680B0A93712068C1712068022606722068457299
:201E2000E0682168007C09FB008090F8A1028872E0682168007C09FB008090F8A002C87277
:201E40002168082201F10C00091D0AF0CBFA20680574E1682068142F8860A8BF14209CDADE
:201E600038469AE74279D20880F0E282007900F0010540080CD3087C09FB0080D0F8D802BA
:201E8000002800F0C18007F033F8002840F0BC80A5600020DBE24179C90880F0C982C378D0
:201EA000027955466544294642EA032207F09EF9014603292FD1E0680268501CC778D278FB
:201EC000174340F0B582007800F00F00042822D100200021FFF7FEFA011C1CD1E068007CAE
:201EE00009FB008000F51E7003C801220023801A9941FFF7EFFA011C0DD1E068007C09FBB4
:201F0000008000F51E7003C8CA07400849081043FFF7E0FA014608463DE24279D20880F0AD
:201F200087820079820855D2087C09FB0080D0F8D802002868D006F0DBFF002864D138A857
:201F4000002134220AF02EFA27218022E0688DF8E01001688DF8E1200979490822D2017C0E
:201F600009FB0181D1F87472002F0CBFE721EA218DF8E210007C36A9FFF78BF8002843D099
:201F800038A8FEF716F90246E068007C36A947F23053FFF7AEF8002840F0FD81E0208DF8BF
:201FA000E20013E0002084F8210084F82000E077A0770F2760770126277738A82661FEF757
:201FC00033FD002808BF0E2000F0E58138A8FEF7F0F8E0E140080CD2FEF748F938B907F09C
:201FE0009EFA00287FF455AF06F03CFF51E714202DE2087C09FB0080D0F8D80220B106F08D
:2020000077FF00283FF445AF0E2020E24279C37805798778D20845EA032A80F0098240786F
:20202000E34D400859D2002F40F0998127463868002140220AF0B6F92068802141702068E9
:202040000626867020680226C67020683B2303712068082205F1180108300AF0C3F92068E7
:2020600005F12001102210300AF0BCF920682B1D0422194620300AF0B5F92068382180F882
:20208000241020680322D9A125300AF0ABF9206880F828602068572180F8291020685025BC
:2020A00080F82A502068042380F83A302068602280F83B20206880F83C302068C02680F86E
:2020C0003D602068172580F83E50216830233A4681F83F30D068402653E120686668B02F4E
:2020E00002460EDCB02F6DD0002F00F03F81803F00F01C81FF1E00F03481B81F00F0C0809E
:202100002DE1B13F3BD07F1E15D00E3F09D0BF1E40F025810A7C314604F072FA061C08D004
:202120002CE10B7C31461A4604F0DAFA061C40F025810D202FE12068002108220AF032F93F
:202140002068B221417020680427C01C0770E168097C09FB018101F530710F686FB1802249
:2021600082704F684FB1827842F0020282708F681FB1817841F0040181700826FEE0206819
:20218000002140220AF00EF92068002101702068B12242702068817020683C27C770E168B0
:2021A0000A7C09FB0282D2F8D872002F66D0B2F8CE228280097C09FB0181B1F85011871D43
:2021C00039805BE02068002140220AF0EBF82068B021417020683C27C77020680126C67111
:2021E000E068007C09FB0081D1F8A012FEF7A2FA22685FFAB0F1117223685FFAA0F75F7237
:2022000025685FFA90F6AE722568E8722568297321684F7321688E732168C873E068007CC5
:2022200009FB0080B0F8CC22900A18BF4FF48062E5689005A0EB8210030A00F47F46020621
:2022400003F47F4342EA0622134343EA10634B61287C09FB0080D0F8C0721831002F0CBF6A
:2022600000237F231A0A180603F47F4502F47F4240EA0520024342EA13620A6040267DE083
:20228000206800214FF40F720AF08CF8206800210170206889274770226843F6020305F18C
:2022A000080102F10800538006220AF09BF8206805F11001082210300AF094F82068042265
:2022C000294620300AF08EF82068342180F82410E168097C09FB0182D2F8D8721FB392F871
:2022E0000112C90924BF402180F82510263002F202210C220AF076F8E068007C09FB0080BD
:20230000D0F8540200280CBFEC20A120216881F83800E1682068097C4FF400723C3009FB2A
:2023200001810AF05FF84FF40F7627E0002313708027477083701422C270097C09FB018191
:20234000D1F8D87227B9001D20210AF02BF804E0001D01F504710AF045F818260EE00B2015
:2023600019E0314604F0BCFA064607E00D2E88BF0D262068374932460AF034F858462746AA
:202380000068396808305645016098BFB246E26809205146D160014608E042790B21D20886
:2023A00004D2407810F0170F08BF002108464EE000CA000841790579C90839D2417831F045
:2023C000010735D18778002F32D1C77887BB206801F00101FEF7E1FA2168E268A842916044
:2023E00000D80546E1680920CD6030E0524458004079C0081CD2087C09FB008101F5387106
:20240000086888B91CA80021342209F0CBFF27208DF8700080278DF87170E5268DF8726062
:202420001CA8FDF7C6FE12E000220F200A600EE00B200CE00A200AE0FEF78AF807E0FEF707
:2024400083FB04E0FEF790FC01E0FEF7F7FE5FB0BDE8F08F80F300082DE9F0430546287CE8
:20246000ADF1380D002818BF012040F02881984C0021182204F10C0009F094FFE560287CCB
:2024800008F0C8FA296860610878E02804DBE82802DC687C06286FD0DFF83892287C40F213
:2024A000844808FB0090D0F85402002861D0E068017C08FB0191D1F8D872002F57D000681B
:2024C0000178A12902D1407A00284DD185294BD001A80021342209F065FFA027FF268DF82F
:2024E000067080208DF809607B4D8DF80A6027218DF805002B688DF8041003F108000168BE
:20250000202912D30122E1688DF80720097C08FB0191D1F8707247B10079802805D19DF82C
:20252000070040F004008DF80700E26811680878FDF79FFE07900878FDF7A8FE0746089763
:202540009868099047B9B0F5805F02D8187B802802D14FF480500990527C0AA809F042FF10
:2025600001A8FDF726FE73E0FDF7F2FF70E00E2490E0FEF7DDFF6BE0E06803682268187887
:20258000E03857D0C01E49D0401E43D0401E38D0401E30D0401E16D0401E12D15F7887B934
:2025A0009F7877B9DF7867B91F7957B95879802807D11046802107F096F9002818BF802048
:2025C00023D10A2044E0002000905E78DD78197998785B7940EA062045EA0025032041EA76
:2025E000052108F039FE2068E1688860E2681068407901462AE003F06FFA0AF01DF8002076
:2026000026E032480178012011702168E2689160E268EEE709200121034602E06023922190
:2026200009201370226851702168E2689160E26802210CE009F0B6FF01462068022209F0EC
:20264000D1FE2068E1688860E26802210920D160002804462DD009380C282FD8DFE800F089
:20266000292624201D1A17120E2E2E0A07C02721002205E05321022205201DE07421082264
:20268000072019E0122404203E21032214E00620282107E002203A2104E00420442101E027
:2026A00005202121002207E0242100E020210022E2E7002001460246FDF73DFD20460EB058
:2026C000BDE8F083054900200860704740F900085CF3000868E90008D0F3000864F300083A
:2026E0002DE9F041002B17460E4605460EDD1C464FF0000828683040874209D04FF47A7009
:2027000009F012FB09F03DFF641EF3D14FF002084046BDE8F0810B461146AD4A10B5C2EB42
:20272000C01004681A1C084618BF147008B1210A017010BD98B504460DF101016A46FFF71F
:20274000EAFFA44A40F284416143501800F534704768002F41D19DF801305B0842D39DF843
:20276000007037F07F0734D19DF80030DB0923D29DF8000080091CD29DF80000400915D2C8
:202780009DF8000000090DD29DF80000800806D29DF80000C00825D300210A461BE00220E4
:2027A0003A211CE006205A21012219E00520212115E00620282112E0007801EB80015218F9
:2027C000D2F80803002807BF032011210720272105E0472103220B2002E004204421002248
:2027E000FDF7A9FC98BD10B5794C04F108010022C1EBC0140121204609F018FF4FF40041A5
:2028000000224FF4FA632046FFF76AFF10BD2DE9F84F0F466F499046034640F2844202FBE6
:2028200003F0081800F527718E6B002E18BF062040F0A1800978414538BF0120C0F09B8099
:2028400063491839C1EBC31151F8044C09684FF0010B0BFA08F221430A4240F08B80CA4EA4
:2028600031687A695C024FEA082504EBC32400EB88036118681803F53A71009100F58130F9
:202880000A603946142209F0ADFDA146B878BF4CAA46A0280BD131682046494440380AEBC7
:2028A000010207F124018018102209F09BFD3D6AD6F800E085B309EB0E005044201847B348
:2028C000F9693368002429B1BE69002E0CBFB04AB04A01E0B04AD218002914BF4FF4F811DC
:2028E0004FF48051A94214D3D7F818C02E462146B6F5783F34BF331C4FF4783302604160DB
:20290000641C5D1E8160F61AC56000F11000EFD106E05846BDE8F88FD7F818C000210C461B
:2029200009EB0E024FEA48104FF480350526831803F5803380182E501868BCF1000F40EA1D
:20294000044408461C6003D01C6844F040041C60009CC4F820C0BC78A02C03D11C6844F056
:2029600020041C605244596002F581329A60D960BDE8F88F0720BDE8F88FCB4BF0B51746F4
:202980000A46014603F11C04C801041B246864081BD33FB9CD4E40F2844501244D43944027
:2029A00072550DE0CA4D012440F28446C71A944006FB01553C60D5F83C132143C5F83C13F7
:2029C0001B1FC11A00200C60F0BD0120F0BDC046E0FEFF0468E9000890B50F460446342261
:2029E000ADF1340D0021684609F0DCFCEF22802027238DF8022003218DF801008DF8003057
:202A0000B44A8DF80310002067B940F28441121D6143515A8A0803D2490828BF0B201CE0A5
:202A20000C201AE040F2844101FB04214F885FB90F8897B10220012200E0401E02FA00F11A
:202A40000F42FAD0203008E00620012200E0401E02FA00F10F42FAD040308DF80C006946E4
:202A600000222046FFF7D3FEC0B9002120460A46FFF783FF90B98C48E401012100224FF4B6
:202A8000FA63001F201AFFF72BFE214630B9C24A891A096811F0210F18BF01200DB090BDBE
:202AA00030B50C4605463422ADF1340D0021684609F078FC272080228DF80000EF218DF820
:202AC0000120002C8DF802102C4614BF10209020002269468DF8030002208DF80C00284673
:202AE000FFF795FEB8B9002128460A46FFF745FF88B9A94DE401012100224FF4FA63A5F12D
:202B00001800201AFFF7ECFD28B9641B216811F0210F18BF01200DB030BDF0B59E4D0746EB
:202B20004FF0FF336622FC01A5F11000211A0B6005F108000A64201A01210A4609F076FDCF
:202B4000964840F2844101FB0706F06FA8B1306F98B1706838B938460021FFF73DFF3846DF
:202B60000121FFF739FF306818B138460121FFF797FF10350120641B20600020F067C6F8DE
:202B8000C000F0BD00207047F0ED000880020100000010C0000014C010160100F0B50C46C7
:202BA000002A014614BFA578E57BB54B40F2844202FB013000F53470067802FB01F707EB30
:202BC00086029B18D3F8E8724FB147683FB96A0805D2012000211D22FDF7ADFA0DE04068F4
:202BE00005F00107074305D1002001460246FDF7A2FAF0BD0846FFF79DFD6949E07848702C
:202C0000607B8870207B0B78C870580834BF0020207A087120794871580834BF0020607A66
:202C200088716079C871580834BF0020A07A0872A079F02748725B48E27907708A72CD72E8
:202C4000E1780571C170E1794171217B8171677B002F0CBF00214021257A627AA77A521975
:202C6000BF180CBF0022202241EAC3110A430272A1794172617981722179C172F0BD10B5B5
:202C8000D64C0A01FF2142F00102C4EBC014204609F0CCFC052009F019F90F210022204620
:202CA00009F0C4FC10BDC046CCFEFF043E4A40F28443102103FB002252F8040F002818BF8D
:202CC000012002D1491EF7D10020704738EC000854E90008C4EB00082DE9F84F0646C04821
:202CE000F401211A0F680022A4EB000B4021584609F09CFCB949002507F04009884608F1B3
:202D00000400A4EB010A201A009050460F21012209F08CFC052009F0D9F850460F2100220A
:202D200009F084FC00980F2103223223FFF7D8FCDFF878C0071C14D028460C2800F101055F
:202D4000E3D3604640F28441903801FB0600D0F8845035B10021C0F884100122C0F88820E4
:202D60000160414640F284424FF08060B9F1000F4FF00105A1F1040102FB06C6A4EB010462
:202D8000206004D0402158460A4609F04FFC35603846BDE8F88FC046E0FEFF04D0EB000863
:202DA000A6F3000890F30008A8ED00084CEC00082DE9F04F324C40F2844AADF1400D0AFB47
:202DC00000FA0F905444D4F8D80238B184480F990022C0EBC110022109F028FC6846002112
:202DE000342209F0DFFA272080218DF80000D4F854728DF80110002F0CBFEC20A1204FF40C
:202E00000072DFF83C838DF80200CE4F0D923968089208EB0100002109F0C4FA0F9869460A
:202E20000022FFF7F4FC0E90002840F0B9810F9800210A46FFF7A1FD00280E9040F0B08187
:202E40000F98664DC6010121002241F65833A5F10C00301AFFF744FC0346002B0E9330469E
:202E600040F09E81E049411A096811F0210F1CBF01210E910E9E3968002E40F0918101E0A3
:202E800068E900081C350222401B02600D9A46467118204609F0A6FA002504F52378A4F897
:202EA0006052A946C4F870523F68C4F894520822A4F85E52404684F86392294684F862925E
:202EC00009F070FAC346F619A4F8B4520A27C4F8BC52DFF86CC3C4F8B85206F11402A4F865
:202EE000CC52308884F8A8920CEB0A01C0F3C010C4F8580232F8020B03067F1E4FEA202055
:202F000040EA134021F8020BF4D10CF1140006F12E020427504432F8021B0B067F1E4FEA24
:202F2000212141EA134120F8021BF4D1604606F1360214271C30504432F8021B0B067F1EF1
:202F40004FEA212141EA134120F8021BF4D1B06F002104F51E7282E80300D4F8540240B134
:202F6000B6F87C7028466FF30E0707B10120C4F87002B6F87E00A4F85C02B6F86A00800805
:202F800024BFB6F88000A4F86002B6F88A10B6F89600C1F38032C4F8C42200F01F0084F803
:202FA0009D02C1F34011C4F8C8120728A8BF0720B6F89810012784F89C02C1F30023C1F3F7
:202FC0004022C4F898320320C4F864220A4607FA00F1114206D1401EF9D105E0D4FEFF0456
:202FE000ECFEFF0484F86302B6F89C10B6F89E00B6F8A0304FF6FF78C1F38001C0F38010AB
:20300000C4F868129845C4F86C021CBF002B84F86232B6F8A600B6F8A810C0F38022B6F8A0
:203020006A30C4F87422C1F38011C4F88812D80824BFB6F8B000A4F85E02D4F8740280B179
:203040006FF0704004F51E71C31706C99A4208BF814206D104F51E7006F1C801082209F089
:20306000C1F9B6F8A800400A10D306F1D801C4F894725846082209F0B5F9B6F8D8006FF32A
:203080000B00B0F5A04F18BFC4F89452DFF8A8C20F98C4F8AC7240F2844E0EFB00C404F58C
:2030A0001E7090E8000CB6F8D400C10B4CD3C113C903B1F5004F47D0400B0CD3B6F8EC1011
:2030C000B6F8EA006FF0004240EA0140411E8A4288BF45000D950D98C4F8A002B6F8D4006E
:2030E000810B3CBFD4F8A002C4F8B0023CD300F00F000F9F84F8A8020EFB07C494F8A81271
:203100004846814214D8D4F8A002D4F8AC22B6F8A2114243C4F8B022CA0B25D3CA13D20377
:20312000B2F5004F1CBFC1F30D01A4F8B4121BE0D4F8AC22401C5200C4F8AC22E1E7C046FF
:2031400010160100F0ED0008D4F85472002F0CBF0D984FF40060C4F8A0020F9FC4F8B00215
:203160000EFB07C4D4F8A002C4F8A40204F5207080E8000CB4F8B402A4F8B602B6F85201F7
:2031800010F00100C4F8C00205D0B4F8D20000B94046A4F8CC02B6F8B201A4F8CE0205E002
:2031A0000020C4F8D8020127C4F8DC72D4F8D80238B1C0480F99C0EBC11002210A4609F000
:2031C00035FA0E9810B0BDE8F08FB949C1EBC0100068C0F303107047B748012100224FF44D
:2031E0007A730160FFF77CBAE0FEFF04F0B50F46514940F284420446002502FB0410C0F8B0
:20320000D8520126C0F8DC62204607F0C5FA204605F04AFEA748AA49A84AA300C0EBC410B2
:20322000C9180560202414600C6814B12FB1374601E0A548C550A348C7500E60F0BDC046F4
:2032400078EB00083C4A40F2844180B5484310270021831803F244437F1E43F8041BFBD194
:203260008018C0F83C14C0F8401480BD2DE9F04F0546314840F2844780466F4308EB0704D9
:2032800004F52674C0192668D0F8D8A28B46002E04BFEE014FF0000904D08D48EE01301A17
:2032A000D0F800902846FFF79EFA82480C38361A306800F0880049EA00005BEA00000ED0F6
:2032C0002846FFF709FD18B10020206401266664BAF1000F03D028460121FFF787FF28461F
:2032E000FFF71BFC79480068032823D1BAF1000F20D02846FFF7DAFCE0B9D4F89C00C8B11B
:20330000D4F8A41107EB81014144C1F83C03D4F8A401012607EB800708EB0700C0F84464D0
:20332000D4F8A401401C1028C4F8A40124BF0020C4F8A401BDE8F08F68E900082DE9F04FF1
:20334000DFF884A1CB4C5F49DFF874B100273846524627605B4643F8047B42F8047B401C82
:2033600041F8047BF7D05B4808F05DFADFF8688101254FF07B464FF48031F56040460A46D7
:20338000C038376009F052F9102140460A4609F04DF9082140460A4609F048F9072102228F
:2033A000404609F043F9FFF717FF08BB02207060DFF8FC80D6F80C903E4605FA06F019EA58
:2033C000000F13D0304600F08DF860B1C8EBC610006800F00F00032808D0B0004BF80050C9
:2033E0004AF8007002E02068401C2060761CE4D02168384601B92846BDE8F08F2DE9F04FE7
:20340000DFF8DCA040F28442064602FB06A505F5367528688B4670B3DFF89880F4014FF021
:203420000009A4EB0807C7F8009008F097FF3046FFF708FF30465946FFF718FF2D68F8687E
:20344000002D0CBF4A46254A414610F0880FA4EB010422600AD01A4850F8260030B98548E1
:20346000006808B1CAF8D892FFF768FF062029210322FCF760FEBDE8F08F2DE9F0417D4C88
:20348000924F8046402620683E6170B10025B8F1020F18BFB8F1030F04D128460021FFF70C
:2034A000ADFF20686D1C8542F1D33E60BDE8F081D8FEFF04ECFEFF04040000FB40FEFFFF0F
:2034C00048E9000850E900084CE9000844F90008CCFEFF047B340008780100FB5F00007920
:2034E00068E9000863492DE9F04F40F284424FF00009ADF1180D1431039002FB0018C8F8C2
:20350000D8920446C8F8DC9207F046F9204607F081FA0590204605F0C7FC6D4A2046C40126
:20352000A51A6A4A20211161C5F80090402145F8041C012181400291C44A5160C149696052
:203540000221FFF79CFB4CF21101DFF8FCA26868CDF8109001421FD0FFE70398FFF743F9DC
:2035600088B9B74810214A46251A284609F05EF828464FF480414A464FF4FA630090FFF726
:20358000AFF8071C0CD00398FFF7A6FB0746AC48201A009027B111E0A9484F46201A00902F
:2035A00050461038211A48680E68064303D00398FFF792FB07460FB9C8F8D492BC4E0399B1
:2035C00030684D024FF4807205EBC1254946281800F5803008F0E6FEDFF8D0B23068494629
:2035E0004FF480722818584408F0DCFE01953168019B50462430201A6A1802F5803202606C
:203600005D465918C0F8049069188160009810210A4609F00BF817B10398FFF75DFBC74813
:203620000F210322FA23201A8346FFF759F80746DFF880A20498401C0228049002D8002FC9
:20364000EAD100E0C7B9504689214A4647F23053201AFFF745F8071C40F0BE807A484FF6BE
:20366000FF7140F201120A23201AFFF739F8074605E0C04654E900080120C8F8DC02002F9C
:2036800040F0AA800398FFF748FA6F483168201A02680198403501275FFA92F65FFAA2F304
:2036A000012E084405444FEA126102D0D0B2012806D153EA01060DD0EB2908BF142B01D03A
:2036C0005FB110E03846C8F8540205E030FEFFFFECFEFF04C8F854924F4608F50070294641
:2036E000102208F07FFE002F76D1D8F8540228B100984FF080710A4608F098FF0398FFF776
:2037000057FB071C05D10398414606F0FEFF00B901279C484FF470614FF44072201A08F049
:2037200085FF002F58D198F8630202283ADB0398FFF74BFD022835D2039D2846FFF753F820
:203740002846FFF7C9FA2846FFF73FFD02281BD2FFF742FD02253D4939480D603949201AFF
:203760000160FA2008F0E0FA03982946FFF787FA009810210A4608F059FF58460F2103221F
:203780003223FEF7ADFF074637BB504689214A4647F23053201AFEF7A3FF071C1CD10398EC
:2037A000FFF7BBF903984946FFF716F9071C13D103980121FFF710F9071C0DD10398C8F811
:2037C0006892414607F0AEF8002808BF012703D0039807F01FF905901B491C4B029A4FF0FC
:2037E000FF306FF040060C39651A2860002F45F8206C4FF0010A5A6040D1039EC8F8E0A2B9
:20380000304605F033FBBD48BD490861304607F001F9059981421BD155F8080C00F00F0087
:20382000032815D155F8200CC00911D2C8F8D8A2C248B34945F81C0C60260E601AE0C046B9
:20384000E8FEFF0402000400DCFEFF04040000FB3A48201A006800F00F00032802D0304607
:2038600007F0C9F830464946FFF7C0FCA4494020574608604FF40010086067B1BC49039814
:2038800051F82000C8F8DCA208B94FF04009B9484946241A2160D8F8380310B1014603983B
:2038A0008847384606B0BDE8F08FC04600010100F0ED0008E0FEFF042DE9F04F05F0AEF823
:2038C00000284DD1AA48DFF80093002635464FF0010B2F46A0F10408BA4658F8040F0028BD
:2038E0003AD0A54CA41923682BB13846FFF7DEF9002831D125603846FFF7D8F950BBBF4858
:2039000080190368E3B10D49C1EBC711096801F00F0103290DD1C8F8005005603846256041
:20392000FFF7E0FDC0B9D9F80000401CC9F8000012E0384607F05FF80EE0C046D8FEFF04C2
:20394000C0F800B03846FEF74EFF08F007FDC9F800A001E0C4F800B07F1C06F10406BCD06D
:20396000BDE8F08F10B5A64C4FF480710A46204608F05CFE4FF480710022204608F056FE28
:2039800010BDC046D4FEFF04F0B508F0FAFD9D4D686DC0F30327002F00F09B8006F014F813
:2039A000894C002863D1286800F00F0004285BD02169022F56D9944A1068401A032898BFD4
:2039C000A06802D9116800202161401C08284AD300271068A760401A032845D8D4F8EC023E
:2039E00004F1140640B9286930B10120C6F8DC023846FEF7F8FE37E0D6F8D8523846FEF7A5
:203A0000F2FE3846FFF768F910B1642008F05EFA1DB138460121FFF7E9FB3846FFF77DF81B
:203A2000E068401CE060FDB13846FFF73FF9D8B9D6F83403C0B1D6F83C1406EB8101C1F8F7
:203A40003C03D6F83C14012506EB8101C1F84454D6F83C04401C1028C6F83C0428BFC6F8DA
:203A60003C7401E00020A060FFF77CFFF0BD2868D4F8EC7204F1140500F00F00032802D0B3
:203A8000002006F0B8FF00200121FFF7AFFBFFF769FF0026A660E7B13046FFF707F9C0B970
:203AA000D5F83403A8B1D5F83C1405EB8101C1F83C03D5F83C14012705EB8101C1F84474FA
:203AC000D5F83C04401C1028C5F83C0428BFC5F83C64F0BD4D4B40F2844250431950704714
:203AE00003464A4880B500270C380360416082607F1C00F28440F8D080BDC0466000200089
:203B000030FEFFFF70B504460846B4B9404D1949602200262A61C1EBC4110E6038B108F05D
:203B20001DFC2046FEF75FFE2046FFF7D5F820463146FFF75BFB4020286070BD5F00007975
:203B400090B598B9314A324C324B40F284414143603A5758236127B90121FFF747FB402077
:203B600000E0602020604FF40010206090BDC04648E90008ECFEFF0450E9000890B54FF054
:203B80007B404FF08061104CC0F83011D4F8EC72D0F82801143400F00F00032802D0002076
:203BA00006F029FF00203946FFF720FB2FB3C9480068032821D10020FFF778F8E8B9D4F8CC
:203BC0003403D0B102E0C04654E90008D4F83C1404EB8101C1F83C03D4F83C14012704EB48
:203BE0008101C1F84474D4F83C04401C1028C4F83C0424BF0020C4F83C0490BD4CE90008AD
:203C0000780100FB280100FB30FCFFFFA0EC000830FEFFFF600020002DE9F84FAE4E3068B1
:203C20004008C0F05481DFF8C092D6F808010127CB46D6F80C51C6F808010540E80980F0E6
:203C40003E81A648284240F02881A8480346D0F800C01C68280942D31846DBF85014DFF87D
:203C600080E203684FF0000888000EF1180E00EBC10000EB0B020BF1140182F890834018E9
:203C80000EEB0302FD2380F87D33127880F87E23D6F82C21DBF83C335A40C0F88023DBF816
:203CA0004033DBF83C039043CBF83C03BBB1D1F83C24D1F82C0301EB8202C2F83C03D1F8EB
:203CC0003C0401EB8000C0F84474D1F83C04401C1028C1F83C0424BF4046C1F83C04E808E0
:203CE00034D3DBF850148800002300EBC10000EB0B027B4982F890333E3961440B780BF19B
:203D00001402801803F01F0C0B6980F87DC34946C0F88433D1F84433BBB1D2F83C34D2F8FD
:203D2000300302EB8303C3F83C03D2F83C0402EB8000C0F84474D2F83C04401C1028C2F8A4
:203D40003C0424BF0020C2F83C044F60680846D363480146D9F85084005D3A46891E0919B1
:203D6000C0F34010C9F8E8020020FEF717FF4FEA8800002100EBC800484400F5647001700F
:203D800099F8E412564B4170195D584C554B8170216899F8E42201EB42115C5809F114017D
:203DA00084600CB158464760D1F82C43ACB1D1F83C0401EB8000C0F83C43D1F83C0401EBE7
:203DC0008000C0F84474D1F83C04401C1028C1F83C0424BF0020C1F83C0444480468A808B9
:203DE00052D33F4859465A464F60223800EB0408D2F8501498F80F30584600F114048800AC
:203E000033F07F0300EBC100204400F55F7A3BD194F8D012D6F830010142FBD100204146F0
:203E20000246FEF7BBFE00208AF8000094F8D0022E4B8AF8010098F802002A4A8AF8020006
:203E4000186894F8D01200EB41101058CAF80800D4F82C03A8B1D4F83C1404EB8101C1F86C
:203E60003C03D4F83C0404EB8000C0F84474D4F83C04401C1028C4F83C0424BF0020C4F8BD
:203E80003C040220C6F80801680E1AD30020FEF7AAFC0020FEF741FE13E0280F0AD2E80F8A
:203EA00008D300200DF101016A46FEF734FC0020FEF740FC00200146FFF7D8F901E0FFF7DC
:203EC0005DFED6F8080100287FF4B3AE3760BDE8F88FC04644F90008080000FB100000781B
:203EE000420101000400010054E90008F0ED00082DE9D043144681460F1C08BF00204DD0D6
:203F0000C148DFF890820068032818BF002309D14046A03050F824004088030203F47F4300
:203F200043EA2023832049463A4601F047FB061C2DD0042E31D1404600EB840258321168DF
:203F400005292AD000F51A710B6800EB8303C3F8E891D0F8683200EB8303C3F80872D0F8D1
:203F6000683200EB8303C3F84842D0F86842012700EB8404C4F82872D0F8683240695B1C0C
:203F8000984298BF00230B600520106005E040460921046100EB840081653046BDE8D08310
:203FA000F0B50746BF480168BD4C7A484FF0000CBE00054601EB4711AA19641884F801C0C0
:203FC0008119D1F8A010926D891C0B8858303618092A63800DD0072A0BD00B2A09D00A2A80
:203FE00005D0082A03D00C2A18BF012034D1072200E006222270AB683BBB2278062A0BD142
:20400000D5F86C2205EB8202D2F8482250F822000B2801D1974218D17B480068032818BF3F
:20402000634605D10888030203F47F4343EA202382202146042201F0C1FA00B9EF6108B99E
:204040000121A960042801D0F0BD04202178062914BF0C210B213160F0BD6B4BF0B51B6857
:2040600014460D460646032B18BF002308D18B4850F824004088030203F47F4343EA202311
:20408000032031462A4601F099FA074641487FB1042F12D100EB840158310A68062A0CD0FF
:2040A0004663856304640122C26306260E6004E0C4600A2100EB840081653846F0BDF0B5CD
:2040C000514A7A4D7A4C12680F460646022A02D1FFF766FFB0B9744850F8260008280BD0A5
:2040E0000A2809D0072818BF09283DD1284639463246FFF7FDFEF0BD204639463246FFF71A
:20410000ACFFF0BD04282FD1224A02EB8600806D0C2824D00B2827D102F51A70016802EB25
:204120008101C1F8E851D2F8681202EB8101C1F80872D2F8681202EB8101C1F84862D2F845
:204140006832012402EB8303C3F82842D2F868125269491C8A4298BF00210160F0BD54639B
:20416000976316640120D063F0BD2DE9F04F094E4C4A4B4C82460F464FEA8A0906EB09010D
:204180001068CB6F002500EB4A10241823B927B908E0C046F4F30008022706EB09000121E9
:2041A000C0F8C41020462946222208F0FBF8032109EB0600217000F1A008A771D8F800003F
:2041C0004088AB466080022FA4F80EB00BD104F110002946FCF7E1FB0546A8B229060012B6
:2041E00040EA1140E081D6F89C0106EB8000D0F8580106F5AC7758BB034800681035032892
:2042000018BF5B460AD101E040F90008D8F800004088030203F47F4343EA2023822021465A
:204220002A4601F0CBF908B9C6F81CA070B9FFE706EB090010218165706950452CD9706AB1
:20424000401C00F03F007062BDE8F08F042823D106EB09005830026801210D2A13D00D2266
:204260000260D6F8980147F82010D6F8980107EB8000C0F820A0386C401C0828A8BF584680
:204280003864BDE8F08F786C401E48BF07207864D6F89C0147F82010BDE8F08F94F4000884
:2042A000F0140100F0ED00084CF40008000010C0000014C02DE9F04FCF4C064631192C31C5
:2042C000B54B0A78B700381900F1A00984F85420D9F80000A2191030606492F82C5040F202
:2042E00084426A439D588A46002D06BF002184F8561084F856600078E02803DBE828D8BF5A
:20430000062000DD102084F855003D194FF0000B04F14400C435C5F800B0FEF79DF880460A
:20432000B8F1080F00F08280B8F1090F31D0B8F1000F0AD0E019806D092803D00A2804D186
:20434000032000E0832001F040F8012028606269B8F1120F0ED0E419A06D0A2800F0858041
:20436000B8F1000F14BF022159463046FFF7FDFEBDE8F08F04F58470016804EB8101C1F8E5
:20438000E860D4F80811491C8A4298BF59468B4669E0CC484FF001080068C5F80080022884
:2043A00018BF584602D13046FFF7FAFD0028216DC54BAB482DD0E219926D0B2A55D11A68C5
:2043C000D4F8685204F5F473821804EB850541F214008842C5F8E82188BF081CD4F868125C
:2043E00003EB81010862D4F8680203EB80000666D4F8680203EB8000C0F840806169D3F822
:204400008000401C814298BF5846C3F88000BDE8F08F41F214028A4288BF0A1C1B6811464D
:20442000C0183246FFF764FDBDE8F08F9AF80010C24A40F2844000FB0120D0F8980228B1B6
:20444000D9F80000007CFBF721FF70B904F58470016804EB8101C1F8E8606269D4F808115C
:20446000491C8A4200D859460160BDE8F08F2DE9FC4F614C0746BD006019D0F8A06001A90C
:2044800006F110094846FCF7C7F906F1100B8046B8F1000F484619D1E1193F4B91F82C206A
:2044A00040F2844606FB02F15E581EB10078FBF7EDFE28B9019800280CBF0A20092009E089
:2044C000019800280CBF0820072003E0B8F1050F02D10F2061198865B8F1010F51D0584680
:2044E000FBF7EEFE3E192C366119DFF850A2C867307840F2844909FB00A0D0F89802A0B9AD
:204500009BF80000FBF7C2FE78B1317809FB01A0D0F8D80248B158466A46FCF729F958BBCE
:2045200000993846FFF7CBFD26E06019806D0A2822D164480068022803D13846FFF730FD62
:204540008046614801689948B8F1000F0CD0B8F1040F1FD1401860634FF48056A66327649A
:204560000125E563BDE8FC8F40183A464FF48051FFF773FDBDE8FC8F3846FFF79BFEBDE869
:20458000FC8F052020210022FBF7D5FD38460221FFF7EBFDBDE8FC8F00EC0008F0B5164C9A
:2045A000A06A656A002814DD04F55C7604F1580306EB85010A6853F82270032F33D0042FC0
:2045C00007D0401E6D1C0028A06205F03F056562EEDC04EB850101F55C710A6804F158062C
:2045E00056F82230032B1ED0042B38D167682FB16D1E30D430E0C046F4F300086C4F07EBD7
:2046000085000068FFF733FF20686D1C05F03F05401E206023D007EB8500016856F821100B
:204620000429EED0F0BDA318624A93F82C30C2EBC31252F8043C17681F430AD1676847B9FD
:20464000012060600868FFF712FF2068401E2060F0BD6D1E00D53F256562401CA062F0BD59
:2046600010260100F0B50E461749C54D09680746082201EB471000212D18284607F092FE12
:20468000C04C04202946BD00087064192068801C02884A800B4ACE711268032A18BF00231C
:2046A00005D10088030203F47F4343EA20238220082200F083FF0646CD489EB3042E3BD140
:2046C00004E0C04640F90008F0ED00084219583211680E290ED1D0F8E41100F5D0724B1EF9
:2046E0000029D8BF07235364D0F8E411012742F82170F0BD0E2300F5F07113600A68012629
:2047000000EB8202C2F8A061D0F8E02100EB8202C2F8C071D0F8E001401C0828A8BF002090
:204720000860F0BDC7612368012241191A741027C1F8C42040198765F0BDC04668E9000881
:2047400030B50446CD488E490068A94D00EB44100918CB48CA89CB890068120202F47F4293
:20476000032842EA132202F1100218BF002309D12846A03050F824004088030203F47F43A4
:2047800043EA2023822000F019FF68B928461022C46100EB84018A654169A14204D9416AA5
:2047A000491C01F03F01416230BDC0461016010064F70008C8FEFF04F0B58D4C04F11C05E6
:2047C0002A6890002118896D3C35102953D12118D1F8A010097C04F1A006012913D00027B4
:2047E000A7603058007CFBF751FD50B1E269A018BE4990F82C3040F2844058430B580BB1CF
:2048000001E0E2696760900021186769D1F8C4306BB300232B506169914228D9315848889C
:20482000C0F3052004EB8006D6F8700204F51C7C891C401EC6F8700204D50888C0F30520E6
:204840004CF8203004F5A870016804EB8101C1F83021D4F85021012604EB8202C2F81061CD
:20486000D4F85011491C8F4298BF191C0160206808B1FFF793FED4F89C0104F5AC7281001F
:204880005758002F6ED1D4F8E40104F5D0728000175857B111180027096A1750506C401CD6
:2048A0000828A8BF381C506400E0012773480068002F4DD07248006802285FD1A068002836
:2048C0005CD1E06B20B1206C55F820100C2933D0D4F86C0280000119D1F8481255F82110D9
:2048E00004F5F4760B2949D13018006EFFF758FB002843D1D4F86C0206EB8000006E05218D
:2049000045F82010D4F86C0280008219116A3058126EFFF7EDFA88BBD4F86C02002106EBE6
:20492000800001646269D6F88400401C824298BF081CC6F88400F0BDFFF732FBF0B9606B54
:20494000A16B226CFFF789FB08B90020E063F0BD0B4A00EB4110D21D125C08461146FFF7E9
:2049600081FEF0BD50180023006A5350516C491C0829A8BF191C5164FFF7E2FEF0BDC04646
:20498000F014010094F400085849F0B5086C28B1086800281CBF0879401C00D10820144C46
:2049A0000021482204F588756061284607F0FAFC6169012604F154070022134657F8040F3C
:2049C000012810D099423A600DD9D4F8500105EB80000362D4F8500145F82060D4F850018A
:2049E000401CC4F850015B1C092BE7D3F0BDC046F4F3000830B50446032000F0E6FC832080
:204A000000F0E3FC07F09CFCC54D0021482205F5AC7007F0C7FC0021882205F5F47007F0AB
:204A2000C1FC0021102205F1340007F0BBFC0021242205F17C0007F0B5FC00214FF48072B7
:204A400005F51C7007F0AEFC0021242205F1C40007F0A8FC0021282205F1E80007F0A2FC95
:204A60000020A8606860286028626862A862E86028610CB1FFF788FF30BDC046F0ED00087D
:204A800040F900081948F0B54438006808B107F0D3FDFFF779FFAF4AD7682FBBA0480446A9
:204AA000D4F8541100F588708900475867B143181D6AA56100264650416C6369491C8B4249
:204AC00098BF311C416400E0A569A448A24912880068002300EB45100918022000F06EFDC5
:204AE00004EB85040120A065F0BDC04600EC000810B58B4C0021242204F1580007F052FCDC
:204B00000021482204F5D07007F04CFC022000F05CFC822000F059FC0020FFF76BFF9048E9
:204B20009049914AFEF7DCFF90490020FEF7D2FF8F49086808B9486808B1FFF7A3FF10BD5B
:204B40008C4930B5822006F063FE8B49022006F05FFE8A49832006F05BFE8949032006F0A9
:204B600057FE884806F050FE7C4D7B4C286800214FF49072201807F015FC834829684FF467
:204B800090724018002107F00DFC65492A680920A031A41841F8044B401E04F12004F9D1DB
:204BA00030BDB0B50F4601460B784FF0FF320024981125D0401E1DD0401E17D0181103F0A6
:204BC0000F0300F00305012B08BF10F0030F17D0022B09D1012D07D14B788878CA7840EAA3
:204BE000032042EA00220CE001240AE04A7802F01F0206E04A78180200F47C50024300E0CD
:204C00004A7807B13A602046B0BDF0B55F4F604C00231D4657F8046F7688B04209D1E6585E
:204C2000012E06D9102E04D2AA421CBF0D60012004D16D1C1B1D092DECD30020F0BD7047EE
:204C400070B5374D06462C46E06880002118896D58350A2918D12018D0F8A000007CFBF73F
:204C600015FB20B97068A064E068FFF723FBE0688200A118D1F8C410002904BF0F20A850E0
:204C800002D00021FFF771FAE06B58B1226C55F82200062806D1606BA16BFFF7DEF908B905
:204CA0000020E06370BDF0B51D4C04F11005286881006218926D4835092A0AD16218D2F8F3
:204CC000C470002F04BF0F20685002D00021FFF74CFAD4F86C028100081900F50A700768DE
:204CE00004F5F476D7B1006A55F82000052815D18A197058116A126EFFF7FAF870B9D4F89C
:204D00006C02002106EB800001646269D6F88400401C824298BF081CC6F88400F0BDC04681
:204D2000F4F300080246CD4890B543690121092B0ED200EB8300C3F10904543050F8047F82
:204D400027B1641E03F10103F8D101E013600021084690BD14FA0008D0130100F0ED000849
:204D6000595100089550000811510008854A000840EC0008B9470008954D0008A74C000832
:204D8000414C0008F14A0008F014010090F400084CF400082DE9FE47B0490C461431A0696E
:204DA00063690A684E68834221D8D4F8543104F588719B00CF58D7B1CA180025176ACD500F
:204DC0004A6C6369521C934298BF2A1C8600A76104EB87004A64A119D0F8A000D1F8A01024
:204DE000202207F0FFFAA01985656269A66904F158084FF0020A48F826A0C34FDFF80C93D6
:204E0000D4F8540104F5887151F82030354633B904F11800FFF786FFF0B9A6690DE0D4F886
:204E2000540180000B181E6AA66100230B50486C401C824298BF181C48644946C54A086854
:204E400012880023394600EB46100918504600F0B5FB012048F826006069A84240F20E8183
:204E6000206A494604EB80000A68C0F87053206A3E4602EB4512B618401C00F03F00206290
:204E80003078CC46012818BF052840F0F58006F1080001A9FFF785FE0198012807D1307822
:204EA000012804D1307CA02804BF0020019070888111821101F0FC0102F0FC026318A218DC
:204EC000D3F870E2D2F87012071204F51C79BEF1000F4FEA006301F1010147EA1347C2F82F
:204EE000701206DD69462A46FFF78FFE002840F0A3809DF8041028192C3001703278DCF8FB
:204F0000001004F12C06012A55D0052A40F0B48004EB85009DF80430D0F8A010002B01F1A5
:204F2000020746D10879401E0DD0401E2BD0801E29D0001F27D0083825D0303821D0403889
:204F400002281ED91BE0C888FF2202A9FFF75DFEB8B10298800058F80010012911D90429A4
:204F60000FD8002648F8006031462846FFF77AFB20680028C4BF401E061C304656E00421B0
:204F800012E0052110E0705D0121FEF737FA0120FFF730FD38880021801100F0FC0059F801
:204FA0000020521C49F800202846FFF75BFBBDE8FE870921F8E70778002F3AD1BC4A40F224
:204FC00084407843175837B1B74801EB4511405CFBF75CF990B92068616850EA01070BD11F
:204FE000725DB449C1EBC21151F8042C0F68174304BF0120606010D0032114E0206861682F
:2050000050EA01070ED1725DA849C1EBC2110A68012707FA05F1114204D12846FFF727FAF2
:20502000BDE8FE87042148F82510401C2060BDE8FE87052025210CE03078012810D1009805
:2050400004EB8004D4F8A0000078012808D10B204E210022FBF76FF8514616E0F4F3000866
:2050600001980021FEF7CAF90120FFF7C3FC07F03F070A21B80092E7514695E704EB8504C4
:20508000D4F8A0000121017428212846FFF76DF8BDE8FE8770B506468748006802282DD101
:2050A000864D2C46206980002118896D58350F2906D12018D0F8A000007CFBF7E7F898B999
:2050C000E068800029580F2918D12018D0F8A000007CFBF7DBF888B1E068012104EB800073
:2050E000C0F8C410E06806E02069012104EB8000C0F8C41020690021FFF737F87078B16880
:20510000FEF7DDFF70BDC046D0130100F0ED00086A4890B5D0F80C1100EB8101D1F8E84088
:2051200000EB84018F6D00F1E80297B1516A4069491C884298BF00210320516200F045F9D1
:20514000832000F042F907F0D3F820460221FFF70CF890BD14FA00082DE9F04F0646707850
:20516000FD2856D0554AD2F80C5102F1140102EB85000B68D0F8E84002EB8400876D443167
:2051800002F1E80067B9D2F80811A94240F38980416A491C8B4298BF00214162BDE8F08FEE
:2051A000456A6D1CAB4298BF00254562B5786D0827D2A00001238218C2F8C43008580F2869
:2051C0001AD0092868D1D2F8A000007CFBF75EF8002861D138480068022804D12046FEF7B1
:2051E000DFFE002858D1364936480A68B16880182246FEF77DFE4FE020460021FEF7B5FF2A
:205200004AE0416A491E48BF591E4162FFF780FF42E0B07840083FD2776817F0FF0F18BF4E
:20522000002409D117F47F4F18BF082404D117F47F0F14BF10241824204D6869A0422BD9BF
:205240004FF0010905F1580AC846CB4609FA04F10F421ED0A1005AF801000F280BD0092820
:2052600005D0052803D00A2818BF0B280BD16818C0F8C48007E06818C0F8C48000212046DB
:20528000FEF773FF77680BFA04F04740776003D06869641C8442D9D30848006808B1FFF774
:2052A0007DF9BDE8F08FC046E0130100CCFEFF0400EC0008C8FEFF0440F90008F4F30008A0
:2052C000F0ED0008101601002DE9F047B84D074678009A46914688464FF47A7620F48070EF
:2052E00040EAD710040103E0012006F01DFD761E601B0168C90A47D2002E47DD08F0FF06D1
:20530000D14A40F808AC072E40F8049C08D111460C31096841F28A038B4238BF414602D3BB
:2053200048F48061601B082E01602AD1FEB2114636F07F0608D007F07F02D00000EB421034
:20534000081800F5907006E007F07F02D00000EB421008188030466A9EB1380A0DD3C86BA9
:2053600000280CBF062005204FF07D42D36801210A3081405940916003E04FF07D4188693E
:20538000C8610020BDE8F087002EADDC0220BDE8F087C2B232F07F01864A1ABF111CA031F6
:2053A000111C00F07F03DA0002EB43128918C96900220904134641F00701FFF785BF420022
:2053C0007D481E2107F032B9704770B5794C0546E8B230F07F0018BFA03405F07F01C800DA
:2053E00000EB41102418206A10B3E069002240F60811134641EA00412846FFF765FF08B9E0
:205400000020206207F0BDF8694C680020F4807040EAD510060142F2107503E0012006F054
:2054200083FC6D1E301B0068C00A03D2002D03DD002070BD002DF1DC022070BD2DE9F04126
:20544000814D0646F0B230F07F0718460B4607D106F07F04E10001EB44116C18803407E0A9
:2054600006F07F04E10001EB44116C1804F59074A3619968E160A260002767601A68010453
:2054800041F4837122603A46E0823046FFF71CFF5FEA00081BD1012020622869032816D076
:2054A000454C04F108000068C0F3834002280ED1300A0CD320464FF4F0713A4607F0B6F82F
:2054C00020464FF4F0714FF4807207F0AFF84046BDE8F081B54810B500235B4C0168E3611A
:2054E0000068636201F5893100F5863008604B6008228A602320C8601846FFF79FFFE06A56
:2055000008B903F00CF810BD30B50446E0B230F07F0014BFBF4D274D04F07F01C80000EB2C
:2055200041102D18686A10B12046FFF74EFF0022204604211346FFF7C7FE08B9012028616D
:205540000CB9FFF7C7FF30BD4006820DB2484FF47E7107F06BB8704770473B4810B50169A2
:20556000032918D0C06DB0B1AB480C300068C0F38340032818BF05280DD10F4C4FF4F07170
:205580000022204607F052F84FF4F0714FF48072204607F04BF810BDA049020A28BFA0314F
:2055A00020F08000C20002EB401008587047C046F437FF03B0F9000804C700FC2DE9F04F45
:2055C000C7B2ADF1180D1C468C46039037F07F0702921D48019408D1039901F07F01CA00DD
:2055E00002EB41128518803508E0039901F07F01CA0002EB4112851805F590752F6A00F1F4
:205600000C010590002F18BF042040F0B980844A6046824204D0834A824218BF002200D1EE
:2056200001226A62614BDDF80CA07F4A1B681AF0800A0BD1AF8A029C4032E419641EB4FB1B
:20564000F7F4674303E0C04630F90008029F6E6AD84CDDF80CC0002E04EA0C0403EB04142B
:2056600022447AD0DDF814C0DCF83C403A46002C0CBF4FF400354FF44035DA480027BAF1E6
:20568000000F08D1B03001F5F8714FF4003E4FF00808C0180AE001F5DA71C018002C14BF39
:2056A0004FF4804E4FF4004E4FF00A08019E01EB870340F6110B00906FEA0509340403F16D
:2056C000040C4BEA940BCDF810B096458CBF151C75464B6BDDF814B009EA03034B63049BBA
:2056E000DBF80C4041F20A26521BA64207D1019E2EB1002F04BFBAF1000F23F00103002A90
:2057000014BF042402244E6B4FF0000B06607F1C1C43C0F804B04E6B8560AB194B63C46065
:205720001030CCF800501AB1B8450CF1040CCCD8B84509D1DDF800C0C0F800C05F4647606C
:205740005E4686608123C360CF62019F0A60DC468F63009AC1F830C00CE0019E10604FF02C
:20576000000C40F61300C2F804C03104976040EA9100D06011460398019B029AFFF75EFEC3
:2057800006B0BDE8F08F10B501242046FFF71DFE44F08000FFF719FE641C032CF5D910BDC3
:2057A00009040A0C00230221FFF78EBDF0ED0008C84A70B512680D460646042A0EBF4FF4CC
:2057C0000070D94830F81200D8494FF4A063A1F89400C400A1F83401224601210020FFF738
:2057E00073FD2DB10020022101220346FFF76CFDDD4B06F01F068020012144EA4642FFF79C
:2058000063FD2DB18020022101220023FFF75CFD70BDC04650FA000800C700FCC0F90008E9
:20582000000010C0000014C0101201002DE9F04317460E460546FFF7A6FFD04C4FF04041E5
:205840004FF08042204606F0F1FE2A462068C00FFCD2A04CDFF8209304200025103C09F162
:205860001003206165611868E5616FF31F40E06002B1226006B1666007B1A760DFF848C3B4
:20588000DFF8408304F10C0E04F168012A4641F8285F5600D0090D6126F480774D61521C07
:2058A000C1F8A0500743C1F8B05008EA0606C1F8B450032ACCEB071740EA06003D604FEA79
:2058C000001040F01000A0EB0C000560DFD9CC480068C3F8E4524FF4007200F58531C3F83C
:2058E000E01200F58530CEF82C02C44FC3F8E82241F21A06CEF8301201F50072C3F8EC5284
:205900001F21C3F8E075E768CEF83422BE42C3F8E81505D002216FF05F000A4606F086FE94
:20592000D948DA4FDFF85C83006848B9E06841F21A3181420BD94FF4806138460A4602E0BD
:20594000D349D44A484606F071FE404600683146F031814218D84FF4802138460A4606F039
:2059600065FE484601212A4606F060FE4FF4003138460A4606F05AFE4FF4803148460A46EE
:2059800006F054FE404600687036864205D22846092102461346FFF797FC28460121FFF744
:2059A00007FF0120A062E062322006F08FFABDE8F083C0467FFFFF0FD748006810F0070073
:2059C0000ED0401E08D0401E08D0401E04D0401E14BF04200320704701207047002070476D
:2059E000022070479012010070B5504C06462069032815D104EB8600C06D88B15F4D4FF4BA
:205A0000F0710022284606F011FE4FF4F0714FF48072284606F00AFE84F848600120606442
:205A200070BD77490B68002814BFDB49D849D94A1268002A19440CBF0323042300220A60FE
:205A40004A601B018A6043F00303CB601346FFF7F5BC8C4BF0B507460C46FEB2104636F0EB
:205A60007F0607D107F07F05E90001EB45115918743107E007F07F05E90001EB451159180F
:205A800001F58A710E6A9C46002E18BF04201CD15B4B1D6847B9888ABD4B1118491EB1FB24
:205AA000F0F61946704300E0BB4949190C60BCF88840002384424B6098BF201C886040F67B
:205AC0005300C8603846FFF7B9FCF0BD0023FFF775BDC04640F9000810B5284C206800081A
:205AE00021D3FFF750FE20464FF00041002206F09DFD20464FF4F0114FF4202206F096FD1E
:205B00006048006841F28A01814208D94FF0804120460A4606F08AFD2068C00FFCD24FF478
:205B2000FA7006F0D3F910BD7CCA000830F900082DE9904188460022044603211346FFF759
:205B4000C3FB4146071C0BD1D04A600020F4807040EAD410C2EB00121068C0F3846008603F
:205B60003846BDE89081C0460005000203484FF000410A4606F05ABD10C100FC04C700FC28
:205B800070B50446C2481546CA00A306260A42F0060243F4E06306D305F01F0543F0007342
:205BA000A03042EA454224F08006F50005EB4615415320460121FFF787FB20460121FFF776
:205BC000EFFD70BDFFFEFF0FF437FF0310B50022052104461346FFF777FB68B9E0B230F089
:205BE0007F0014BFAB48AC4804F07F01CA00002402EB41128018046110BDC04604004600B0
:205C0000F0ED0008F0B50446A448006815469C46CA0042F00402032808BF42F07072A0482F
:205C2000A306012D43F440730AD9C66841F20A2743F08073B74203D1260A0CD243F40053A3
:205C4000260A08D224F08007FE0006EB47168019A0F894100DE024F080070CF01F0CFE00D1
:205C600043F0007342EA4C4206EB47168019A0F8341120460121FFF727FB20462946FFF795
:205C80008FFDF0BD3CF90008F8ED0008C0C200FC0000F8FF000030752DE9F043804C04F17D
:205CA00010000068042870D07E4F4FF003091A49C7F800900868800CFCD3FFF764FDE068CC
:205CC00041F28A01814205D27749002002460346FFF7FAFADFF8D481206908EB400001899F
:205CE00000220120FFF74CFF206908EB4000018901228120FFF744FF0120FFF767FF8120BF
:205D0000FFF764FF23690F25002B3DD0E06B0126012820D102E0C0460CC700FC032B08BFFA
:205D2000022608EB4300018A012200230220FFF769FF0220FFF74AFF206908EB4000018A0C
:205D4000022332468220FFF75DFF8220FFF73EFF204603693F2508EB4300018B324600234A
:205D60004846FFF74FFF4846FFF730FF206908EB4000018B32464B468320FFF743FF8320CF
:205D8000FFF724FF45F0C0053D60BDE8F083C0465012010050F9000810120100F0B544492C
:205DA0003F4A0D68010A10D2D2F82812364CD2F8FC31082705EB011102F5FE756418590CFF
:205DC00018BF4FF40033D16B16E002F5E076D16BF36A384C0A2705EB031302F5E075E4185B
:205DE00029B93368DE0B18BF4FF4004304E033689E0B18BF4FF48043002914BF4FF4403626
:205E00004FF400362968002908BF01203AD0696BB14340F6110C2E686963F61AA96B2E602E
:205E20004FEA01414CEA910C14BF042102216E6B266000266660A36041EA0C01E160E96ADF
:205E400005EB81014B60696B5B186B63E96A491C8F42E96298BFEE62D16841F29A028A42C1
:205E60000ED9154A410021F4807141EAD011C2EB0112116801F0FF01072908BF301C01D04B
:205E8000FFF787FAF0BDC04640130100F837FF03C4F9000850FA0008B0F9000840F900084A
:205EA00030F9000820C700FC090002007CCA0008F0ED000890120100F437FF03CA4900B5F8
:205EC000087848B108460178491E0170007818B9FFF702FE06F0B0FB00BD10B5E44C0021F7
:205EE0004FF4B672201D06F05DFA00202060BE49087006F019F803F084FA10BD0278417816
:205F0000807841EA022140EA012070472DE9F841171C0E46054621D04FF0000805F0FF04E8
:205F2000C4F58074BC4288BF3C1C4146CDF8008006200A46134605F08FF940B9CDF80080C1
:205F4000022029463246234605F086F910B10120BDE8F8813F1B25442644DFD10020BDE8B9
:205F6000F88110B500216C22044606F01BFA9F4820609F4860609F48A0609F48E0609F48DC
:205F800020619F4860619F48A0619F48E06110BD2DE9F04F1027ADF5867D6E460D784A78CF
:205FA0008B78CC787F1E01F1040142EA052243EA022344EA032446F8044BEFD101AC3027BB
:205FC0002668656B54F8043C216AF2084FEA952C7F1E82EAF61219448CEA754C82EAB6424F
:205FE0008CEAF5430A441344E36304F10404E7D1C2688369C6690168D0F80490D0F808E099
:20600000D0F814B0DFF804C240274292E8464193026940965CF8045B58F8043BDDF804A11D
:206020004FEAB21484EAF22484EA72645B19E418409B0BEA02062AEA020A8AEA06057F1E15
:2060400025444FEAB10A419CCDF804B10EEA090640948AEA713A93462B4409EA01040EEA5A
:206060000105429ACDF808E1CE4685EA040589468AEAB15486EA05061A44264406EB030184
:20608000C8D10768036946688568C919D2180160C46802614E447544429947698369C26948
:2060A0004660091985600BEB07044461419F409CC160F918816143B0A118C161BDE8F08FCB
:2060C0002DE9F0410546686A16460F4600EBC60290426A6202D9286A401C2862286A4FF036
:2060E000000800EB567028621BE0A86EC0F14001C0F140048E4238BF341C39462246281827
:20610000283006F06FF9A86E361BE7192018A866402806D105F128012846FFF739FFC5F865
:206120006880002EE1D1BDE8F081B0B50446A06E8023421CA266201880F82830A26E0D4650
:20614000382A0DD9A0180021C2F14002283006F029F904F128012046FFF71AFF0022A266FC
:20616000A0180021C2F13802283006F01BF9206A84F86300020C84F86120616A84F86710C5
:206180000F0E84F86470030E84F86030000A84F862000A0C84F8652020460A0A84F86620FA
:2061A00004F12801FFF7F4FE2D1F0827E078A278617805F8040F14F8043B6A70A9707F1E28
:2061C000EB70F3D1B0BDC0B51746002610F8013B11F8012B7F1E82EA030242EA0606F5D1B6
:2061E000002006B90120C0BD98F0000867E6096A85AE67BB72F36E3C3AF54FA57F520E511B
:206200008C68059BABD9831F19CDE05BD0C800082DE9F04F051C0F46ADF14C0D119200F0AE
:2062200066816C78E81CFFF769FE0646A81DFFF765FE8346287804F01F013B2840F05781E0
:2062400034F01F0440F053816C7A002C40F04F815F4540F04C81064CA8782568532800F0D6
:206260003581054340F0438104292CD002E0C0469CF00008052940F03A8157EA0B0040F0F2
:2062800036814FF29E20B04240F03181E068002800F02D81FFE72069002800F0288160696D
:2062A000002840F0248104F1080100200422FFF72DFE002818BF0D2040F02181934905207D
:2062C000087000201BE1ABF10100000B40F00F811198002800F00B810BEB06084FF29E2072
:2062E0004045C0F0048166BB251D00214FF4B672284606F057F805F11400FFF732FE05F11C
:206300008000FFF72EFE0025A9464946CDF8009006200A46134604F09FFF002840F090801A
:206320004A46CDF8009020202946134604F094FF002840F0858005F58055280CE5D00120B3
:20634000E060E068002800F0D2806069002840F0CE806068B04240F0CA801199251D05F1C6
:2063600014075A463846FFF7ABFEB8F5847F129716D9B6F5C47F13D2B6F5847F34BF4FF446
:206380008471311C4246B2F5C47F88BF4FF4C47248198B1B521A11991C38C91806F022F827
:2063A0004246B2F5C67F15D94FF29E21091FB14210D905F18000B6F5C67F34BF4FF4C673A2
:2063C000331C914238BF0A1C119F991BD21A7918FFF776FE42463746B2F5C67F32D94FF2F6
:2063E0009E20001FB8422DD9B7F5C67F38BF4FF4C676904238BF021CA6F5C6799046A6EB31
:20640000070AB9F1040F11D2C6F5C877A8EB0600B84238BF071C119909EB05003A4651446C
:20642000001D05F0DFFFBE19B944BA44B04509D91199A8EB060248465144FFF767FD08B148
:206440000D2040E060684FF29E215844606081427FF437AF129801A9FFF767FE05F180008A
:2064600009A9FFF762FE9D4F01A8202207F11801FFF7A9FE012608BB05F1EC00394608221A
:20648000FFF7A1FEC8B105F1F40120270DF1240C002311F8012B1CF8010B7F1E80EA02000D
:2064A00040EA0303F5D143B905F21312582112F8010F10B9491EFAD100E00026002E266185
:2064C0007FF4FFAE11200121616118E002290ED1012E08BFBBF1000F3FF4F3AE3EB9BBF559
:2064E0008C7F04D1E768002F08BF002D01D00B2005E011984FF48C71224604F0C7FC13B09E
:20650000BDE8F08F417009120170704798F00008B0B504461746101C15D0401E11D00F3830
:206520000DD0401E09D0401E03D00E3803D0401E0DD1102508E0182506E0052504E02C2522
:2065400002E0062500E012250CB18D4201D90020B0BD204600212A4605F024FF2046394630
:20656000FFF7D0FF281F002FE0704FEA1021A17031D0012F2AD0102F0FD0112F0BD0122F70
:2065800007D0202F1CBF0120207337D10121084632E0042131E001201BE020272776012263
:2065A000227584F829201421E1750020A07504236376E076E07784F82A3084F82B0002276C
:2065C000A776A777802284F8282017E0012060710020207112E01127E772102161720020D9
:2065E0002072A0722073A0732074122363732022E273212767740121A071E1712846B0BD98
:20660000F0B5071C144602D0B1F5017F01D20020F0BD00214FF4017205F0C4FE40F2844537
:206620004FF48076C220022278700021BA70CB4BF970381D05FB043232F8021BFFF762FF40
:20664000761E00F10200F7D14FF40170F0BD70B5064615460024184601E0401C641C027805
:20666000002AFAD12A68A018401C814238BF00200CD3B0181946224605F0B4FE28680023DD
:2066800024182C60611C33550120296070BDF0B50646069C05981546844238BF201C5A1E5A
:2066A000002412F8017F1FB1401E04F10104F8D12A68A018401C814238BF00200CD3B01814
:2066C0001946224605F08EFE2868002724182C60611C375501202960F0BDC04698C8000825
:2066E0002DE9FE4F0C469D49074640F2844390460520002F03FB0815029005F50B7A05F569
:20670000047B00F0D880BC2CC0F0D58038460021BC2205F047FEC0207870D5F88052404621
:2067200005F0FAF80646214602AA88A33846FFF78EFF002800F0BF800298AC4600F1090109
:206740008C42C0F0B880DDF808E0DFF814921C2200212CFA02F303F00F0319F803300EEB8D
:206760000105491C0829A2F104027B55F1D300F109010025029108303D5402AA5346282047
:206780002146814600903846CDF80490FFF77FFF002800F0908014200090214602AA5B4650
:2067A00001903846FFF773FF002800F08480002E4BD1404604F027F967A5022820D02B46CB
:2067C0003846214602AAFFF742FF002873D03846214602AA2B46FFF73AFF00286BD0384674
:2067E000214602AA2B46FFF732FF002863D03846214602AA2B46FFF72AFF00285BD064E0DB
:20680000484620260090214602AA534638460196FFF73DFF00284ED02B463846214602AAD9
:20682000FFF715FF002846D03846214602AA2B46FFF70DFF00283ED03846214602AA2B46D4
:20684000FFF705FF002836D03FE0202000908046214602AA3346CDF804803846FFF717FFFC
:2068600048B3CDF8008006F120033846214602AACDF80480FFF70BFFE8B1102000908046C5
:2068800006F14003214602AACDF804803846FFF7FEFE80B106F1500140462A464B1E13F80F
:2068A000016F1EB1401E02F10102F8D102981618701C844202D20020BDE8FE8F0298381852
:2068C00005F090FDBD55701C02900298011FF970461F3E710A0ABA70BDE8FE8F04F0AEBD00
:2068E00090B5071C01D0322901D2002090BD0021322205F057FD2E24FC7083207870022398
:206900003B7101227A712A21F97105F08EFB0446082207F1080004F10A0105F063FD07F1C9
:206920001000102204F1120105F05CFD07F120000A22214605F056FD07F12A00082204F18B
:20694000220105F04FFD322090BDC0464361727472696467653A00C000C046C068E9000880
:20696000A0C80008A349A2480968401810F8011C007840EA0120FEF727BD10B59E4C04F1A3
:2069800008000068022812D36068032818BF03200ED19A4804F02CFF9648B4F87220016826
:2069A000002001F58631FFF754F8002010BD012010BDF0B50E46014691480778D7B10024A9
:2069C0004378994203D1641CA51A012D14D0212B0CD1222905D1641CA31A012B08BF384406
:2069E0000AD0057AC37943EA0523181838180778002FE5D10120F0BD06B130600020F0BDE7
:206A0000B0B57D4CA168B4F87070B4F86E50012003291ED1012F1CD8AFB9012D13D825B192
:206A2000012D04D104F0A4FE01E004F0B7FE002121200A46FFF7BDFF08B903F035FAE419EF
:206A400084F85B5004E0012F03D115B984F85C500020B0BD684800B58168032903D1B0F8AE
:206A60007010012901D9012000BD4018644990F85B00091F0A681070096880200122FEF789
:206A8000E8FF002000BD70B55B4DA868B5F86E100124022801F0FF061FD3012E1DD811F0CE
:206AA000FF0F11D004F07AFE002121200A46FFF780FF08B903F0F8F903F023F910B9204671
:206AC00003F05AF8032000E00220A86085F85A6000245B3505F8014B2C70204670BD00B52C
:206AE000C24AAC48116800780870116880200122FEF7AFFF002000BD78B521200022694632
:206B0000FFF757FF061C1AD10098057AC47969462220FFF74EFF44EA0524061C0FD1B34D3B
:206B200000992868224605F05DFC9A4818300288944298BF221C29688020FEF78AFF304632
:206B400078BDB8B5212000226946FFF732FF071C10D10099A54D0C782868224605F042FC1C
:206B60008C4818300288944298BF221C29688020FEF76FFF3846B8BDFCB50F2000226946CC
:206B8000FFF717FF071C30D10098C178847844EA012400E0521C102001A9FFF70AFFA0B925
:206BA000019881780429F5D1002151F8842C51F8801C51EA020608D0026182EA0103C16042
:206BC000DB43836001EA02064660884D00992868224605F007FC6F4818300288944298BF07
:206BE000221C29688020FEF734FF3846FCBDC046050C0100F0ED00083CF9000865690008B7
:206C000068F800082DE9FC4F8046784805680C46002269460220FFF7CCFE0028019418BF1F
:206C2000012067D100990C782846224605F0DAFB00982018009007786519002F3ED04FF065
:206C400000094FF0400B4FF0020A00994E78042E06D0052E07D0212E05D0242E03D027E095
:206C6000C879622822D028463A4605F0BBFB052E11D1E87802280ED1B8F1020F07D0B8F106
:206C8000010F04BF85F804B085F8059003E085F8049085F805A0212E3C443D4408D1009807
:206CA000027AC17941EA0221091800E04431009100983F1800973F78002FC6D14B4D28689E
:206CC00084702968270ACF7029680A7AFA20B0EB820F02D9087A8000C0B2087203F008F8A8
:206CE00028B1C848006810B1286804210172019804600020BDE8FC8F98B5C84C60680328B9
:206D000008BF03201CD0022805D0012818BF012715D1022000E001206946FFF773FF071C33
:206D20000DD13248016807224A70B4F872200099914298BF0A1C01688020FEF78AFE384684
:206D400098BDB8B5AF4C403C6068032808BF032018D0062069460022FFF72BFE071C10D11B
:206D60000099224D0A78286805F03CFB0098B4F8722000789042D8BF021C29688020FEF7D2
:206D800068FE3846B8BD0A28ACBF37303030C0B27047C04696F900082DE9F8470246044689
:206DA00069460320FFF705FE5FEA000848D10F4D009928680A7805F015FBDFF8609299F838
:206DC0003D00AA46A0422FD128460068C178CA2900F10200054625D0002454F8847C54F8B3
:206DE000806C56EA07031FD002E0C04664F800082146202205F0D6FAAD1E082327FA04F0A9
:206E000000F00F00FFF7BFFF014626FA04F005F8021F00F00F00FFF7B6FF241D5B1E287446
:206E2000ECD101E0002068700098B9F8722000789042D8BF021CDAF800108020FEF709FE64
:206E40004046BDE8F8872DE9F847DFF8A482D8F800608246002269460220FFF7AAFD002886
:206E600018BF01204DD100990C783046224605F0B9FA0098201800900778A619002F2ED08E
:206E80004FF0030900994D78042D08D0052D09D0302D07D0212D05D0242D03D019E0C87980
:206EA000622814D030463A4605F09CFA302D03D1F07808B186F80390212D3C443E4408D157
:206EC0000098027AC17941EA0221091800E04431009100983F1800973F78002FD2D1454675
:206EE000286884702968270ACF7002F001FF28B14448006810B1286801210172CAF8004066
:206F00000020BDE8F887BA4818B50068032803D06946FFF777FE02E06846FFF794FF041CA5
:206F20000BD13E490098B1F87220904298BF021C6F4801688020FEF78CFD204618BD98B50E
:206F4000012000226946FFF734FD071C1FD1684C009920680A7805F045FA30494868022827
:206F600018BF012808D120681022827020680223C37020684023C3712068B1F87220007852
:206F80009042D8BF021C21688020FEF762FD384698BD97486A3001880812401E1ED0401E54
:206FA0001AD0401E15D0C01E11D0401E0DD0083809D0123805D0401E18BF032010D1FFF743
:206FC0009BBDFFF7BEBDFFF7D7BDFFF795BEFFF7B8BEC8B2FFF7E0BEFFF795BFFFF7AFBFED
:206FE000704730B50D4DB5F86E402046FEF7ACFA00202A46211C85F85A000CBF012102218B
:20700000916030BD7CF90008A94980B5B1F86E7003207F1E0ED07F1E16D101E03CF9000827
:2070200091F86D20032A0FD1B1F870000012A1F8580008E0CF6C3FB191F86D200020032A9B
:2070400008BF01200865002080BD30B5984C94F86D000025032808BF0125A068032802D179
:20706000B4F8700008B1012030BDB4F86E00032130380BD0401E04D0401E04BF0020A06633
:2070800009E02846FEF767FA656603E02846FEF763FA25660021084630BD30B5844CB4F88D
:2070A000701001F07F0001F0FF05032807D811F07F0F4FF0010004D0A168032901D0012017
:2070C00030BDB4F86E1091B994F86D0003280AD02846FEF77BFD606B40B1206B30B9032D16
:2070E00018BF832D02D12846FEF70EFA002030BD64F800086E48B0B5B0F870204168131239
:20710000032902F0FF0518BF03201DD1012D88BF012019D8B0F86E700021A7B9520A34BF88
:207120000A1C012200EB850462649A0808D3C76C27B1012D04BF0122426504D0012102E0B1
:2071400000EB850001650846B0BD59498868032805D0B1F87000002818BF012016D191F863
:207160006C0010F01F0004D0401E0DD0401E09D006E04868032801D0FFF746BFFFF765BF97
:2071800003207047FFF789BFFFF7B4BF7047984800B5008820F08001032988BF012009D894
:2071A000FEF7FAF900280CBF00210121914802680020117000BD3E4880B5B0F87030012BE1
:2071C00088BF012012D842680021032A0AD100EB8302176D07B10221C76C1FB1012B08BFC5
:2071E00041F00101834802680020117080BDC04640F900082DE98041DFF8B480B8F8700000
:20720000002818BF012022D102F072FD07460021404617B1076C07B101214268032A06D044
:20722000C76C87B1076D0FB141F002010BE0076E0FB141F00401476E0FB141F00801876E81
:207240000FB141F010016B48026800201170BDE8808190B5674C20680022027020681449CF
:2072600042708868022802D0032803D104E0B1F8700008B1012090BD91F86C0010F01F0039
:207280000BD0401E06D0401E18BF01270ED1FFF77EFF04E0FFF78FFF01E0FFF7ABFF071C24
:2072A00004D1216880200222FEF7D3FB384690BD3CF900080C2804D9303813D0401E09D04E
:2072C0000EE0DFE800F0211F0D1F0D1D1B111917151311C048480068032805D1002070474E
:2072E00001207047FFF749BB03207047FFF788BBFFF7B0BBFFF7C7BBFFF7F1BBFFF749BE31
:20730000FFF76FBEFFF721BFFFF7A3BF7047F0B53B4E96F86C00002510F0600004D020388C
:207320000BD0203809D005E096F86D00FFF7C2FF08B9F0BD0120314C0EE00320FBE706F1B4
:207340006C0163190A7893F86C3002F07F029A4201D10846B8476D1C38B1042D05D204F1BE
:207360005C0151F82570002FE9D1F0BD2DE9CC41012000226946FFF71CFBDFF8848030BB54
:2073800000990A7C40463D3001A902700320FFF710FBE0B904F049FE061C18D001980178AB
:2073A0001A2914D3302181700198CA22C2700198017101980021417101980A27801C16F8BF
:2073C000012B41717F1E027100F10200F7D1022069460022FFF7EDFA40B90098C1794746DC
:2073E000C1F380123A64C1F34011F964BDE8CC81ACF9000864F8000840F900088CFB000874
:207400003CF90008F0B5071C0FD1DA4E0024002506EBC7000C3080E83000384604F05EFAC0
:20742000B8003450801944608460F0BD2DE9F04F82468846A8F10100DFF83CB35AF8200085
:20744000342196460026B1FBF8F39B1DA6EB0B065146474600254FEA960C85EA0C0404F04D
:2074600003040A685EF824907F1E05F101054FEA001484EA5014204406EB090480EA040001
:20748000104441F8040BE8D15B1EDFD1BDE8F08F70B50D4604462822ADF1400D04F50B71DE
:2074A000684604F09FFF08220AA804F5207104F099FFC7491022284604F094FF6E46032488
:2074C0000CA83146102204F08DFF0CA804212A46FFF7ACFF28460CA9102204F083FF1036D4
:2074E000641EEDD110B070BD30B500220446FBF78EF988B9002120460A46FBF73EFA58B942
:20750000B44DE4010121002242F22833A5F11800201AFBF7E5F808B1022030BD641B21682B
:20752000002011F0210F18BF012030BDF0B50F46D84DA94C296806464FF40072A01EADF113
:20754000340D4018002104F02DFF2A68204639468018202204F046FF00213422684604F0AE
:2075600021FF27218DF8001080208DF80100F2218DF80210012006904FF4007130460891C4
:207580006946FFF7B1FF0DB0F0BD2DE9F0410C46164680461D46ADF1340D0021342268460A
:2075A00004F000FF8027314628464FF0270C0B0A8DF8017006060A0C050433438DF800C0E9
:2075C000D4F874728DF804102A438DF8053040258DF806208DF8075001238DF80C3067B948
:2075E0009DF80750090E00020143CAB202F00F02C8212A438DF807200BE0051C020A090E92
:207600008DF8095000028DF80A2001438DF8081025218DF802101D46D4F8A40205956946FF
:2076200008904046FFF760FF002100B929460DB00846BDE8F08110B5447801788378C2783E
:2076400041EA042040EA034040EA026010BDF8B50A0A0B0C8DF8001006468DF80120090E9F
:207660008DF8023000228DF8031016F8011B6C4602F00303E55C521CB2F5FE7F2944E15450
:20768000F3D39DF801709DF800409DF802609DF8035000F5FE70FFF7CEFF44EA072444EABD
:2076A0000644014644EA05620020914208BF0120F8BDF0B58C4604231546C4181A1827786E
:2076C0005678D178927842EA0122F10828BF142103D271082CBF0C210421914247D8B2F501
:2076E000FE7F44D2D118B1F5FE7F40D2BC453AD116F0050F37D02F706E70F0086A800FD26C
:20770000700834D3201DFFF796FF00270646281D80E8C00004F10800FFF78DFF39461DE047
:20772000201DFFF788FF074604F10800FFF783FF002600002B1D46EA070140EA060204F100
:207740000C0083E80600FFF776FF074604F11000FFF771FF0100314346EA07000C3585E82F
:2077600003000120F0BDD318B3F5FE7FA5D30020F0BDC04620F300084786C86170B5A04CBB
:2077800006460325ADF1140D641E14F8011F30466A46FFF78EFF002818BF012016D16D1ECD
:2077A000F3D1304603216A46FFF783FF012460B9304602216A46FFF77CFF30B930461B21B0
:2077C0006A46FFF776FF00B90024204605B070BD6CCA0008E0FEFF04121601002DE9F04FCC
:2077E00080468946ADF11C0D2A48D9F8A4C2BD490592109C0068BA4A0693BCF5007F04946E
:20780000024403920144029140F0928009F5207090E8C000002F08BF002E00F0898040F65A
:20782000FF741946E017814204BF0598A0427FD809F5207191E8000C01200027E617BAEB25
:20784000000A7BEB070BB34508BFA24570D3059D404649461E462A46FFF797FE9F4F15EBB9
:207860000A0546EB0B06DFF888A2DFF87CB20346E11720462D1A8E4101969E4E00955BB9C8
:20788000012138464BF82810C0EBC8100068400827D34DE0F0ED00080698002801BF05986B
:2078A0000028012046F828008D4C93488F4905686019FFF7CCFE68B1029821464FF4007218
:2078C000491904F08FFD012004994AF82800029A0A602EE06019FFF751FF10B101204AF8A7
:2078E0002800019B009A40464946FFF74EFE38B9012138464BF82810C0EBC810006817E0E5
:207900000698002801BF05980028012046F82800B1490398FFF79BFE00281CBF0398029041
:20792000D1D10398FFF72AFF10B101204AF82800002007B0BDE8F08F2DE9F04F88468146BA
:2079400008F5207003C80027ADF11C0D084606BF002802251B252A4E00223B46144601A821
:20796000009041464846FFF739FF00282FD00199484604F096F80198294602AAFFF799FE22
:20798000A8B9032C23D0315D019802AAFFF791FEE8B103A890E80C0008F5207003C88B421F
:2079A00008BF824213D2641C032CD8D90FE005A803C803AA0CCA8B4208BF824207D808F5D9
:2079C000207494E8000C594508BF504501D3002211E0474C801A04F10804994108F51E780F
:2079E00004EBC90484E80C0001221646361847EB010788E8C00007B01046BDE8F08FC046E5
:207A000058CA00082DE9F04F0D4604464022ADF1E40D002122A804F0C5FC012740F6FF7BE1
:207A20000DF1080A00200021379402AA3895044682E8030001A800909AE80C003899379893
:207A4000FFF7CCFE00283ED00199379804F029F80DEB8400D0F8880018B10199379803F0C1
:207A60006BFF7F4D042615F8011F019832AAFFF720FE30B333A84FEAEB725B4603C891425D
:207A800008BF98421DD8102F1BD257B13B466A46083292E80003894508BF804511D05B1E80
:207AA000F6D12B780022042B08BF01220DEB8703C3F888200DEBC7037F1C03F1080282E877
:207AC0000300761ECFD1641C0AF1080AA742B1D8379803F021FF39B0BDE8F08FC8FEFF04B8
:207AE000101601001018010028F300087856341224F3000820F30008F0ED0008F0B5061C19
:207B00000F46ADF1300D10D1FFF77CFC6FB1D7F8540250B907F5207090E83000002D08BF70
:207B2000002C02D0D7F8A40208B902203FE0384608A9FFF7ADFC4A4968460922491D04F03C
:207B400051FC0DF1090007F50471142204F04AFC0DF11D000021032204F024FC68460821A4
:207B600008AAFFF763FC08A80021102204F01AFC30466946FFF7DAFC0446002120226846A5
:207B800004F010FC012C0DD054B930463946FFF7D3FE28B130463946FFF734FF002405E012
:207BA000022400E001243046FFF72CFC20460CB0F0BD2DE900430028884691461CBF111C09
:207BC000404607D1254901EBC00103C910EB080041EB0901BDE8008321436587D0B5071C07
:207BE0000E4603D116B1D6F8540208B1002432E03846FFF707FCD6F8A402B0F5007F09D19A
:207C000040F6FF7006F52072C1170CCA8B4208BF824201D801241EE038463146FFF78CFEBB
:207C200028B138463146FFF7EDFE022413E00D48B900405858B90C4A50184068002818BF60
:207C4000032405D15058002818BF012400D100243846FFF7D7FB2046D0BDC0462CF3000800
:207C60005BCA000828F3000820F3000800280CBF03208320FDF748BC30B58B4D0446286851
:207C8000022819D18948D0F80421D0F8F830D0F8F4109268C91A22F07F42F4305218002AEE
:207CA000026007DD0320FDF790FB2CB10320FDF72BFC01E0002181618320FDF786FB2CB1E8
:207CC0002868012802D18320FDF71EFC30BD801E00B501282ED9801E012830D9C01E012820
:207CE00028D9B949801E06D0401E1CD0401E1CD0801E18D000BD0846092102224160C169CF
:207D0000426289688160880A02D10A1C02D100BD4FF48062664801680023032001F58731A2
:207D2000FDF74CFC00BD032005E008460B21001D016000BD8320FDF7E7FB022003E083206C
:207D4000FDF7E2FB002000F001F800BD02469E4890B5001D046A042C26D0C36981690769E2
:207D6000052C21D0534C1C6000BF4C68002F5C600CBF141C01241C730468052C05D00B2C10
:207D800003D0092C05D1896802E044688968091B9960022A14BF042105210162C16900237E
:207DA0000D228320FDF70AFC90BD8748002343624360C3601F220361C16943610320FDF7C3
:207DC000FDBB3D483D4A00B50021FBF789FE00200146FBF77FFE0020FFF74EFF384A0020B5
:207DE000106038490870FFF7E0FF00BDD0B5764C04F12800FAF730FB0746E069082F32D039
:207E0000606BE169092F0CD0002607B1012616B10120FFF731FF122F27D0F0B2FFF796FFC1
:207E200023E0A0608A68824206D8824206D2072060608868A06001E005216160012141F21B
:207E400014022161824288BF021C19481E49006809181AB90420FFF73AFF06E0832000233E
:207E6000FDF7ACFB01E0C07B20703846D0BD144900B5002008601549832003F0E7FC1449E2
:207E8000032003F0E3FC1349212003F09DFC084911484D4A0B681149C018C918D061104874
:207EA000116203F0CFFC00BDD8F300083CF90008F0ED000855534253BD8200088F82000842
:207EC00070F90008EEF3000810260100C1810008E57E00081F820008D0130100F0140100CA
:207EE000C37D00082DE9F843374C0546606A002840F01C816868E16900261F28A0610DD1F6
:207F0000AD4A0868824209D14F7B3FB98F7B102F04DC1FB1087B10F07F0F02D0002E00F0A0
:207F2000FA808868226ADFF894929060487B40F2844808FB0090D0F854520127ADB9E069C5
:207F400069460F30F8F768FC38B9009800280CBF0220381C6062E16912E0E16905280DD09C
:207F60008D685DB10D7B25B105E08D6835B10D7B0DB9022003E06762384601E00320606280
:207F80004A7B08FB0293D3F854520DBB8D683DB9012803D0022819D1032010E002200EE02D
:207FA000097B802906D0022810D0012814BF09200A2004E0012809D002287FD10820FFF7E7
:207FC00086FEBDE8F883C046B4F30008E1694A7B84F83820E06900F10F02A2628A7B84F895
:207FE00039208A68E2628968A160C07BF8F74EF904F11C0578BB28680F30F8F761F960616D
:20800000616AA068022915D1010B0CBF80464FF4805828680F3002F0F1FE0146B8F1000F15
:2080200004D0032042463346FDF7C8FAA06800B13746616A012902D1B0F5805F06D8002F03
:2080400000F0B780FFF7D2FEBDE8F8838320FDF75BFA0120ABE0E069417B08FB0190D0F81A
:2080600054722FB9286804F108020F30F8F780FB616AA06802292AD0012940F09A8070B18D
:20808000E16908310A68824206D882420BD2072060600868A06006E00521616003E004207D
:2080A000FFF715FEA068002800F0838004F03BF9FFF79CFE08287CD1A2680AB904207EE709
:2080C0009B4983203346FDF779FABDE8F88370B1E16908310A68824206D882420AD20D2094
:2080E00060600868A06005E00B20606002E00920FFF7EDFD04F00BF9FFF778FE082805D12B
:20810000A068002855D08B49334646E00320FDF7FBF9BDE8F8838320FDF7F6F90320FDF7CF
:20812000F3F9854901200860BDE8F883216A022836D16A688868801A886000BF8868F8B97C
:2081400060680D281AD0092816D0E069C07BF8F79DF804F11C0248B91068E1696A68896880
:208160000F3002F03FFEE062FFF740FE2069002804BF0120E0601CD0002018E00D201EE710
:20818000B0F5806F02D818B9BDE8F8834FF480606A490968002301F587310246032092E784
:2081A0008320FDF7B1F90320FDF7AEF90220FFF7CDFDBDE8F883C0465553424368E9000832
:2081C0005A4980B50B6A042B26D0052B24D0CA69012B17D143689068C01A906000BF976897
:2081E00067B90868072807D0CF68002F04BF0120886013D000200CE0072000E00520FFF7A6
:2082000066FD80BD8320FDF77FF90320FDF77CF90220FFF79BFD80BDFFF7C7FD80BDB0B5DA
:2082200001460A78012032F07F0711D14A78FF2A2CD14F88002F29D1CF883FBB8F882FBB90
:2082400000200146FBF7DAF8FFF7BBFD0020B0BD22F07F02802A19D14A78FE2A16D14F88E9
:20826000A7B9CA88012A11D18F887FB93349344D024600240B682A604FF48630C454096808
:20828000802001F58631FDF7E4FB2046B0BD10B52C4CA068012803D0022818BF03280CD1A1
:2082A0000120FFF7E9FC2068C07BF7F7EFFF08B104F01EF80120FFF749FD10BD30B5234CE2
:2082C0000546A068616A50B3012918BF02292BD1A878400820D2012916D12078F7F7D6FF8F
:2082E00090B9E069A96882688A4288BF0A1C13481549006809181AB90420FFF7E8FC03E0C2
:2083000083200023FDF75AF9E068002804BF0120206109D0002005E0FFF7B9FF30BDA878E2
:2083200000F00100FFF712FD30BDC046B8F30008000010C0000014C070F90008F0ED0008A7
:208340004CF90008D0F3000810160100B4F300087D497C4809680068032901D108B903E02A
:2083600010B90C2001F026BC0C2001F006BC774810B54FF4F071002204F058F9724C0020E9
:20838000241FA06004206060FFF7E2FF704803210068E16010B10146E068884710BD2DE958
:2083A000F0410146B44C694E6A48DFF8A481226841F20A15954204D8C1F30347490D05D325
:2083C00059E0314608310968C1F38347954202D9616803294FD0042F46D0032F31D0022F52
:2083E0000DD04021002204F021F94FF40E706FF0C30108600C2001F0DDFBBDE8F081564B17
:208400000022A03811460160D41A056824682D0C2404240CAC4205D1491C121D0329F2D9E3
:20842000BDE8F08130464FF4F071002204F0FEF830464FF4F0714FF4807204F0F7F8BDE829
:20844000F08140210A4604F0F1F80820E0620C2001F093FB0020A168E060022954D34146C6
:208460000968002950D04AE028466F38904248D3FFF77DFF45E03946891E42D0491E34D0DC
:20848000491E1ED0081FB0D14FF40E706FF0C30108600C2001F08EFBA06B00283DD0304637
:2084A00000F10C0100F110021268D20AFAD294F83C0008600027A76340F203464E60BDE86A
:2084C000F08140210A4604F0B1F80C2001F072FB206829466F39814202D3FFF748FF206857
:2084E000F03D854214D3BDE8F0810C2001F062FB012241460020E2620968E06021B18847B1
:2085000002E00C2001F056FB2068F03D854204D240F203206FF0C3010860BDE8F08130B5DE
:20852000554C0125A560FDF72EF90020FDF70CF80221074825620068E16010B10146E0684A
:20854000884730BDF8ED000840F9000804C700FC38F9000800C200FC003DFF032DE9F04FDF
:20856000DFF81CB3444C4FF000084FF0050929E25FEA9A0700F02482D4F82C02011DC4F8D2
:208580002C12D4F8342200688A429CBFD4F83012C4F82C127F1E410880F0B481C0F3440260
:2085A00081082CBF80264646C0F383115508491E00F02D81491E00F0DA80491E4CD0C91E51
:2085C00020D0491E40F0F9812E43F1B2C0F3036C31F07F0608D001F07F01CA0002EB41126B
:2085E000A11801F58A7106E001F07F01CA0002EB4112A1187431BCF1060F04BFC0F3064094
:20860000C861DAE1400BC0F0D881206841F20A21814240F0D281002E40F0CF812E43F0B235
:2086200030F07F0508D000F07F00C10001EB4011601800F58A7006E000F07F00C10001EBE8
:208640004011601874308169C86840F00100C8603046FCF79EFEB0E146EA0501C9B231F0D2
:208660007F030BD001F07F01CA0002EB4112A11801F58A7109E0C0463CF9000801F07F01DB
:20868000CA0002EB4112A11874310B69002B40F09481002D40F091812569000B314600F01F
:2086A000030225B910F0030F54D048462061022A3CD0BF480568012A4CD1012D08BF002980
:2086C00030D0022D08BF80292CD0A669E6B966691EB3032D18BF042D3CD1BE4801220068DB
:2086E000A26139B900F586310220B4F888202061404604E010464146206142468020FDF7FE
:20870000E5F92046056925E011B9D4F8946026B180291FD1D4F83461E6B94846264620612D
:20872000356917E048462061256913E066694EB1802901D1E66F1EB921B9D4F81C610EB1BD
:20874000C4F810902569052D04D00846FDF769F997480568052D40F030814046FCF735FE7A
:208760008020FCF732FE4046FCF7CEFE25E1994801682E43F0B230F07F0508D000F07F00A3
:20878000C20002EB4012A01800F58A7006E000F07F00C20002EB4012A0187430320A05D26C
:2087A0008D4A04F5F8754FF0080C04E08B4A04F5DA754FF00A0C51182A6B05EB820301EB74
:2087C00002115B688A6822F07F429B1A320A03D30968834A5918116081684268A1EB030EE7
:2087E0009A18C0F808E0016842605B180360286B401C2863286B84459CBF404628632D686F
:20880000002D00F0DA803046FDF7C8FAD5E046EA0500C1B231F07F0608D001F07F01CA009F
:2088200002EB4112A11801F58A7106E001F07F01CA0002EB4112A11874310E6A002E00F0F9
:20884000BC804E6AF6B1634A1568020A39BF04F5F872614B04F5DA72604B5B19156B03EB6E
:20886000051302EB850252689D6825F07F45521B050A0DD31B685A4DD3182B6008E0C046EA
:208880000CC400FC8A69CE68936823F07F43F21A8B684E680D689B1A9619C1F820805219C1
:2088A0004E60504D8B6030F080062B680A6027D1020A0BD2A269012A06D14E68002E18BF36
:2088C000C4F810907FF44FAFC4F88480414A2669126826B198472669002E6ED14CE002F5A2
:2088E000863104F16C00082203F07CFDB4F87260404606B101203C490968606188475CE02C
:2089000098475AE010F0FE0F57D1384909680246C2F30320002843D0401E30D0401E0FD021
:20892000401E47D0401E48D16FF0C3024FF40E70012610600029E6603FD0304688473CE0F0
:208940006FF0C3014FF40E700860FDF735F8142160606068A162032814BF642132210220F2
:2089600003F0F7F9FFF7F4FC40464146FCF720FFE66916B34046E061FCF7ACFD1DE0C4F8DB
:2089800060800320C4F864802669CBF8140326B9FFF7C5FD012020620FE0C4F820800CE05A
:2089A000206841F29B01814207D2FFF7E0FC04E04CF900081046FFF7F2FC002F7FF4DCAD5C
:2089C000CBF800A0DBF800A0BAF1000F7FF4D0ADBDE8F08FF0ED0008401301009012010017
:2089E0000C0000FD34F9000830F9000838F900083A480068704700B5FFF7FAFF00F049FE53
:208A000010B137490220086000BD354A3C3A116A002011B1516A01B901207047304A3C3A3F
:208A20001168012011B9D16B01B900207047411A4FF0000058BF012070474FF07B40D0F8BA
:208A40003811D0F8340108434FF0010107D1254B102253F8040F10B9521EFAD10021002027
:208A600001B90120704790B50746642F88BF64271B4C04F11800007887420DD01FB90020E3
:208A800003F0CAFB05E0394600204FF47A5203F075FB3C3C84F8547090BDBA4870B50025D7
:208AA0000126C0F8D8520E4CC0F8DC623C3CA66025656662A562FF2084F8400000F0D7FCE8
:208AC0002846FFF7D0FF30462946A56401F028FD3046294601F00AFD70BDC04630FCFFFF25
:208AE000E8EE0008A8ED00082DE9F841FFF780FF054601F0ECF8A24CE16981423DD1216A83
:208B000081423CD0216B6D1A642D38D310B1E76B002F34D1206200256562A562E56210B113
:208B2000BB490F680FB90121A160FF2184F8401088B1E06B10B9012001F0B9F82846FAF774
:208B4000FFFF0320A56329462065012001F0E8FC012005460DE000F08AFC284601F04BFF8A
:208B6000284601F0A4F825650120294601F0D8FC0120294601F0BAFC01E0E0612563FFF744
:208B800037FF054601F09AF8E1687E4F814223D12169814222D0A1696D1A642D1ED3206131
:208BA000B8B16069D0B1FFF730FFB8B100F0ABFA002100B101210025081C0BD0F7F756FB88
:208BC000002804BF0120206004D0284601F047FC00E00125656101E0E060A561FFF708FFA3
:208BE0002169226A02F0B0FFFFF702FFD7F8D852616BD7F8DC62A94212D0656375B1226DAB
:208C00000021FF23A163022A1CBF03222265606484F84030012001F083FC01E00120A06017
:208C2000A06BB0420AD04DB9A663FFF7EEFE28B1E06B18B90120314601F072FC606828B1DF
:208C40000020606015B1012001F02BFCFFF7D0FE0546FFF7E3FE00284AD1606B002847D002
:208C6000FFF7D3FE002843D0616C2846FFF7DFFE00283DD0002001F088FD002831D0FFF7FA
:208C8000DCFE002834D09C4D4FF400162E61FFF7C5FE20BBFFF7D1FE08B30020694601F029
:208CA000A6FF2E60A0B19DF80000FF2810D09DF800009DF800102D2884F8401005D29DF8CD
:208CC0000000282807D8012000E00220206502E0FF2084F84000FFF78BFE054604E02E60C4
:208CE00006E0FF2084F8400042F2107040196064B24EE06C356800284BD1A16D2846FFF743
:208D000096FE002845D005F54871206DA16502283AD1A06C00282ED0401E2AD0401E38D017
:208D2000401E0FD0801E2FD1E16D2846FFF77FFE78B33220FFF797FE4EF6602101204919D9
:208D4000E16525E0E16D2846FFF771FE08B394F8540063280BD80D30C0B2642888BF642098
:208D6000FFF781FE4EF660204019E06511E002200EE003200CE0052105F16400A164F4E7AC
:208D8000ACEE000868E900080020FFF76CFE0020A064E16B30688046A1B9206890B1FFF771
:208DA00034FE002100B101210025081C08BF256056D000F00FFAE5620120E063284601F0CF
:208DC00070FBE16B012925D0022949D1404600F097FC01280CD0022842D1FFF75EFE0020BB
:208DE0002060E0630121E16201F09AFBBDE8F881FFF753FE0025E56225602846E563014672
:208E000001F08EFB0121284601F070FBBDE8F88140EC0008FFF711FE10B3D7F8D80290B1E8
:208E200000F055FF78B14FF40015C6F81052FFF704FE002808BFC6F8005211D0002001F064
:208E400091FFC6F80052FFF728FEFFF7D1FD054603F0E0F80146284600F030FC0220E06346
:208E6000BDE8F881564901200860704778B5A8B9534C544E01204FF40015A0606946356069
:208E8000042002F0A3F946F8105C38B9BDF8000040F28A2181423CBF0020A06078BD484850
:208EA0000121001D0160704718B945480121083001607047424B00B5986A38B9FFF7A5FDBE
:208EC00020B14148006808B1D86B08B1002000BD0120986200BD3A49886A18B100220120E5
:208EE0008A627047002070473548083000687047334828300068704730FEFFFF2F482DE979
:208F0000F043056800F0DAFE074600F0E0FE064603F080F880461FFA88F000F063FE2848FF
:208F2000002404604FF00109C0F80890C76021460761446007B949464161C6610462446252
:208F40008462C46244638463C4638464856122460563B8F1360F45644FF0FF0180F8401014
:208F600008BF4A46002EC2640CBF221C0322026580F854108565C5651FFA88F000F02AFD19
:208F8000204600F094FE2046FFF76DFD4846214601F0C6FA4846214601F0A8FA2046014648
:208FA00001F0BEFA2046494601F0A0FA02F0AAFEBDE8F083054800787047C04630FCFFFF2A
:208FC000ACEE000840FEFFFF40EC0008ECEE000830B5782256230A7034244B70001D8C70FF
:208FE00012220423CA7010F8012B03F003040D5D5B1C402B2A440A55F5D330BD18B50446C9
:209000006946FFF7E5FF22789DF80010002091420FD19DF80110627891420AD19DF80210E0
:20902000A278914205D19DF80310E278914208BF012018BD2DE9F041914D2F6880464FF416
:209040000010ADF1480D00244FF47C31402301AA28610320009402F0FFF8012607F4001789
:20906000002838D101A8FFF7C9FF20B901A82146402203F097F908F0030801A811A98DF89F
:209080001180FFF7A5FF01A8042211A903F0AAF92146009406200A46134602F0DDF8D0B96C
:2090A0002246009420204FF47C31134602F0D4F888B92146009406200A46134602F0CCF8AC
:2090C00048B9009402204FF47C3101AA402302F0C3F800B9264607B12F60304612B0BDE8E5
:2090E000F08130B50546012D03D0022D18BF0B2008D1AA4C2571FFF79DFF002812BF0D2080
:209100000020657130BDA54808300168002001B9012070472DE9F041A049594E0D68376841
:209120004FF40010ADF1480D0024402301AA4FF47C3130610320009402F08EF84FF00108BF
:2091400007F4001700283FD101A8FFF757FF20B901A82146402203F025F9280A8DF80900B4
:209160002B0C8DF808502A0E8DF80A3011A98DF80B2001A8FFF72CFF01A8042211A903F034
:2091800031F92146009406200A46134602F064F8D0B92246009420204FF47C31134602F08D
:2091A0005BF888B92146009406200A46134602F053F848B9009402204FF47C3101AA40235F
:2091C00002F04AF800B9A04607B13760404612B0BDE8F081714900B50868401C0860FFF776
:2091E00099FF002814BF0D20002000BD0346C0B510460F46002B3ED09E78002E3BD15E7909
:20920000002E38D15E78052E05D120B9FCF764FC03F012FA31E006B90FB90320C0BD0828A5
:2092200018D13978802915D17E789EB9BE788EB9F97804290ED13E7966B97E7956B9BE79AB
:2092400046B9FE79012E05D8002006B9012001F05EF912E006280ED1387885280BD17E7816
:209260004EB9BE783EB9F878042804D13879012801D8787908B10B20C0BD0020C0BDC046A1
:2092800030FEFFFF2DE9F04100280F4600F0B180002F00F0AE80467871097BD30178152933
:2092A00027D0552940F0A58036F0110540F0A1808578002D40F09D80C578002D40F099802D
:2092C0000579002D40F095804579002D40F091808579002D40F08D80457A002D40F08980E5
:2092E000082AC0F08680BB79F879082140EA03200FE036F011057CD18578002D79D1C57842
:20930000002D76D14579002D73D1042A71D3F87804214018811C8A426BD3395C01F03F01DE
:20932000312903D0332918BF342933D1C419611C0D7843199B1A13F1020F5AD1385CDFF8D1
:209340005C8006F0010600F03F00312836D0332826D034281ED10E2D1CD12779A07907F032
:209360000707032F45D830F0020118BF032840D107B901274446277100B1A071002E35D05B
:209380003846FFF757FE002808BF67712ED00D20BDE8F0810320BDE8F081C04660EF000866
:2093A0000878022825D14F781FBB897831F001001FD1654801F00101016017E008780E28AB
:2093C00017D1CD7835F01D0013D1680906D3280904D2FFF780FD60B125F010054446E07958
:2093E00005F0180500F0E7000543E5710020BDE8F0810B20BDE8F08154480068704701F0C3
:2094000004B830B5514C00210C22ADF1440D204602F0C8FF01F0A0F801204FF47C31207186
:209420004023607101AA0220A07100200090032001F012FFC8B901A8FFF7E0FDA8B19DF85A
:2094400009509DF808109DF811009DF80A309DF80B2041EA052110F0030041EA034141EAE3
:20946000026121601CBF2071607111B030BD3748C01D017801F0E70101707047F0B5164646
:209480001D460746332E05D0312E18BF342E07D1102400E004241FB18C4298BF032D01D93B
:2094A0000020F0BD0021224602F07CFFA01E3E70012D787025D02548312E1BD0332E0ED07C
:2094C000022D07D0032D14BF0179417939718179B97122E00121022039710146F8E7002D3E
:2094E00018BF032D19D118480068002100B1012108460EE0002D18BF032D0ED1C01D00781B
:209500000AE0312E07D0332E1CBF0321081CE3D10120F87001E0182038712046F0BD10B5D0
:209520000A4CE079000938BF00200BD3FFF7C2FCE079400905D3FFF7CEFCE07900F0E70060
:20954000E071012010BDC04668EF000860EF000800B500F0A3FB002100B90121B348016075
:2095600000BD00B5012002F057FE002000F052FB322002F0D9FB012000F057FB00BD00B5C7
:20958000002000F052FB322002F0CEFB01206421322202F0F3FD00BDF0B50446A448026B80
:2095A000476B91007F1C01EBC201014401F1380108BF01279F4A1568036852682E060025DB
:2095C00043EA164302F0FF0206790D6043EA02434C6043EA06638B600F60016B4763491C9D
:2095E00001F007010163F0BD30B5914C0D462060401E0728E5611FD8DFE800F03D3A422F63
:209600002C042923FFF7A4FF002000F00EFB322002F08AFBA089362834D0A089352802D070
:20962000A089372802D1012000F0F4FA01206421322202F0A3FD25E0FFF793FF0020206017
:2096400023E0FFF78EFF0020012120710DE0FFF788FF1AE0FFF785FF14E0FFF782FF002048
:20966000207105F5FA712161014600F059FF0CE005F1320008E0FFF76BFF002000F017FB65
:20968000FFF77DFF05F5FA6020612846FFF784FF30BD10B5044600F001FB002818BF002095
:2096A0000BD163494C6100208861486A401C486201202146FFF798FF012010BD5C4B0022E8
:2096C0001A719981014659619A61186A401C18620120FFF789BF411A4FF0000058BF012060
:2096E000704700B500F0DAFA504920B10846006820B1012000BD084601210160002000BDBD
:20970000F8B54B4D0446286830B16869A969201A814238BFA8616C612868401E072879D82E
:20972000DFE800F0514941362D170F0400202860EC61E86A0226401CE8622046FFF72CFF6E
:2097400069E029692046FFF7C6FF002862D001205DE0FFF7C6FF80B929692046FFF7BBFFB9
:20976000002857D02879401C2871287903284BD308202146FFF738FFD8E7072047E0FFF75B
:20978000B0FF002842D12869201A43D406203EE02869201A3ED400202860EC61A86A0126AE
:2097A000401CA862C9E7FFF79CFF00282ED12869201A29D52EE0FFF794FF38BB2869201ABD
:2097C00028D4032023E0FFF78CFFF8B92869201A1AD500F07CFA07469648006800F00F0182
:2097E0000020032908BF0120384313D10420694601F0ECFC77B928B9BDF8000040F28A2187
:20980000814207D3022002E0052000E004202146FFF7EAFE00263046F8BD01700A0A4270B1
:209820000A0C8270090EC1707047C04614F200080CF2000838BCF7FFDFF8FCC12DE9F04F34
:2098400081464FF0080E4FF00008ADF1600D5CF80C7F57B3DCF804B0DCF808A0DCF80000D9
:20986000874222D14646B10001EB0D0201EB0D032032403369440AE000EB0D052D6A41F8CF
:209880000449684442F80459006C43F804092EB1761EB00050F80D403D1BEDD40F60C2F88A
:2098A00000B0C3F800A008F10108BEF1010ECED1B8F1000F12D04B46474610AE08AD1C1DDA
:2098C00055F8041B1846FFF7A8FF56F8041B2046FFF7A3FF083308347F1EF1D15FFA88F00F
:2098E00018B0BDE8F08FB0B5071C01D0802901D00020B0BD024600218020401E02F8011B9F
:20990000FBD15221442039700124787058253C714D22BD704B4BFA70186878711879B87105
:20992000998949483972091279720168434DB972426807F10C002968FA72FFF76EFF296AFE
:2099400007F11000FFF769FF196907F11400FFF764FF596907F11800FFF75FFF996907F19A
:209960001C00FFF75AFFD96907F12000FFF755FF196A07F12400FFF750FF596A07F1280011
:20998000FFF74BFF996A07F12C00FFF746FFD96A07F13000FFF741FF294B196807F1340063
:2099A000FFF73BFFD96807F13800FFF736FF196907F13C00FFF731FF07F14000FFF73CFF96
:2099C00001462046F971B0BD1E480168002001B10120704790B51B4CA081FFF7C2FD0022E6
:2099E00022601648A26004F11001227120300A600068606122636263A261E0612262626233
:209A00000827A2622831E2627F1E41F80C2BFBD1FFF7C2FD90BD00B5FFF7A3FD094A0020DD
:209A2000106006499060203110710868D061FFF7B3FD00BD280100FB38F2000810FCFFFF41
:209A4000088CF7FF0CF2000838BCF7FF014610B508291CD3082915D0092913D00A2918BF2B
:209A60000B291AD1A848021F14680939012303FA01F2224202D01A46001D8A40114602F01E
:209A8000CFFD10BDC44AC81F0146104600E0C348036801228A405A40026010BD082810B59A
:209AA00017D308280AD0092808D00A2818BF0B2819D1A0F1090394480C3802E0C31FB64804
:209AC0000838012401FA03F204FA03F102F0A8FD10BDB24C012301FA00F203FA00F1A4F149
:209AE000080002F0A3FD10BDB0B508280F4625D3082812D0092810D00A2818BF0B2837D1B6
:209B0000814D0938012400228440214628460C3002F086FD28460C380BE09F4DC01F012418
:209B20000022844021462846103002F079FD284608382146002202F073FDB0BD974D0124B3
:209B40008440002228462146103002F06FFD002228462146083802F069FD214628460A46F8
:209B6000303802F063FD2C3DAC602C6107B12C60B0BD0021FFF7B8BF70470246082A12D3D4
:209B8000082A0DD0092A0BD00A2A18BF0B2A10D1A2F10900012202FA00F1AE480A4606E0AF
:209BA0007D48D21F00E07D4801219140002202F037BD70470246082A0DD3082A08D0092A01
:209BC00006D00A2A18BF0B2A0BD14F48093A03E07148D21F00E07148012191400A4602F05E
:209BE0001FBD704770B59F4D06460024382E2C6003D02046FFF7C1FF02E02046FFF7DAFF59
:209C0000964801210A4602F011FD382E18BF01242C6070BD9349096831B110B90020FFF7CB
:209C2000ACBF0020FFF7C6BF704710B90320FFF7A4BF0320FFF7BEBF002100B90121084642
:209C4000FFF7F3BF014610B508291DD3082916D0092914D00A2918BF0B290ED17E4A1468A1
:209C6000A1F10900012101FA00F3234207BF5268181C926801FA00F00AE000210AE07A4A82
:209C8000C81F0146104600E0784802680120884000EA0201002001B1012010BD00B50220C9
:209CA000FFF7D0FF002100B90121084600BD10B90B20FFF762BF0B20FFF77CBF00B501209B
:209CC000FFF7C0FF002100B90121084600BD00B50520FFF7B7FF002100B90121084600BD3B
:209CE00062481838026850F8101C11400160704700B50420FFF7A6FF002100B1012108466D
:209D000000BD01207047C04624F8F7FFF0B5574F0120FF25A7F1380420605248656100262C
:209D200006604FF6FF7020621C48C8210A4602F07DFC262138463246E5642C3802F076FC31
:209D4000C8206063144806210A4602F069FC464C06210A462046143002F062FC062120469E
:209D60000A46001F02F05CFC062120463246083802F056FC3E4C04213246204602F050FCD6
:209D80000421204632460C3002F04AFC324804210A4602F045FCF0BD48E5F7FF3CBCF7FF6C
:209DA0003449354B2E4A0020411A0968C01A0068126801F00601C90100F006004002114338
:209DC000084370472B492C482C4B0022091F511A0968001F121A10681A6801F00601C901F5
:209DE00000F0060040021143084370472148204A00211C305242081A891A02680868D10190
:209E0000400281F4407180F4406001F4407100F44060084340F0FF007047164916480F4B44
:209E2000002210B51831511A0C681830121A10681968E201400282F4407280F4406002F44F
:209E4000407200F4406081F0FF0101F0FF010A43104310BD28F8F7FF18F8F7FF34BCF7FFEB
:209E60004CBCF7FFECED000844E5F7FF38BCF7FF14F8F7FFA81A0800D007080050BCF7FF4D
:209E8000504910B50020C860088001244C804E49212001F099FC4D49204601F0ACFC4C491B
:209EA000812001F0A8FC10BDD3484A4AD14900681288002309180120FBF780BB42884149EE
:209EC0000020891C0A80704741883E4A00201180704710B50446404801F08AFCC648C54999
:209EE000E288006809180020FBF7B3FD002010BD70B5C14C334DBF4A2668AB7802F1400120
:209F000089190B706B88246841321B121355C288022AA8BF02228020FBF79BFD002070BD25
:209F200000B5284AB44BB34912881B6840311212C9180A70C288022AA8BF02228020FBF75F
:209F400088FD002000BD0246B0B5AB4851880F120068C64900247F1E0BD0BF1E12D16025AD
:209F600092230D5409184B70D288022AA8BF022204E0D288092AA8BF092209188020FBF728
:209F800068FD00E001242046B0BD4178491E15D0491E11D0491E0DD0891F09D0491E05D036
:209FA000491E18BF01200BD1FFF788BFFFF78CBFFFF78FBFFFF79CBFFFF7B2BFFFF7C3BF74
:209FC0007047C04674FB00088B9F00084BA2000859A20008ECF900085BA200082DE9F847DC
:209FE0008246854CA24E83482768DFF890C2DFF87C92DFF88082A24BB168C0190278002519
:20A00000521E0B2A00F28580DFE812F07B0060004E002A000C00830019018300F800BA00AA
:20A0200098008500002900F00D814146C91911F802EC11F8032C11F801CC0F788E784878A1
:20A04000CC780B7942EA0E2242EA0C4240EA062042EA076640EA044040EA03603060F1E01D
:20A06000002900F0EF804146C91911F8027C11F8033C11F8016C0A7843EA0723042743EA79
:20A08000064343EA02631E6881F83C7080F8415080F84250330A80F84350320C80F8445095
:20A0A000310E80F84560B8E0002900F0CB802946009506200A46134601F0CEF82946C72068
:20A0C0002A462B46009101F0C7F8BBE0BAF1000F0BD1294680200A461346FBF76FFA664C68
:20A0E0002068C068400808D2B168002900F0AA80FBF7F2FC02F0A0FAA4E0012001F0E6FE4C
:20A10000EEE7002900F09E806046C05D7060358098E0012596E0DB19187813F8014C2E4687
:20A12000012744EA002407FA06F0044202D03046FFF71FFD761C0C2EF5D383E0DB191A7891
:20A1400013F8014C997858782E46012744EA022440EA012807FA06F004420DD018EA000F58
:20A1600003D13046FFF709FD02E03046FFF722FD30463946FFF792FC761C0C2EEAD361E0E9
:20A180002E462F463846FFF75DFDB8407F1C06430C2FF7D3FFF741FE0746FFF727FE226800
:20A1A00049460A238B542268414601F13D0398542268000A01F13E039854206801F13F0366
:20A1C0001F5420683A0A01F140031A54206801F141073E5422684746300A07F142039854CF
:20A1E000216807F143067554216807F144035D5419E0C04624360100F0ED0008092280F871
:20A2000040202B4680F8413080F8423080F8433080F8443080F84530012180F8463080F84E
:20A22000472080F84810BAF1000F0BD02068494609222B4609188120FBF7C0F902E06046AA
:20A24000C05DB0602846BDE8F88700B50120FFF7C5FEFFF729FE00BD70470A4800780B2822
:20A2600002D00020FFF7BABE7047C0466436010078FB00082836010068FA00082536010086
:20A2800026360100A9F90008B24AC10001EB4011521860B9506828B1107800280CBF042208
:20A2A000022200E00622BA48062102F0B9B9506828B1107800280CBF4022802200E0C02213
:20A2C000B448C02102F0ACB90246A24890B5D10001EB4211401887691FB1017B012940F0D5
:20A2E0008780017B02296DD0076A1FB10023036201274762012953D0877D07BB477DAFB99A
:20A30000077D37B90169416087680021002F2CD00AE0017D491E01754768002107B901218C
:20A3200041608768002107B301211EE0417D491E41754768002307B90123012114E0817DED
:20A34000491E2BD0491E25D0491E1CD0491E11D0491E0CD1077D0FB3017D491E0175476810
:20A36000002307B901230021436001703CE00024012111E0002101704160C17D491C4B002D
:20A380000521037504E004210124002304704360817529E0012403212346F7E70221F3E72B
:20A3A00007785FB1032F06D0012F1CBF0021012306D1022103E001210B4601E0032100233E
:20A3C000017010E0077D3FB90021C7690173DFB1C1610121016290BD017D491E017547684D
:20A3E000002307B9012343601046FFF74DFF90BD0021816181750227077341750122C26136
:20A40000142404750162416290BD994900B5087C022806D00878401CC0B2052838BF087033
:20A4200006D300200870FFF74FFF0120FFF74CFF00BD01460020022938BF0120704700B532
:20A440000246FFF7F6FF40B14249D000002300EB42100918486A4B6200BD002000BD00B54E
:20A460000246FFF7E6FF40B13A49D000012300EB421009180B6108224A7500BD00B50246E4
:20A48000FFF7D7FF60B13349D000142300EB421009180B7502220A7301230B610023CB61FE
:20A4A00000BD00B50246FFF7C4FF40B12949D000012300EB421009180B6106220A7500BDA4
:20A4C00000B50A460346FFF7B4FF114668B106290BD8204AD80000EB43100123121893752D
:20A4E000D175002393611362536200BD00B50A460346FFF79EFF114640B1002201B10122F8
:20A500005B49D80000EB431014310A5000BD002100B10121564A0846107482F83800704756
:20A52000B0B503460F46FFF784FF394680B1002001B101204F4C30B1D9002246012501EB2D
:20A54000431108325550D900224601EB43115050B0BDC04610EF00080E48C021F0B50A4601
:20A5600002F05EF80A4806210A4602F059F8424DC02128460A46183002F052F83F4C062123
:20A5800020460A46183002F04BF8C02104E0C04648E5F7FF3CBCF7FF28460A4602F040F8C4
:20A5A000062120460A4602F03BF8062100222046001F02F035F82E4D00242746A5F12406E0
:20A5C00006F8284F7460B4603473346134757475B475F475B461F461346238467462FFF774
:20A5E00053FE7F1C022FEBD32C70F0BD00B50246FFF71FFF68B11F49D00000EB4210091D72
:20A600000A1811780120022904D0D16811B9516901B9002000BD1749091D0A780020012AC8
:20A6200004D191F82810012908BF01207047022808D21349C200012302EB401009188B612B
:20A6400000224A627047022811D20A49C20002EB401008390022091801F10C038A75186911
:20A660008A6108B11A701A721A615A619A6170470CEF000818EF000834BCF7FF40E5F7FF25
:20A6800010EF000890B51F460B46114600B90FB9002090BDA14A02EB80021468012C07D198
:20A6A0000A461946FDF785FA02460B46012007E01068022808BF181CF6D0002000230246E9
:20A6C00087E80C0090BD30B500220446F8F79FF888B9002120460A46F8F74FF958B9904D9E
:20A6E000E4010121002247F23053A5F11800201AF7F7F6FF08B1022030BD641B21680020BA
:20A7000011F0210F18BF012030BDB0B50446271CADF1340D03D111B1D1F8540208B10020C4
:20A7200031E08D8843F2C874AC4203D047F28C30A8421DD168460021342201F033FE80230A
:20A7400027208DF80130EF228DF8000069468DF80220072338468DF80330FFF7B4FF48B906
:20A76000AC4205D13846F8F723FB002150B908E0012008E047F28C320021AA4202D101286F
:20A7800000D1012108460DB0B0BD002812BF0020A44951F82000704730B558B95F49820008
:20A7A0000024A14B9F4D8C50D158AC50491CD150FCF728FE30BD10B5B1F8A430B1F8AA205B
:20A7C00004464FF6FF71ADF1340D994227D0580825D3914201D050081ED268460021342260
:20A7E00001F0E0FD80238DF80130B0228DF8022027208DF800006946D8234F228DF803301A
:20A8000020468DF80520C2238DF80630FFF75BFF10B1401E03D005E00120014604E00021F4
:20A82000012001E0002108467E4A0DB042F8241010BD30B50024C1F8C0420546A1F8CC4231
:20A84000FFF7B9FF18B13548012440F82540204630BDF0B5764A754E01F5207301F50B7CC1
:20A86000282701F504741CF8015B7F1E86EA050602FB06F6F7D1142714F8015B7F1E86EA22
:20A88000050602FB06F6F7D1082713F8014B7F1E86EA040602FB06F6F7D1624C8700241D18
:20A8A0003D192D1D2B6813B1E25996420BD0FDF725F918B9002101202960F0BD012802D15C
:20A8C000E651012028600020F0BD30B50C4605463422ADF1340D0021684601F063FD2720AD
:20A8E00080228DF80000D4F874128DF80120002928460CBF402142218DF8021001248DF8D2
:20A900000C4040218DF807106946FFF7DCFE002100B9214608460DB030BDC0463CF30008F9
:20A92000E0FEFF04F0B5061C0F4662D1FFF734FF002F5ED0D7F8540200285AD107F520705D
:20A9400090E83000002D08BF002C52D0D7F8A40200284ED007F5207003C807F51E7282E805
:20A960000300B7F800014FF6FF74844201D0C00806D230463946FDF731F9022806D050B919
:20A9800030463946FFF765FF002832D030463946FFF74FFFF0BD01282BD1B7F800018442BD
:20A9A00027D010F0060F24D1D7F8540208BB07F5207090E83000002D08BF002C19D0D7F8A2
:20A9C000A402B0B130463946FFF77FFF88B107F5207003C807F51E7282E803003046394689
:20A9E000FFF7E9FE28B1134A0221012042F82610F0BD0020F0BD28B90A49002201EB800054
:20AA0000426082607047002812BF0020094951F820007047002812BF0020034951F82000A2
:20AA20007047C04644F3000840F30008C59D1C81930100013CF30008C84BF0B540F2844264
:20AA4000044602FB04F0185800250E4668B1B7685FB12046FFF7D7FF874206D12046FFF75C
:20AA6000D9FF7168814208BF01252846F0BDBC4940220A6008B1202008607047B84A10B5AA
:20AA80006023044610321360FFF7D6FF002818BF012008D1CA480023C0EBC41003601846FB
:20AAA000FFF7E5FF184610BD2DE9F041061C0F4649D1002F47D0A94940F284407043085878
:20AAC000002840D0DFF8F882F401A8F12000251A69682868084336D13046FFF794FFB86036
:20AAE0003046FFF797FF786039463046FFF7C6FF48B355F8201CB3483960084045F8200C03
:20AB000039463046FFF798FF48B169682868084305D10120FFF7ABFF0120BDE8F0813046CA
:20AB20003946FFF789FF38B940460021241A8C4F216040263E6006E039684046241A012076
:20AB40002160FFF794FF0020BDE8F0812DE9F0410C46064690461146FFF790FF214618B3EC
:20AB600030460022F7F753FE071C05D1002130460A46F7F702FF07460120FFF778FF924D75
:20AB80004FB9F4010121002242F22833601BF7F7A7FD071C0BD0F401601B0068400806D3E1
:20ABA00030460121F8F7AEFF0020BDE8F08130464146FFF763FF0028F6D001263FB9804801
:20ABC0000C38241A206810F0210F08BF00260120FFF74DFF002006B90120BDE8F081784A13
:20ABE0000968C2EBC01001600120FFF740BF2DE9F0470F1C8146ADF1400D07D04FF0FF08A9
:20AC00000DA987F80080FFF74FFF08B9002050E068460021342201F0C5FB4FF0010A4F2695
:20AC200027218DF80010B0238DF80230D0228DF8032080208DF80100634C8DF80CA0644D5C
:20AC40008DF80560C22128344FF400730DAA48468DF80610C4EBC914089369462560FFF7E4
:20AC600075FF0DA9064625604846FFF707FFF0B1C6B15948574903681E2244460020064655
:20AC8000C91811F80C3FC22B09D00B78BE2B02D108B94C795046521EF3D118B100E04C79BC
:20ACA0003C70564648460DA9FFF799FF00E00026304610B0BDE8F08730B504460D46FFF7AA
:20ACC000DDFE28B120462946FFF789FF012030BD002030BDF0B50646ADF1400D0DA9FFF7CA
:20ACE000E3FE002808BF002035D068460021342201F058FB394940F28440272280237043DF
:20AD00008DF8002008588DF8013000280CBFE721EA212F4C2D48F5010DAA8DF80210A41E7C
:20AD20002D1A304669462C60FFF710FF071C2C600AD0E0208DF8020069460DAA2C6030469E
:20AD4000FFF704FF07462C6030460DA9FFF7B4FF00B90027384610B0F0BDC04640EC000847
:20AD600030FEFFFFF0B50746ADF1400D0DA9FFF79BFE002808BF002020D068460021342261
:20AD800001F010FBE020802127228DF802000F4C8DF80110124D8DF80020C4EBC714384649
:20ADA00069460DAA2560FFF7D1FE06460DA938462560FFF781FF00B90026304610B0F0BDA6
:20ADC000ECFEFF04FCFFFFBFC8FEFF04F0FEFF040300004006160100F0ED0008DCEB0008FF
:20ADE0000100004013460246184632B113783B2B03D19278532A08BF081C7047B54940B153
:20AE000002783B2A05D180780968532803D11E4802E008460168CD484018704710B5CC4CC5
:20AE200000210A46081B43680068184318BF002004D1521C01F18001F4D0012010BD10B5EC
:20AE4000401E491E11F8013F10F8014FA34218BF002002D1521EF5D1012010BD30B578223A
:20AE600056230A7034244B70001D8C7012220423CA7010F8012B03F003040D5D5B1C5219A4
:20AE80000A551A0AF5D030BD102601002DE9F04306469048AD4C0068171CADF5FE7DADF18A
:20AEA000240D044400F0AB800025002E3D6000F0A680B1F58C7F40F0A280FEF708FF0028D1
:20AEC00040F0EC80FFF7AAFF002800F0E78001A831464FF48C7201F085FA9E480DF10306FA
:20AEE0000821814600F10F0212F8010F16F8013F984240F08480491EF6D19DF810000128EE
:20AF00007DD89DF81100002879D10DF111020A2012F8011F302972DB3A2970DA401EF7D1E6
:20AF2000FEF7D5FE002840F0B980FFF777FF002800F0B480A84603204FF4783122464FF458
:20AF40008053CDF8008000F087F9002840F0F2809DF80D209DF80C609DF80E009DF80F1085
:20AF6000651E46EA02264FF4805246EA00464FF0FF3046EA016615F8013F0821584043080D
:20AF80002CBF754B4346491E83EA5000F7D1521EF1D1C043864232D107A920464FF4807246
:20AFA000FFF74DFF00282AD0611E4FF4807011F8012FFF2A03D1401EF9D1012500E045468C
:20AFC000204687A9FFF74AFFADB9204687A90422FFF735FF98B19DF8100080B904F108002C
:20AFE0000DF112010A22FFF72AFF014604F1080000293FD0A4E09DF81000012801D00B202B
:20B000009FE0204641464FF4807201F0CBF9062604F1120049460822267101F0E3F904F195
:20B020001A0009F11801102201F0DCF901225A2084F830201A2384F876004946082284F81E
:20B04000773004F17A0084F8786001F0CBF904F1820009F11801102201F0C4F904F19C00D6
:20B0600009F10801082201F0BDF9382104F1080084F8A4100DF112010A2201F0B3F9204636
:20B0800087A9FFF7EBFE2046042287A901F0AAF9FEF71DFE10B9FFF7C1FE08B90A2050E0A8
:20B0A000012038609DB94146CDF8008006200A46134600F0D1F800283CD1424620204FF4ED
:20B0C00078314346009200F0C7F8002832D147463E4615E0F0ED000800970620414642461B
:20B0E000434600F0B9F828BB06F57831A219009702204FF4807300F0AFF8D8B906F58076DC
:20B10000002D14BF4FF480704FF48050B042E3D8454605F578310097032047AA4FF480732D
:20B1200000F09AF830B9611947A84FF48072FFF786FE08B90D2004E005F58075280BE8D0E0
:20B1400040467FB009B0BDE8F083C04610160100CCFEFF0430CA00082083B8ED9C490A68CE
:20B16000920AFCD340F08060C8620868400AFCD3086BC0B2704710B5954C964B22681042A2
:20B1800018BF002005D11A68521AB2F57A7FF5D3022010BD30B50C46054611464FF4007011
:20B1A000FFF7E9FF2A4680B9894D4FF48070EA62FFF7E1FF48B9296B28682160400903D318
:20B1C00010210120296030BD002030BDF8B584460F1C02D0BCF1070F01D90120F8BD00248F
:20B1E0007C483C807C4D06686946324628467F38FFF7D0FF88B928466946324640EA0C106B
:20B20000FFF7C8FF48B9009D744869463246FFF7C1FF05F00301090208B1044604E00098B7
:20B2200000F0FF00014339802046F8BDF0B56C4C17460E4605463C4302E0012000F074FDCB
:20B2400001F09FF92046FFF789FF3846FFF786FF28408642F1D1F0BD2DE9F04307460D4600
:20B2600007985F494FF001091C4694464FF0000809FA00F00304384683F47F03801E03F4B5
:20B280007F0353D0401E30D0C01E27D01A3806D0A7381ED0113818BF4FF003086CD147EA09
:20B2A000030040F08050FFF759FF10264446022C34BF4FF08050404625FA06F101F0FF01C0
:20B2C00008431843FFF74AFF641C083E032CEED34DE043F0C700FFF741FF48E043F0060015
:20B2E000FFF73CFF0220014643E00846801E1843FFF734FF0327102625FA06F000F0FF00BD
:20B30000184340F08050FFF729FF083E7F1EF3D194B3641E0CBF40464FF080501843FFF793
:20B320001DFF0CF8010B002CF3D125E00846C01E1843FFF713FF0327102625FA06F000F0F8
:20B34000FF00184340F08050FFF708FF083E7F1EF3D164B1641E0CBF41464FF080511CF8E2
:20B36000010B19430843FFF7F9FE002CF2D1484641461A46FFF75AFF4046BDE8F08370B5B7
:20B38000184E40F6036101200325A6F114040A4620603046656001F043F940F20161304673
:20B3A0000A46001D01F03CF90F48A064E564042020630E4820650E484FF080710A46606539
:20B3C0000020E0603046103801F02AF970BDC04610F8F7FF10FCFFFF800005110000050164
:20B3E0000500001014F8F7FF0000020208030101082400014170091201707047B0B504AFEC
:20B400003D780C46114622460446A018FFF7F2FFA4186021C570022D817007D0E371180E9A
:20B4200020711F0C6771190AA17104E0241D99B22046FFF7DFFFA818001DB0BD2DE9FC4FEE
:20B44000071C154600F0A980002D40F0A680202B00F0A180212B21D00D2B40F09E8010297A
:20B46000C0F09B800021102200F09CFF0024BC703C717C714325BD710226FE710D20387037
:20B480000C23FB70FDF796FD0121F972BC723D737E737872FF23FB731021DFE074297CD3D9
:20B4A0000021742200F07EFFBE1C70212120F97000223870134601961C46042138463470F0
:20B4C00002268DF80060FFF799FF8046284600F019FADFF890A140F2844B4FF47A79012436
:20B4E0000646012C29D0052C27D0062C25D0022C0FD0082C07D00A2C12BF00230BFB05F04E
:20B500001AF800302EE0FDF7EFFC002300B1012328E00AF11D000BFB050090E80C00002B2A
:20B5200008BFB2F1FF3F05D8B2FBF9F04002B0FBF9F317E04FF0FF3314E0E6B1012C01D125
:20B54000F368C3B1052C01D17369A3B1062C01D1336983B1012C08BF336803D0052C0CBFB7
:20B56000B36873680420A2B28DF8000041463846FFF744FF8046641C0D2CB2D9B8F1720F66
:20B5800008BF4FF07408A8F1040081B20198FFF731FF404661E0382901D200215EE000211F
:20B5A000382200F0FFFE0026342502242020BE703246FD7004213870134638468DF80040E3
:20B5C000FFF71CFF8046FDF717FF0425034601228DF8005041463846FFF710FF01468DF84A
:20B5E0000050224633463846FFF708FF8046FEF755FB334600B10123032238468DF80040DE
:20B600004146FFF7FBFE01468DF800402A4601233846FFF7F3FE804600F0FCFC3546382826
:20B6200003D1FEF765FB00B901252B468DF80040384641460522FFF7E1FE01468DF80040BF
:20B64000062207233846FFF7D9FE01468DF800401A4638463346FFF7D1FE01460846BDE8EB
:20B66000FC8FC046CBEB00088F4800B50068052808D10020F9F7A9FE8020F9F7A6FE002076
:20B68000F9F742FF00BD10B5874C103CB4F8720040B194F86C0020F07F00802814BF0220A5
:20B6A000012000E003202061FBF731FE08B105202061FFF7D9FF10BD10B57B4C216801298B
:20B6C0000AD0032906D1B4F8480008B1F9F777FE00200EE005200CE08268002A08DDC1683A
:20B6E0004368994204D101688020FAF7EFF901E004202060FFF7B8FF10BD90B56A4C21688A
:20B70000022906D0042902D00520206012E00020FBE78268002A03DDC1684368994205D018
:20B7200063490F6807B1B8470320EEE701680020FAF7CCF9FFF798FF90BD70B55C4C064605
:20B7400004251C3C54F8040F20B10146304688476D1EF7D170BD574B024600B50846110A24
:20B7600038BF1033920022F400729958884700BD10B5504C022004F108018B6A0A6B0B60A2
:20B78000401E0A6101F10401F7D14B4901200860FAF782FA54342068804710BD10B5454C9D
:20B7A000022004F108018B690A6A0B60401E0A6101F10401F7D1404900200860FAF76CFAA6
:20B7C00050342068804710BD3C4A1368042B28BF01200CD202EB83035966116800F07F0099
:20B7E000511881F8740011680020491C116070472F49086070472F4A030A38BF10328000F7
:20B8000020F40070115070472A49543108607047284A030A34BF3832303220F08000800027
:20B8200008381150704725490A1D1268042A28BF012006D201EB820290644A680020521CEF
:20B840004A6070471B49503108607047020A34BF184A1A4A20F080008000083828321150B3
:20B860007047124810B500214FF40E7200F09AFD124C0021702204F1080000F093FD1049A0
:20B880001248104AA16100680F49A26000F586300860FBF76BFD00F027FE0D480D490E4AAB
:20B8A000F9F7C4FF10BDC0464CF900083CF90008E4FB00088CFB00086CF9000884FB00080E
:20B8C000FBB60008B9B6000864F80008F0ED000887B6000857B700083BB7000890B5071C32
:20B8E0000FD18B4C6422002102FB0740183000F059FDF8000021182200EB0710201800F09B
:20B9000051FD90BD002818BF002004D1804AC10001EB00101018704730B97D4964221831B4
:20B9200002FB0010016E01B9002070474178007840EA012080B270472DE9F0475FEA0008F7
:20B940000F46ADF1180D6CD1002F6AD068460021182200F027FD04224FF0010CBB5CD0199A
:20B960004478801CFFF7E2FFE10828BF142103D261082CBF0C21042144EA030550EA05069D
:20B9800042D081424DD88118B1F5FE7F49D80A2B35D30C2B33D814F0050F30D1042840D9F3
:20B9A00008283ED800240A2B08BF0DF10C0E05D00B2B0CBF0DF1100E0DF1140E0A2B08BFFB
:20B9C000E94605D00B2B0CBF0DF104090DF10809DEF800602EBBBB18061F254693F804A097
:20B9E000E900761E03F1010305F101050AFA01F141EA0404F2D1C9F80040CEF800C08218C9
:20BA0000101DB0F5FE7FA9D941496F461CCF4FEAC80000EB081009181CC197E80D0081E834
:20BA20000D0006B0BDE8F0872DE9F04306460C4691461046984600211A4600F0B3FC0425EC
:20BA400033465E5DE8184278801CFFF76FFFD10828BF142103D251082CBF0C2104218142D5
:20BA60001CD8B0F5FE7F19D24719B7F5FE7F15D2B4420FD112F0050F0CD1421A904538BF64
:20BA80004246491948465B18194600F0ABFC0120BDE8F0834519B5F5FE7FD2D30020BDE89D
:20BAA000F08370B5061C0D46ADF1640D2DD1002D2BD068460021642200F074FC28460621FA
:20BAC0006A462023FFF7B0FF0024A0B108AA284631212023FFF7A8FF68B110AA28460521A0
:20BAE0001023FFF7A1FF30B114AA284635211023FFF79AFF00B944B106480121642218910B
:20BB0000694602FB060000F06DFC19B070BDC046A4F20008BCF20008411A4FF0000058BF19
:20BB20000120704701467D4801700020FEF7C8BC10B504460020FEF786FD002C0CBF002059
:20BB400007207749086010BDF0B5754C164622680F460546002E40F095803AB1072A05D079
:20BB60006169FFF7D9FF002840F08F80101C7DD0401E6ED0401E6AD0401E59D0401E4CD018
:20BB8000401E26D0401E01D0F7B181E00020FEF756FC00287CD0207A60B1012804D0062868
:20BBA0000CD100F049FD0EE00220FDF79AFAF6F789FD02E00120FDF794FA207A012802D845
:20BBC000A561032060600FB9002059E00722104656E0E1680A461FB12846FFF79DFF78B114
:20BBE00028461146FFF798FF002851D0207A06282EBF0020401CC0B2FFF794FF03203FE03C
:20BC000041F288304EF6602140192061491961610020FEF70CFD0622D9E73FB12169284688
:20BC2000FFF77AFF002833D001202FE0052027E0002F2DD041F2883105F57A734EF660204B
:20BC40004919E3600422216140196061BFE7FFB9D4E74FB121692846FFF75EFFC0B1002088
:20BC6000FFF760FF02200BE000200FE087B141F288304EF66021401920614919616101204C
:20BC8000206005E022B1072A02D03846FFF750FF206A30B1E1692846FFF73EFF08B1002077
:20BCA00020626268002A2CD0022A25D0A1692846FFF732FF28B3012A16D0032A0BD0042A30
:20BCC0001FD100206060F9F751FF05F5FA65E56101202062F0BD6EB9F9F7FEFE114805688C
:20BCE000042005F57A750AE026B96D1CA56103206060F0BD0220FBE71EB901206D1C60600A
:20BD0000A561F0BD0649002008604860C860086148618861C86108620872704790EE000884
:20BD200088EE000830FCFFFF10B57349734B0C681A688218904208D91868824205D208684E
:20BD4000844202D318688242F9D318688242FCD810BD70B5694D0E46C300012105F17402D3
:20BD600001FA00F4A3F56C7314601A68800081402846B218001F1A600A465E6000F050FC0B
:20BD8000214628460A46703000F04AFC70BD10B55B485A4C03684FF47A7104F12402002099
:20BDA0001060594342F8040C491E51604FF4FA71FFF7CFFF0120FA21FFF7CBFF0220642100
:20BDC000FFF7C7FF4FF4802120460A46703000F027FC022120460A46103800F021FC10BD5F
:20BDE000494A464910684FF48023401C106078310B607047404A414910684FF40033401CCE
:20BE0000106078310B60704710B53E4C00212160C4F880103A48616100682161401EA0611D
:20BE200036484FF400310A46703000F0F9FB012120460A4600F0F4FBFFF7A9FF10BD33489F
:20BE400010B50068FDF7DBFAFAF738F8304C206818B930490120086003E0FDF720F80020E5
:20BE60002060264804217830016010BD23480221783001607047284870B5016841F21A023E
:20BE80008A421ED1274CA4F11806244A316805468A4202D02248884201D100F0CDFBD5F846
:20BEA0009C0170B10720F0602168490E09D3D4F89815C90AFBD2C6F8AC0540F20C40C6F8CD
:20BEC000B005104801218830016070BD10B50E4A0C49136830310C680419A04208D90868DB
:20BEE000844205D21068834202D308688442F9D308688442FCD810BD34F3000810FCFFFF81
:20BF0000F4ED000800FCFFFF38F300080CC700FC58E90008FCED00083CF900084014080168
:20BF20004214C8007CC100FC2DE9FC43DFF80081404E2A2208F10205311D284600F052FA2B
:20BF40004FF0000908F12C0438204FF478314FF480732246A8F800000320CDF80090FFF780
:20BF60007BF9002854D130680421261D019016F8010B01AA01F00303D75C491CC019D0541E
:20BF8000080AF4D09DF804002178884240D19DF80500617888423BD19DF80600A1788842F7
:20BFA00036D19DF80700E178884231D104F1080128460A2200F016FA05F10A0004F1120119
:20BFC000082200F00FFA05F1120004F11A01102200F008FA05F1220749460822384600F0BC
:20BFE000E1F9217946463846052905D2617919B9A17909B9E17921B104F19C01082200F05E
:20C00000F1F994F8A51094F8A40040EA01203080BDE8FC830648008828B14FF6FF7181427F
:20C0200018BF012800D1372070470148801C70476CEF0008D0C900082DE9F0413B4F3C482C
:20C040003C4C4FF40E71002640F28442C7F80C1131460660204600F0A5F9D7F8C0013146C4
:20C06000400C18BF0121344D0028A9600CBF4B202820686000F0D4F9FFF781F9FFF7C4FE9E
:20C08000FDF744FE2868EE214FF4A03200F08AF900F056F9F4F723F9FCF730FFFFF7E1FB09
:20C0A000FBF7E5FEF8F74CFDF7F748F9F9F75EFDFCF7A1FC00F052FA4FF4001800F061FA87
:20C0C000F7F7FAFBD4F8400404EB8000D0F84404F8B1D4F8402404EB82009300D0F83C13FA
:20C0E000C7F8108003EBC200201800F55F708847D4F8400404EB8000C0F84464D4F8400487
:20C10000C7F80080401C1028C4F8400428BFC4F84064FCF7E9FCE8680028CFD0FCF77EFCA9
:20C120000028CBD1EE6030BFC8E7C04630FEFFFF10ED00E068E90008F0ED0008642988BF2E
:20C1400064213A4AC2EB80200268642389B2B2FBF3F25143416070473449091FC1EB8021ED
:20C16000096800290CBF64210021FFF7E7BF2F4901220831C1EB80200260704730B50346B1
:20C18000642988BF64212A4C2848246810250C3089B26243C0EB832064240560B2FBF4F3B4
:20C1A000C26059430161012540F8045C12240460456030BD64214FF47A62FFF7DFBF0146F6
:20C1C000F0B51C48194B46688A0200F10804D11A07682568096876B954F8274085687F1CF9
:20C1E0001E2F0760A5EB040401FB04F1B1FBF5F40ED101210BE07F1E076054F82740A5EB3A
:20C20000040401FB04F1B1FBF5F401D1002141601B1FD21A1460F0BD044910220C31C1EB4D
:20C2200080200260002101617047C046EC770800F4ED000808EE000827482849C0F80013BF
:20C240002749C0F804134FF4E021C0F8241CFF210160704770B5FFF7EFFF224D4FF0FF3045
:20C26000A5F1440420604FF4B0126060002044F8300C4FF47F0144F82C0C0A2044F8380C22
:20C28000284600F0CDF9184E4FF47F414FF4A062304600F0C5F94FF47F414FF4A052284602
:20C2A00000F0BEF94FF47F414FF4C0622846001D00F0B6F94FF07F414FF02062304600F01F
:20C2C000AFF90A4844F8100C202044F8100C402044F80C0C70BDC04600E100E0E0C0A0800C
:20C2E0006040200084FEFFFF94FEFFFF530F600000204FF07D41254B8860254AC3F8E82104
:20C30000C860244AC3F824228861C861704700214FF07D400161214A42611F4B81611D4A7D
:20C320001A60C161704700224FF07D4106230A6019484B60164B8A603C380360CA607047E9
:20C340004FF07D41002205200A604FF40042486012480A61401E4861FFF7CABF4FF07D40BB
:20C36000F021416400214164006C70474FF07D41086C086470470A480068C0F30010704756
:20C3800007480068C0F340107047C0463CF90008000010C0000014C060FB0008060000805C
:20C3A000400000FDC0B5844686181CF0030F10D141EA012041EA002326F00302604641EADE
:20C3C0000323824205D0121A97107F1E40F8043BFBD1864204D0361A761E00F8011BFBD18B
:20C3E0006046C0BDC0B58E1841EA0002034612F0030F0BD126F003028A4207D0521A9710C8
:20C4000051F8042B7F1E43F8042BF9D18E4206D0761A11F8012B761E03F8012BF9D1C0BD66
:20C4200030B5184D154901202C1F2060002008604860042002210A46E0632846383000F098
:20C44000EFF80F484FF080710A466060284600F0E7F80E480C4900684FF4E1334FF46132E1
:20C4600001FB00300721B0FBF2F0A162401E8021E0620A46284600F0D3F830BD54F30008E2
:20C480002200020204E5F7FF48E80100F4ED000830B58188552902D14188372901D0012023
:20C4A00030BD017821F07F02802A4FF0010119D14278702A16D1C088022813D10D480C4D70
:20C4C0004FF48634026829606023A3540A4B016892255D540168022201F586318020F9F702
:20C4E000B8FA0021084630BD04494020FFF76CB94CF90008F0ED0008010C010091C40008C9
:20C500001449B1F1FF3F12D00868091D78B151F8042B28B111F8013B401E02F8013BF9D149
:20C52000C91C21F0030151F8040B0028EFD170474FF00060016881F3088807494FF000600F
:20C540000860FFF7DDFF00F059F8FFF783FEFFF773FDC04648C6000808ED00E00E490D48E6
:20C5600009684843400B40F6FF71401E814238BF081C0A4908600A4B41F8043C1F224A601E
:20C58000704706484EF21A51083001604AF25C310160704748CA0600F4ED000894FCFFFFE2
:20C5A0001253EDAC0A4801684AF6DC428A42416004BF4AF6BA310160001D7047044801681F
:20C5C0004AF6BA328A4204BF4AF6DC410160704700EE000800BFFDE700BFFDE700BFFDE74C
:20C5E00000BFFDE700BFFDE700BFFDE700BFFDE700BFFDE700BFFDE700BFFDE700204FF463
:20C60000807240F8300C054940F8302C4FF0FF30086648668866C8660860704740E0FFFFEF
:20C6200003680A408B431A430260704703680A408B431A43026070474FF400406FF01F0106
:20C6400008607047FFF7F8BFC500000068F8000812010003000000095A1A0500090101023C
:20C6600003010A061002000000400100040309041203540041004E0044004200450052002A
:20C680004700220352004400580020002000200020002000200020002000200020002000E0
:20C6A000200020001A0330CA30003900380037003600350034003300320031003000050FD2
:20C6C0002A0003071002020000000A1003000E00010A0A00141004000011223344556677CE
:20C6E0008899AABBCCDDEEFF09022600010100C00009040000020806500007058302000429
:20C700000006300F0000000705030200040006300F000000000000008000000008EE0008FC
:20C720000000000000000000001000006E0F0000D80E0000100E0000E40C0000500B00001D
:20C74000C409000000080000A805000000040000D4020000000200006A010000FF00000011
:20C76000B4000000800000005A000000400000002D00000020000000170000001000000077
:20C780000C0000000800000006000000040000000300000002000000010000000000000075
:20C7A0000D00000080F300080000000900808389B0B1B2C0C2C046C01200000090F3000864
:20C7C000700000000000000A00000000000000000000C0460E000000A4F30008090C000017
:20C7E0000000000000000000000000001400000054E90008000000000000000000000000E0
:20C80000000000000000000010000000F0ED0008000000C000000000000000000000000063
:20C820000400000034F30008000000000400000038F30008000000000C0000005CF300082B
:20C840000000000000000000000000000C00000030F900080000000000000000000000009B
:20C860000800000084FB0008000000000000000004000000ECED0008000000000400000040
:20C8800000EE0008BAAB00000400000050F3000800000000000000004F50454E524458319D
:20C8A0003031323334353637383941424344454673D528801AEFC032D3A53637B035F65DCE
:20C8C00072809151B2F127C6B2050E9BACC76F3B982F8A4291443771CFFBC0B5A5DBB5E90A
:20C8E0005BC25639F111F159A4823F92D55E1CAB98AA07D8015B8312BE853124C37D0C5504
:20C90000745DBE72FEB1DE80A706DC9B74F19BC1C1699BE48647BEEFC69DC10FCCA10C2431
:20C920006F2CE92DAA84744ADCA9B05CDA88F97652513E986DC631A8C82703B0C77F59BF73
:20C94000F30BE0C64791A7D55163CA0667292914850AB72738211B2EFC6D2C4D130D3853F2
:20C9600054730A65BB0A6A762EC9C281852C7292A1E8BFA24B661AA8708B4BC2A3516CC761
:20C9800019E892D1240699D685350EF470A06A1016C1A419086C371E4C774827B5BCB03470
:20C9A000B30C1C394AAAD84E4FCA9C5BF36F2E68EE828F746F63A5781478C8840802C78CAA
:20C9C000FAFFBE90EB6C50A4F7A3F9BEF27871C67856341237333630323432383839544119
:20C9E0004E4442455247524458202020202020202020202020203130313032303130000072
:20CA0000303130303031303954492D4453470000545553423932367854414E444245524745
:20CA20005244582020202020202020202020202054414E444245524731303130323031309C
:20CA400052445853455230315244582020202020202020202020202004060B000304060BE2
:20CA600050617373776F72643A00000042FBA7FB2B0932005E1BBEC2DB82451608004000EB
:20CA800040000002080040004000400000004000000200040000400000020004FFFFFFFF04
:00000001FF
