:020000040800F2
:2000000038E90008EDCA000899CB0008A9CB0008A1CB0008B5CB000891CB000895CB000848
:2000200095CB000895CB000895CB0008B1CB0008ADCB000895CB0008A5CB00089DCB000834
:2000400001CC000801CC000801CC000801CC000833C40008B9390008493C000801CC0008F1
:20006000B1C300089DC30008FBC3000819A6000801CC000801CC000801CC000801CC0008BB
:2000800001CC000801CC000801CC000801CC000801CC0008B585000829C4000801CC00082B
:2000A00001CC000801CC000801CC000801CC000801CC000801CC000801CC000801CC000898
:2000C00001CC000801CC000801CC000801CC000801CC000801CC000829C9000801CC000853
:2000E00001CC000801CC000801CC000801CC000801CC000801CC000801CC000801CC000858
:20010000B44A10B502F11C0090E818001069C018D268B14B127C4FF0000141EB040140F2C5
:20012000844404FB02320CCA994208BF90428CBF0C20002010BDF0B5A84E0C461546074681
:2001400070210422F01C317000210CF009FC0021042206F108000CF003FC347375733846CB
:20016000B070F0BD90B5071C4FF000041FD19A4940F28440784360310858C0B138460BF0A8
:20018000DEF8A0B138460BF0E1F892491431096881420CD1AA49F801401A016801F00F0105
:2001A000032904D150F8180CC00938BF0124204690BD2DE9F047874C824604F10C000068E9
:2001C000DFF88082057C4FF060092846C8F81090FFF7C8FF30B92846002103F0ABFC0E2052
:2001E000BDE8F087E168087C8A7C514602F027FB0026071C1BD19AF80200612803D06028B8
:2002000018BF371C00D101272846FFF7ABFF40B1E168087C897C3A4602F0C7FB30B908279E
:2002200005E02846314603F085FC01260E27A6B92846FFF797FF70B9E16881488A7C103842
:20024000C0EBC51001682846D14001F0010103F071FC0E2707E0C8F80090062F02D0072F3A
:2002600001D1F6E70D273846BDE8F0879C48006870470A3806D0203804D0603818BFB0F1AA
:20028000200001D1012070470020704788280ADC882811D008380FD0801E0DD01E380BD0CB
:2002A000801E09D00AE08A3806D01E3804D0801E18BFB0F1140001D1012070470020704770
:2002C00002461078B0F185014FF0000018BFB1F11C0103D19178890928BF0120704710B55F
:2002E0003C499A4C41F21403002297484B6023688A60C018086005F008FE10BD0346B1B175
:20030000774A121D10680068807802090FD310F0030F0CD0086A50B1B0F5805F07D8042B35
:200320004FF0010004D0062B02D00A2B00D00020704710B5002469B18A78EC2A0AD10428A8
:2003400008D10420FFF7DAFF20B1086AB0F5007F08BF0124204610BD024680B5002059B1A4
:20036000032A09D1774A12681268927812F00F0F02D10F6A07B9012080BD10B5024681B1EE
:200380008878B0280DD148794F280AD18879C22807D1C878D03801280AD9401F08D0401FE7
:2003A00001D0002010BD1046FFF7D6FF04460FE0042A4FF000040BD10420FFF79FFF38B137
:2003C000087B012804D1086AB0F5007F08BF0124204610BD54F30008D4EB000888F300084E
:2003E000C0B5071C21D0574802681168887800F00303022B19D1C00817D30B78387B852B4D
:2004000005D14978490824BF797B40EA012060B1137CC24A40F28441594356582EB14FF0C7
:20042000FF31B1FBF6F1814201D20020C0BD3A6A70430021904208BF01210846C0BDC046C2
:20044000D8FEFF0430FEFFFF30B50546FFF771FF18B92846FFF791FF08B1012030BD887875
:2004600040280CDC402815D020382AD0001F28D0401E16D0801E0DD0801E22D00FE04238BE
:2004800008D082381DD0001F0BD01D3818BFB0F1130004D12846FFF75FFF04461EE0002004
:2004A00030BD0024062D18BF0A2D08D12846FFF725FF20B10846FFF793FF00B101242046A6
:2004C000EBE7042D4FF0000408D10420FFF716FF20B10846FFF784FF00B10124204630BD0D
:2004E0005CF30008B0B5044616480068007C0F4630B92FB10AF023FF01280ED0022801D078
:200500000020B0BD08F01CFD20B120463946FFF79BFF00E00120054611E020463946FFF7DF
:2005200008FF012558B92046FFF727FF38B9B878E52803D12046FFF70FFF00B90025284643
:20054000B0BDC04660F3000810260100E4ED00082DE9F041AF4CE16808684078ADF1340D2B
:20056000C0F3430838F0010000F0DC80B8F1030FC0F2D680A64DB8F10C0F10DDB8F10F0FDA
:2005800040F0CE80206829460E220CF009FA2068E1688860E16809200E22CA60C7E06846DD
:2005A000002134220CF0DCF98020294627224FF0000CE3688DF80100891C8DF800201868B5
:2005C00081F800C00278A12A30D000791A688DF8030090798DF80C00107A8DF80400907A63
:2005E0008DF80500107B8DF80600507B8DF80700907B8DF80200D57B501C8DF80F50067854
:200600000627042576082FD380788DF80B0050798DF80D00D0798DF80800507A01268DF8D5
:200620000900D27A0E708DF80A201AE0C07819688DF8030008798DF80C0048798DF80400A1
:2006400088798DF80500C8798DF80600087A8DF80700487A8DF80200C87A032504278DF8D2
:200660000F00E3681868401C40781968C0F340100590887810F0030025D0401E08D0401EE7
:200680001FD14878400838BF3D1C04D33D4604E04878400801D2485D05E04A19485D12F85D
:2006A000011C40EA0120089018688078C0080CD3197C1A4A089F40F28440484310587843D7
:2006C00002E0586800E0604608909DF80200EC2812BFA1284FF400700890089F604627B1A5
:2006E00019688978090938BF0120069069464046FFF7F8FE68B9E068007C0AF020FE022870
:2007000005D108F01DFC002818BF15200FD10A200DE06846FFF74DFD09E0C046FCEB0008FB
:200720000B2004E0087C012103F004FA00200DB0BDE8F08102460846111C00D108B90020AB
:200740007047AB4A40F2844303FB012211684FF4F813B3FBF0F051B9516A19B1B049096885
:20076000012904D0B0F5807F88BF4FF480707047F0B5144602780025083A0ED0921E0CD05C
:200780001E3A20D0921E1ED05E3A13D0921E11D01E3A0AD0921E08D004E007790FB94FF43E
:2007A000807714E02F46012511E08279C379067A477A03E0827AC37A067B477B43EA022399
:2007C00046EA032601E0C679077A47EA0627954840F2844202FB0102906B10B1166816B9E3
:2007E00010E04FF400764FF0FF32B2FBF6F2BA4208D328B108463146FFF79CFFB84201D377
:200800007E4301E00026032526602846F0BDC0469CF3000854F30008F0B50F1C08BF0120A3
:2008200000F0BA80067800213246552A43DC552A00F091801E2A24DC1E2A00F0A880122A75
:2008400012DC122A00F0A180002A00F0A080D21E00F09B80521E00F09280121F00F0958080
:20086000961E00F096808EE0B2F1150600F08480761F00F08A80761E00F08980B21E76D06C
:2008800081E02F2A0CDC2F2A00F08180B2F123067BD0B61E79D0F61E77D0B21E79D072E072
:2008A000B2F1350673D0B61F5AD0F61F53D0B6F10B026AD067E0A22A19DCA22A30D08F2A65
:2008C0000BDC8F2A63D0B2F15A065ED02B3E32D0F61E5AD0B21E5CD055E0B2F1910656D0DA
:2008E0000D3E2FD0B61E50D0721E24D04BE0E02A0ADCE02A49D0A83A47D0921E49D0521FC5
:2009000045D0921F0CD03EE0A2F1E106012E3ED9B61E022E39D9F61E39D0B21E35D032E03D
:200920008479C279037A457A224313431D432ED0A22E2AD02DE0807810F0030F27D0000949
:2009400023D226E0847AC27A037B467B224313431E431AD11BE0C279067A164317D018E02E
:200960008379C279067A1A43164310D011E0C278067916430BD00CE0067946B109E0407849
:20098000400904D305E0012105E0802002E0052101E0084638600846F0BD90B50446081C2E
:2009A0001BD0722067492070087800F00F006070887AA0700020CA7A20716071A071E270F0
:2009C0008F7A87B9C97A1D290DD10E2204F10800E149E2710BF0E4FF06E0E0492046122236
:2009E0000BF0DEFF0A20E07100BFE079083090BDD0EB000800780A380ED020380CD0001F59
:200A00000AD0143808D0483806D0001F04D01C3818BFB0F1040001D101207047002070473E
:200A20006CF90008FCEB00082DE9FC470021044634220BF095FFCA48CA4A0068103001786A
:200A400040F2844A0AFB01F15758002F0CBF402142212722A170E54D22708021617090F81A
:200A6000008095F8212095F82030EE7FAF7F95F81DC095F81CE0D017D9174FEA0029100E66
:200A800049EA0000120201431343180E0A021B02F117024311431E43F8170A02330E360290
:200AA0001A4310433743634601023E02380E43EA06020143130E16024FEAEC704FEAEE72FA
:200AC00040EA010738021843774602436B4647EA060140460AF072FA002808BF00202FD06A
:200AE0009DE80C009DF8000020719DE80300170E1E021A1C62729DE80C00000A0906084373
:200B000060719DE803001A0A000C0904A2720843A0714021E17147EA0600C0B22072EA688F
:200B2000CA4F127C0AFB0272D2F874721FB900F00F000143E171287C2073697C0120617367
:200B4000BDE8FC878AF300082DE9F04FDFF810B2ABF10C04E06807683A7800210925252A47
:200B600000F0A5809E2A40F0A080FA7BD20828BF0B257A78102A40F0E880092D40F0E68052
:200B8000BE7AFA7A3B7B7F7B42EA062243EA022357EA032A00F08780DFF8B0C2027C40F2F5
:200BA000844E0EFB02C202F51E720CCA0126B046B2EB0802174622684FF0000973EB0903DC
:200BC0001E0E167022681E0C567022681E0A967022681E1CD6701E023A0E32432668327119
:200BE0003A0C1E04324326681B0672713E0A46EA030223689A712268D771027C23687746DB
:200C000007FB02C292F8A3221A72027C236807FB02C292F8A2225A72027C236807FB02C27B
:200C200092F8A1229A72027C236807FB02C292F8A022DA720A4621680A73037C216807FB94
:200C400003C393F8A8324B73007C07FB00C000F52B73B0F8B4021E68301A00B2864201D061
:200C6000002800D51046C0F305268E73C8735F695FB19F694FB18E7B46F080068E73DF6919
:200C80001FB1887B40F04000887301F11000114610220BF065FEBAF1200F2CBF2021514690
:200CA0005846006852E00D4650E00A254EE07A7AD20828BF0B253A7A520828BF0B25BE78DC
:200CC0003B79FA787F79324313431F433DD1092D3CD1017CE04A40F2844303FB012C9CE829
:200CE000C0004FF0000901239846B6EB0806314677EB0907002F08BFB1F1FF3F24BF4FF05A
:200D0000FF314F4626683B020A0E1A43327026683B040A0C1A43727023680A0A3E063243B2
:200D20009A702268D17022689CF82B10117122689CF82A10517122689CF829109171236805
:200D40009CF828200821DA7100E00B2522688260C1602846BDE8F08F9CF3000888F30008FA
:200D600060F30008D0EB00082DE9FC4F1F4CE16808682768467836F0080640F00C81827898
:200D8000DFF8C8800026931112F03F0F02F03F09019300F0B780B9F1310F00F0B380B9F16E
:200DA000330F00F0AF80B9F1340F00F0AB80B9F13F0F18BFB9F1080F40F0A280087C40F232
:200DC000844909FB0080D0F8D80248B108F0BCF830B907F04FFE18B9E068007C09F089F93E
:200DE000E068006801781A2932D001E054F30008427A4178D20828BF0B260025C379027A11
:200E00003D701A207870BD70E068007CC1F3001B42EA032209FB0080D0F888020092002862
:200E20000CBFAA464FF0100A08F08AF800280CBF281C802040EA0A00F87087F804B07D7190
:200E4000BD714FF0080AFD7123E0C0465CE900084179C90828BF0B260079009017213970C2
:200E600000257D70E068007C09FB0080D0F8880200280CBFAA464FF0100A08F061F8002811
:200E80000CBF281C802040EA0A00B8704FF0040AFD70002E40F0DD800AEB070B2946142226
:200EA00058460BF05DFD08211220019B07F80A10012B0BF10101087013D0E068007C09FBE2
:200EC0000080B0F8AA00800934BF281C04204870E068007C09FB0080B0F8AA00C0090AD265
:200EE00008E04D70E068007C09FB0080B0F8A400C00900D320250AF11400CD72C0B29DE09B
:200F00000B26A6E001781A2942D0417AC90842D2C57990F808A03146082238460BF020FD07
:200F200008F00EF84AEA052ACDF800A000280CBF301C8020F870E06800684078C0F3001079
:200F40003871E0680068407800091FD2082207F108003146FA710BF003FDE068007C40F289
:200F6000844101FB008090F8A2027873E068007C01FB008090F8A102B873E068007C01FBC3
:200F8000008090F8A0021025F8733AE0082538E04179C90802D30B20BDE8FC8F00793146FD
:200FA0000422009038460BF0DBFC07F0C9FF00280CBF301C8020B870E068006840780009F4
:200FC0001ED20822381D3146FA700BF0C9FCE068007C40F2844101FB008090F8A2027872B4
:200FE000E068007C01FB008090F8A102B872E068007C01FB008090F8A0020C25F87200E077
:2010000004256168B9F1000F0BD0019BE819491B4A4608F05FFA2818C0B2854208BF0B26F7
:2010200000E02846E168096809781A2904D000213970851E7D7001E0411E39704EB9009F27
:201040002168E2688742916098BF381CE1680926C8603046BDE8FC8FD4EB0008714BF0B5EA
:2010600040F28442044602FB04F0185800250E4668B177685FB120460AF061F9874206D1F2
:2010800020460AF063F93168814208BF01252846F0BDF0B5071C0E4606D12EB1614940F282
:2010A00084407843085808B90020F0BD38460AF046F9706038460AF049F960245D4D3060C4
:2010C000314638462C61FFF7C9FF594A50B15749F801131DC31A801A196000220BF084FDD5
:2010E000012004E00020C2EBC711086040242C60F0BD2DE9F0434C4FDFF83C911446884691
:201100000646082C0AD148460068827C0121C7EBC6109140002201F0FBFA0446F5017CB190
:2011200048460168EB1B8A7C1868012101FA02F2024205D0304602F0FDFC0E20BDE8F0835B
:201140003C4F6020414638613046FFF787FF0646374846B13CB9A0F10C01691A096811F028
:20116000210F18BF0D24314A011D691A0A601EB900200E24486004E02D1A114628460BF0F5
:2011800033FD402038600EB1202038602046BDE8F083F0B5074628480068047C0D46002F46
:2011A000ADF13C0D08BF002039D01E4940F2844060430E5836B320460AF0C1F8022821D1D4
:2011C0006846002134220BF0CBFB27268DF800608DF80C7001218DF80310062006918023DC
:2011E0008DF802003A0A8DF801308DF80D2040268DF807607902089135B120460DA9FFF75E
:2012000048FF08B90E200AE06846FEF7D2FF02462DB120460DA942F21073FFF76AFF0FB023
:20122000F0BDC04634EC0008C8FEFF0401000040ECFEFF0430FEFFFF60F300082DE9FF4FF1
:20124000DFF84883D8F80C30DFF844B31A68191D501C0C7B1E7CC77940F2844A0AFB04B4D0
:20126000D279D4F8C05247EA0227002D40D00278520829D2007AC00826D2002F00F02681DF
:20128000082F21D3B7F5006F1ED8086887421BD8DFF83093A44DA34CD9F800003A462918DA
:2012A000241820460BF07CFBA178E07840EA012010F00F0F08D1083F874205D34146C968C7
:2012C00049680839814201D20B2000E10009019000F0FC80484601680AFB06BA0AF51E7A21
:2012E000BAF8540000266D18042803D2834618B90A20ECE04FF0040B4FEA4B2228463146D3
:2013000002920BF02DFB08344FEA8B10019F0090002F00F0D38000200390217A607AA37A1F
:20132000E77A40EA012043EA0021237857EA01274FEAE3714FEA0122617894F807804FEAA1
:20134000136042EA00024FEA03204FEAE17343EA020341EA00014FEA03224FEA116042EA71
:201360000002A0784FEA01214FEAE07343EA020340EA01004FEA03224FEA106142EA0102D8
:20138000E1784FEAE17343EA02034FEA032223794FEA002041EA00014FEA116042EA0002DE
:2013A0004FEAE37040EA02004FEA01224FEA0020194641EA02014FEA116240EA0200627980
:2013C0004FEAE27343EA00034FEA0320A3794FEA012142EA01024FEA126140EA01004FEA3D
:2013E00002224FEAE37141EA000118464FEA012140EA02004FEAE8734FEA106241EA0201BE
:2014000043EA01094FEA0022434643EA02084FD09AE80300894508BF80450AD29AE803001B
:201420000022B0EB080071EB09018A4208BF874201D90C204BE00098B0420BD158460121CE
:20144000FFF7A7FE002842D1029A284600210BF087FA00264FF6FF7005EBC603B84288BF3B
:20146000381C4FEA18214FEA096283F8008011434FEA09425970761C4FEA18413F1A114395
:201480004FEA092299704FEA18611143039AD970494619714FEA19215971014618EB01084A
:2014A00098714FEA102149EB0209002FD971C2D101981034401E01907FF42FAF36B106F173
:2014C0003F040021A009FFF764FE00E000200090BDE8FF8F2D4A10B5D3681C7CADF13C0DEE
:2014E00002F11C0383E80300012010616846FFF79BFA20B120460DA9FFF7CBFD08B90E2007
:201500000DE06846FEF755FE02460DA94FF4FA632046FFF7EEFD00281CBF0E2810200FB0DB
:2015200010BDC046101E0100101601002DE9F04F164CE068DFF85880017C40F2844909FB54
:201540000181D1F8D872ADF5C07D3FB107F0FCFC002700B10127E068002F23D001680978E4
:2015600003291FD012291DD04D291BD01A2919D05A2917D0152915D0552913D01E2911D085
:201580001B290FD0A2290DD004E0C04654F300085CE900083B2905D0FFE71D2918BFA029F5
:2015A00040F048850068FFF725FA30B107F0C8FC002818BF152040F06487E168DFF854B39F
:2015C00002E0C046E4ED0008D04D0868DFF840A30378DBF800C05F951A463B2A3DDCFFE73D
:2015E0003B2A00F0DF831B2A1DDC1B2A00F0AB84FFE7002A00F01687D21E00F0F586521E2A
:2016000000F0E486121F00F04781921E00F04481083A00F01185D21E00F03483501F00F064
:201620002B8700F021BF1D3A00F04B84521E00F02F84521F00F0D983921E00F01A87D21E11
:2016400000F02A81921E00F02781521F00F0C080921F00F0EF8200F007BF912A1CDC912AD0
:2016600000F0E882423A00F00A870B3A00F06A83083A00F00783521F00F0FE862B3A00F0FB
:20168000F586D21E00F00881921E00F00581521F00F09E8000F0E8BE9E3A00F0EA86921E43
:2016A00000F07E82521E00F0E186521E0BD0921F00F0F280921E00F0EF80521F00F088809D
:2016C000921F40F0D1868679C179027AC57A477A41EA062142EA0122E90847EA022723D23C
:2016E000A22B4FF0000620D1417820291DD1057935F07F0525D18378C2786168206842EA28
:20170000032292B204F032FF30B95F9859460068D1F800C0006808E02168E268B8429160BD
:2017200088BF381C0746B1E30B26057935F07F0507D19C48B84238BF0B2607F2FF10450AA0
:2017400005E04FF6FF70B84238BF0B263D46002E3CD16E0250460021324660440BF000F9D9
:2017600002A8002134220BF0FBF8272080238DF808008DF8093077B1E16808680278A22AFE
:2017800014BF5F225D228DF814508DF80A202A0A8DF80C200BE0E1685B2208688DF80A2029
:2017A00003780022A22B08BF01228DF81020407809688DF80B00C8788DF80D0088780A96F5
:2017C0008DF80E0002A8FEF7F4FC06463046E5E12F3B4FF0000703D0603B23D0203B46D1DC
:2017E000384684F8210084F82000E06800688178E177C178A17701796177417921770178C3
:20180000AF2906D0417AC90828BF0B27C379007A29E0C17AC90828BF0B27C279037A8179DF
:20182000407A1CE0C17BC90828BF0B2786780EB9C67806B10C27007984F82100E068006819
:20184000417984F820108179E177C179A177017A6177417A2177C27A037B817A407B42EA3C
:20186000012243EA022340EA0320206100E00127381C40F09381FEF743FC002840F08E81EA
:201880002169002900F08A8129A8FFF7CDF8002800F0818129A87BE1083B4FF0000767D007
:2018A0009B1E65D01E3B0AD09B1E08D05E3B33D09B1E31D01E3B18BFB3F1020374D1417849
:2018C000090904D301212046A161C06800688078E077E0680068C178A177017961774179A9
:2018E00021770178A82908D0AA2906D0417AC90828BF0B27C279007A37E0C17AC90828BF21
:201900000B278379027AC179407A2AE060F3000810160100E4ED0008C17BC90828BF0B279E
:201920004178090904D301212046A161C068006886780EB9C67806B10C27007984F82100E8
:20194000E0680068417984F820108179E177C179A177017A6177417A2177837A027BC17A72
:20196000407B41EA032142EA012240EA022012E04179C90828BF0B27407800F01F00A0774E
:20198000E068006881786177C17821770679266116B94FF4807020613FB9266906B90B27F4
:2019A00003E0C04600FEFF010127381C40F0F680FEF7A6FB002840F0F180E068007C27696B
:2019C00009FB0081D1F8A4623146FEF7B3FEB842C0F0E380DFF804A3DAF8000004F11C0523
:2019E00048B9D7480068806806FB07F188423CBFB0FBF6F0206152A8002134220AF0B0FF8D
:201A0000E76838680078FEF734FC8023064627208DF8480168798DF84931C117020E030269
:201A2000287909021143C2170A43184311020302020EE8781143C2170A43184311020302B0
:201A4000020EA8781143C2170A4311026A781843030E19430302D01708431A430002110E6A
:201A6000084329781302CA170243387C19436B468DE8060009F0A2FA002800F08C809DF8B5
:201A800000008DF84C019DE80300000A090608438DF84D019DE80300000C090408438DF844
:201AA0004E019DE80300050E080205439DE80300081C8DF851019DE803004027E3688DF8A8
:201AC0004F7110338DF85051080A8DF8520100208DF85701197809FB018101F51D714F6AA2
:201AE0004FF0010C1FB1DAF80020012A27D0A7692EB90A68002A0CBFC821252108E00A68CF
:201B0000002A08BFCA2103D0002F14BF3D2135218DF84A118DF84B0121698DF853018DF8C7
:201B2000541142B9ECB29DF84F218DF8550104F00F0414431BE00A0A8DF8552119E0002E38
:201B400014BF6122602221698DF84A21A7698DF84B110A0A8DF853219A788DF85501D20076
:201B60008DF854212FB19DF84F4144F080048DF84F418DF856015896CDF864C156901A786D
:201B800009FB0282D2F8A422579052A851435A91FEF70FFB02E00E2000E00B20074647E03F
:201BA0008779C179027AC37A457A867841EA072142EA0122D90845EA022534BF00270B2750
:201BC000C17802794378407919430A43104318BF0B27022E2BD8102D29D34FBB20680026B4
:201BE0000670206846702068867020680821C1702068374646602168062201EBC7010E7241
:201C000001F10A004F7231460AF0AAFE7F1CF2D02068E16888602068C01C01780831A942D7
:201C20009CBF05780835E0680927C56000E00B27384685E1352B07D0912B03D1C07BC00832
:201C400005D37BE00A207BE1407AC00876D20FA8002134220AF084FE272180208DF83C109E
:201C6000E7688DF83D00387C09FB0080D0F8740200280CBFE720EA208DF83E000FA8FEF76A
:201C800098FA5DE15546152B654405D0C179077A467A47EA012701E00779467929463A4638
:201CA00007F01CFB032840F04B81F00880F0DA83E06801684878420880F0D48340093DD34F
:201CC000002F4FF0000000F03B810978152907D0AB79E979082241EA032103E06CF9000805
:201CE000E97804227F1A8918BF1A6D18002F40F327814FF027094FF08008EF2629786C78EB
:201D000001F03F01082914D145A8002134220AF027FE8DF814918DF815818DF81661287B15
:201D2000800934BFAA2055208DF8170145A8FEF740FA3F1BBF1E002FE0DC01E10B20FFE021
:201D4000D0F300084778C279057A002F45EA022540F08883C778002F40F084830779002F2B
:201D600040F080834779002F40F07C838779002F40F07883427AD20880F0748383786668F2
:201D80000A7C2068314603F03F0304F0D5FD002800F068832168E268A842916000D80546EF
:201DA000284638E34A7C0A2A40F05C834F68002F08BF002505D009F0EEFA05462046C1682F
:201DC000086882784D2A0BD104F0B0F8002840F03181E168086849682A4609F068FD50E335
:201DE00049682A4604F03CFA4BE3427AD20880F03983C279077A57EA022760D020680025A5
:201E00000570206845702068857020681022C01C0270097C09FB018303F51E7106C9002602
:201E2000114606BF0029D3F878124FF0FF310A0E427022680E0C567122680B0A9371206839
:201E4000C17120680226067220684572E0682168007C09FB008090F8A1028872E068216822
:201E6000007C09FB008090F8A002C8722168082201F10C00091D0AF093FD20680574E16853
:201E80002068142F8860A8BF142088DA384686E74279D20880F0E682007900F00105400883
:201EA0000CD3087C09FB0080D0F8D802002800F0C18007F049F8002840F0BC80A56000204F
:201EC000DFE24179C90880F0CD82C378027955466544294642EA032207F0B4F90146032926
:201EE0002FD1E0680268501CC778D278174340F0B982007800F00F00042822D1002000219F
:201F0000FFF7E8FA011C1CD1E068007C09FB008000F51E7003C801220023801A9941FFF799
:201F2000D9FA011C0DD1E068007C09FB008000F51E7003C8CA07400849081043FFF7CAFAC6
:201F40000146084640E24279D20880F08B820079820855D2087C09FB0080D0F8D8020028BC
:201F600068D006F0F1FF002864D138A8002134220AF0F6FC27218022E0688DF8E010016893
:201F80008DF8E1200979490822D2017C09FB0181D1F87472002F0CBFE721EA218DF8E210BE
:201FA000007C36A9FFF775F8002843D038A8FEF700F90246E068007C36A947F23053FFF7BD
:201FC00098F8002840F00082E0208DF8E20013E0002084F8210084F82000E077A0770F2740
:201FE00060770126277738A82661FEF71DFD002808BF0E2000F0E88138A8FEF7DAF8E3E1EE
:2020000040080CD2FEF732F938B907F0B4FA00287FF455AF06F052FF51E7142031E2087CFB
:2020200009FB0080D0F8D80220B106F08DFF00283FF445AF0E2024E24279C3780579877831
:20204000D20845EA032B80F00D824078DFF894A340085AD2002F40F09B8125462868002179
:2020600040220AF07DFC20688021417020680627877020680227C77020683B260671206835
:202080000822564606F1180108300AF089FC2068102206F1200110300AF082FC2068331D51
:2020A0000422194620300AF07BFC2068382180F8241020680322DAA125300AF071FC2068E1
:2020C00080F828702068572180F829102068502680F82A602068042380F83A3020686022A4
:2020E00080F83B20206880F83C302068C02780F83D702068172680F83E60216830232A46E6
:2021000081F83F30D068402654E120686668B02F02460EDCB02F6DD0002F00F04081803FE2
:2021200000F01D81FF1E00F03581B81F00F0C0802EE1B13F3BD07F1E15D00E3F09D0BF1EB8
:2021400040F026810A7C314604F088FA061C08D02DE10B7C31461A4604F0F0FA061C40F09F
:2021600026810D2030E12068002108220AF0F8FB2068B221417020680427C01C0770E1685F
:20218000097C09FB018101F530710F686FB1802282704F684FB1827842F0020282708F68A2
:2021A0001FB1817841F0040181700826FFE02068002140220AF0D4FB2068002101702068AC
:2021C000B12242702068817020683C27C770E1680A7C09FB0282D2F8D872002F66D0B2F865
:2021E000CE228280097C09FB0181B1F85011871D39805BE02068002140220AF0B1FB206807
:20220000B021417020683C27C77020680126C671E068007C09FB0081D1F8A012FEF78AFAF7
:2022200022685FFAB0F1117223685FFAA0F55D7226685FFA90F7B7722668F0722668317396
:2022400021684D7321688F732168C873E068007C09FB0080B0F8CC22900A18BF4FF4806272
:20226000E5689005A0EB8210030A00F47F46020603F47F4342EA0622134343EA10634B61E2
:20228000287C09FB0080D0F8C0721831002F0CBF00237F231A0A180603F47F4502F47F4260
:2022A00040EA0520024342EA13620A6040267EE0206800214FF40F720AF052FB206800215E
:2022C00001702068892747702268564643F6020306F1080102F10800538006220AF060FBEF
:2022E0002068082206F1100110300AF059FB20680422514620300AF053FB2068342180F864
:202300002410E168097C09FB0182D2F8D8721FB392F80112C90924BF402180F82510263098
:2023200002F202210C220AF03BFBE068007C09FB0080D0F8540200280CBFEC20A120216879
:2023400081F83800E1682068097C4FF400723C3009FB01810AF024FB4FF40F7627E00023C4
:2023600013708027477083701422C270097C09FB0181D1F8D87227B9001D20210AF0F0FAE1
:2023800004E0001D01F504710AF00AFB18260EE00B2019E0314604F0D1FA064607E00D2EDE
:2023A00088BF0D262068384932460AF0F9FA5F9825460068296808305E45016098BFB3464E
:2023C000E26809205946D160014608E042790B21D20804D2407810F0170F08BF00210846E0
:2023E0004FE0C046C8CF000841790579C90839D2417831F0010735D18778002F32D1C7789D
:2024000087BB206801F00101FEF7C7FA2168E268A842916000D80546E1680920CD6030E0C9
:20242000524458004079C0081CD2087C09FB008101F53871086888B91CA8002134220AF0B1
:202440008FFA27208DF8700080278DF87170E5268DF872601CA8FDF7ACFE12E000220F20A3
:202460000A600EE00B200CE00A200AE0FEF770F807E0FEF769FB04E0FEF776FC01E0FEF71B
:20248000DDFE60B0BDE8F08F78F300082DE9F0430546287CADF1380D002818BF012040F04F
:2024A0002581974C0021182204F10C000AF058FAE560287C08F04AFF296860610878E028E7
:2024C00004DBE82802DC687C06286FD0DFF83492287C40F2844808FB0090D0F854020028C6
:2024E00061D0E068017C08FB0191D1F8D872002F57D000680178A12902D1407A00284DD16A
:2025000085294BD001A8002134220AF029FAA027FF268DF8067080208DF809607A4D8DF8F4
:202520000A6027218DF805002B688DF8041003F108000168202912D30122E1688DF8072088
:20254000097C08FB0191D1F8707247B10079802805D19DF8070040F004008DF80700E26821
:2025600011680878FDF785FE07900878FDF78EFE074608979868099047B9B0F5805F02D871
:20258000187B802802D14FF480500990527C0AA80AF006FA01A8FDF70CFE70E0FDF7D8FF45
:2025A0006DE00E248DE0FEF7C1FF68E0E068036822681878E03854D0C01E4CD0401E44D0BD
:2025C000401E3DD0401E35D0401E17D0401E2FD15F78002F2CD19F7857BBDF7847BB1F796D
:2025E00037BB5879802823D11046802107F0A7F9F0B12068E168886080203DE00020009027
:202600005E78DD78197998785B7940EA062045EA0025032041EA052107F0B4FB30B92068EA
:20262000E1688860E1680868407926E00D2026E00A2024E003F068FA0AF0DCFA00201EE04D
:202640002E4801780120117013E00B201070216801274F700CE06020107020689221417003
:2026600006E00AF07DFA0146206802220AF098F902202168E2689160E168C86009200028DD
:2026800004462DD009380C282FD8DFE800F0292624201D1A17120E2E2E0A07C02721002228
:2026A00005E05321022205201DE074210822072019E0122404203E21032214E0062028215B
:2026C00007E002203A2104E00420442101E005202121002207E0242100E020210022E2E787
:2026E000002001460246FDF726FD20460EB0BDE8F0830649002008607047C04640F9000803
:2027000054F300085CE90008D0F300085CF300082DE9F041002B17460E4605460EDD1C4640
:202720004FF0000828683040874209D04FF47A7009F0D8FD0AF003FA641EF3D14FF002082F
:202740004046BDE8F0810B461146AD4A10B5C2EBC01004681A1C084618BF147008B1210ACD
:20276000017010BD98B504460DF101016A46FFF7EAFFA44A40F284416143501800F534706B
:202780004768002F41D19DF801305B0842D39DF8007037F07F0734D19DF80030DB0923D2B6
:2027A0009DF8000080091CD29DF80000400915D29DF8000000090DD29DF80000800806D2D6
:2027C0009DF80000C00825D300210A461BE002203A211CE006205A21012219E0052021219B
:2027E00015E00620282112E0007801EB80015218D2F80803002807BF0320112107202721AD
:2028000005E0472103220B2002E0042044210022FDF791FC98BD10B5794C04F1080100220E
:20282000C1EBC014012120460AF0DEF94FF4004100224FF4FA632046FFF76AFF10BD2DE9D1
:20284000F84F0F466F499046034640F2844202FB03F0081800F527718E6B002E18BF06204C
:2028600040F0A1800978414538BF0120C0F09B8063491839C1EBC31151F8044C09684FF057
:20288000010B0BFA08F221430A4240F08B80CA4E31687A695C024FEA082504EBC32400EB29
:2028A00088036118681803F53A71009100F581300A60394614220AF073F8A146B878BF4C14
:2028C000AA46A0280BD131682046494440380AEB010207F12401801810220AF061F83D6A87
:2028E000D6F800E085B309EB0E005044201847B3F9693368002429B1BE69002E0CBFB04A15
:20290000B04A01E0B04AD218002914BF4FF4F8114FF48051A94214D3D7F818C02E46214648
:20292000B6F5783F34BF331C4FF4783302604160641C5D1E8160F61AC56000F11000EFD130
:2029400006E05846BDE8F88FD7F818C000210C4609EB0E024FEA48104FF48035052683185A
:2029600003F5803380182E501868BCF1000F40EA044408461C6003D01C6844F040041C60D3
:20298000009CC4F820C0BC78A02C03D11C6844F020041C605244596002F581329A60D960A7
:2029A000BDE8F88F0720BDE8F88FCB4BF0B517460A46014603F11C04C801041B24686408F5
:2029C0001BD33FB9CD4E40F2844501244D43944072550DE0CA4D012440F28446C71A9440D1
:2029E00006FB01553C60D5F83C132143C5F83C131B1FC11A00200C60F0BD0120F0BDC04636
:202A0000E0FEFF045CE9000890B50F4604463422ADF1340D0021684609F0A2FFEF22802055
:202A200027238DF8022003218DF801008DF80030B44A8DF80310002067B940F28441121D4A
:202A40006143515A8A0803D2490828BF0B201CE00C201AE040F2844101FB04214F885FB934
:202A60000F8897B10220012200E0401E02FA00F10F42FAD0203008E00620012200E0401E2D
:202A800002FA00F10F42FAD040308DF80C00694600222046FFF7D3FEC0B9002120460A46DF
:202AA000FFF783FF90B98C48E401012100224FF4FA63001F201AFFF72BFE214630B9C24AE4
:202AC000891A096811F0210F18BF01200DB090BD30B50C4605463422ADF1340D0021684629
:202AE00009F03EFF272080228DF80000EF218DF80120002C8DF802102C4614BF1020902094
:202B0000002269468DF8030002208DF80C002846FFF795FEB8B9002128460A46FFF745FF28
:202B200088B9A94DE401012100224FF4FA63A5F11800201AFFF7ECFD28B9641B216811F0E4
:202B4000210F18BF01200DB030BDF0B59E4D07464FF0FF336622FC01A5F11000211A0B6084
:202B600005F108000A64201A01210A460AF03CF8964840F2844101FB0706F06FA8B1306FDA
:202B800098B1706838B938460021FFF73DFF38460121FFF739FF306818B138460121FFF78D
:202BA00097FF10350120641B20600020F067C6F8C000F0BD00207047E4ED00088002010045
:202BC000000010C0000014C010160100F0B50C46002A014614BFA578E57BB54B40F284427A
:202BE00002FB013000F53470067802FB01F707EB86029B18D3F8E8724FB147683FB96A0830
:202C000005D2012000211D22FDF795FA0DE0406805F00107074305D1002001460246FDF784
:202C20008AFAF0BD0846FFF79DFD6949E0784870607B8870207B0B78C870580834BF002027
:202C4000207A087120794871580834BF0020607A88716079C871580834BF0020A07A0872B0
:202C6000A079F02748725B48E27907708A72CD72E1780571C170E1794171217B8171677B3E
:202C8000002F0CBF00214021257A627AA77A5219BF180CBF0022202241EAC3110A430272EB
:202CA000A1794172617981722179C172F0BD10B5D64C0A01FF2142F00102C4EBC0142046D0
:202CC00009F092FF052009F0DFFB0F210022204609F08AFF10BDC046CCFEFF043E4A40F2DE
:202CE0008443102103FB002252F8040F002818BF012002D1491EF7D1002070472CEC000846
:202D000048E90008B8EB00082DE9F84F0646C048F401211A0F680022A4EB000B40215846BC
:202D200009F062FFB949002507F04009884608F10400A4EB010A201A009050460F210122BA
:202D400009F052FF052009F09FFB50460F21002209F04AFF00980F2103223223FFF7D8FC3B
:202D6000DFF878C0071C14D028460C2800F10105E3D3604640F28441903801FB0600D0F8BF
:202D8000845035B10021C0F884100122C0F888200160414640F284424FF08060B9F1000FD1
:202DA0004FF00105A1F1040102FB06C6A4EB0104206004D0402158460A4609F015FF356095
:202DC0003846BDE8F88FC046E0FEFF04C4EB00089EF3000888F300089CED000840EC0008CA
:202DE0002DE9F04F324C40F2844AADF1400D0AFB00FA0F905444D4F8D80238B184480F99DC
:202E00000022C0EBC110022109F0EEFE68460021342209F0A5FD272080218DF80000D4F813
:202E200054728DF80110002F0CBFEC20A1204FF40072DFF83C838DF80200CE4F0D92396840
:202E4000089208EB0100002109F08AFD0F9869460022FFF7F4FC0E90002840F0B9810F980E
:202E600000210A46FFF7A1FD00280E9040F0B0810F98664DC6010121002241F65833A5F169
:202E80000C00301AFFF744FC0346002B0E93304640F09E81E049411A096811F0210F1CBFCB
:202EA00001210E910E9E3968002E40F0918101E05CE900081C350222401B02600D9A464601
:202EC0007118204609F06CFD002504F52378A4F86052A946C4F870523F68C4F894520822BA
:202EE000A4F85E52404684F86392294684F8629209F036FDC346F619A4F8B4520A27C4F8DD
:202F0000BC52DFF86CC3C4F8B85206F11402A4F8CC52308884F8A8920CEB0A01C0F3C0101D
:202F2000C4F8580232F8020B03067F1E4FEA202040EA134021F8020BF4D10CF1140006F1B5
:202F40002E020427504432F8021B0B067F1E4FEA212141EA134120F8021BF4D1604606F1FC
:202F6000360214271C30504432F8021B0B067F1E4FEA212141EA134120F8021BF4D1B06FF6
:202F8000002104F51E7282E80300D4F8540240B1B6F87C7028466FF30E0707B10120C4F8F3
:202FA0007002B6F87E00A4F85C02B6F86A00800824BFB6F88000A4F86002B6F88A10B6F8D4
:202FC0009600C1F38032C4F8C42200F01F0084F89D02C1F34011C4F8C8120728A8BF0720D1
:202FE000B6F89810012784F89C02C1F30023C1F34022C4F898320320C4F864220A4607FA10
:2030000000F1114206D1401EF9D105E0D4FEFF04ECFEFF0484F86302B6F89C10B6F89E003F
:20302000B6F8A0304FF6FF78C1F38001C0F38010C4F868129845C4F86C021CBF002B84F81F
:203040006232B6F8A600B6F8A810C0F38022B6F86A30C4F87422C1F38011C4F88812D808B8
:2030600024BFB6F8B000A4F85E02D4F8740280B16FF0704004F51E71C31706C99A4208BFBD
:20308000814206D104F51E7006F1C801082209F087FCB6F8A800400A10D306F1D801C4F89A
:2030A00094725846082209F07BFCB6F8D8006FF30B00B0F5A04F18BFC4F89452DFF8A8C291
:2030C0000F98C4F8AC7240F2844E0EFB00C404F51E7090E8000CB6F8D400C10B4CD3C11352
:2030E000C903B1F5004F47D0400B0CD3B6F8EC10B6F8EA006FF0004240EA0140411E8A4255
:2031000088BF45000D950D98C4F8A002B6F8D400810B3CBFD4F8A002C4F8B0023CD300F09A
:203120000F000F9F84F8A8020EFB07C494F8A8124846814214D8D4F8A002D4F8AC22B6F89F
:20314000A2114243C4F8B022CA0B25D3CA13D203B2F5004F1CBFC1F30D01A4F8B4121BE03A
:20316000D4F8AC22401C5200C4F8AC22E1E7C04610160100E4ED0008D4F85472002F0CBF23
:203180000D984FF40060C4F8A0020F9FC4F8B0020EFB07C4D4F8A002C4F8A40204F5207040
:2031A00080E8000CB4F8B402A4F8B602B6F8520110F00100C4F8C00205D0B4F8D20000B959
:2031C0004046A4F8CC02B6F8B201A4F8CE0205E00020C4F8D8020127C4F8DC72D4F8D802BF
:2031E00038B1C0480F99C0EBC11002210A4609F0FBFC0E9810B0BDE8F08FB949C1EBC0104F
:203200000068C0F303107047B748012100224FF47A730160FFF77CBAE0FEFF04F0B50F46EE
:20322000514940F284420446002502FB0410C0F8D8520126C0F8DC62204607F049FF204672
:2032400005F05EFEA748AA49A84AA300C0EBC410C9180560202414600C6814B12FB1374693
:2032600001E0A548C550A348C7500E60F0BDC0466CEB00083C4A40F2844180B54843102775
:203280000021831803F244437F1E43F8041BFBD18018C0F83C14C0F8401480BD2DE9F04FF5
:2032A0000546314840F2844780466F4308EB070404F52674C0192668D0F8D8A28B46002E9C
:2032C00004BFEE014FF0000904D08D48EE01301AD0F800902846FFF79EFA82480C38361A60
:2032E000306800F0880049EA00005BEA00000ED02846FFF709FD18B10020206401266664A0
:20330000BAF1000F03D028460121FFF787FF2846FFF71BFC79480068032823D1BAF1000F97
:2033200020D02846FFF7DAFCE0B9D4F89C00C8B1D4F8A41107EB81014144C1F83C03D4F8AB
:20334000A401012607EB800708EB0700C0F84464D4F8A401401C1028C4F8A40124BF002065
:20336000C4F8A401BDE8F08F5CE900082DE9F04FDFF884A1CB4C5F49DFF874B100273846CA
:20338000524627605B4643F8047B42F8047B401C41F8047BF7D05B4808F023FDDFF86881A4
:2033A00001254FF07B464FF48031F56040460A46C038376009F018FC102140460A4609F02C
:2033C00013FC082140460A4609F00EFC07210222404609F009FCFFF717FF08BB022070604B
:2033E000DFF8FC80D6F80C903E4605FA06F019EA000F13D0304600F08DF860B1C8EBC6101D
:20340000006800F00F00032808D0B0004BF800504AF8007002E02068401C2060761CE4D0C1
:203420002168384601B92846BDE8F08F2DE9F04FDFF8DCA040F28442064602FB06A505F5AB
:20344000367528688B4670B3DFF89880F4014FF00009A4EB0807C7F8009009F05DFA30465E
:20346000FFF708FF30465946FFF718FF2D68F868002D0CBF4A46254A414610F0880FA4EB94
:20348000010422600AD01A4850F8260030B98548006808B1CAF8D892FFF768FF062029212B
:2034A0000322FCF748FEBDE8F08F2DE9F0417D4C924F8046402620683E6170B10025B8F157
:2034C000020F18BFB8F1030F04D128460021FFF7ADFF20686D1C8542F1D33E60BDE8F081F3
:2034E000D8FEFF04ECFEFF04040000FB40FEFFFF3CE9000844E9000840E9000844F90008F3
:20350000CCFEFF04AB340008780100FB5F0000795CE9000863492DE9F04F40F284424FF026
:203520000009ADF1180D1431039002FB0018C8F8D8920446C8F8DC9207F0CAFD204607F015
:2035400005FF0590204605F0DBFC6D4A2046C401A51A6A4A20211161C5F80090402145F8AD
:20356000041C012181400291C44A5160C14969600221FFF79CFB4CF21101DFF8FCA26868DE
:20358000CDF8109001421FD0FFE70398FFF743F988B9B74810214A46251A284609F024FB1B
:2035A00028464FF480414A464FF4FA630090FFF7AFF8071C0CD00398FFF7A6FB0746AC48CA
:2035C000201A009027B111E0A9484F46201A009050461038211A48680E68064303D0039812
:2035E000FFF792FB07460FB9C8F8D492BC4E039930684D024FF4807205EBC12549462818A6
:2036000000F5803009F0ACF9DFF8D0B2306849464FF480722818584409F0A2F90195316813
:20362000019B50462430201A6A1802F5803202605D465918C0F804906918816000981021B2
:203640000A4609F0D1FA17B10398FFF75DFBC7480F210322FA23201A8346FFF759F807468D
:20366000DFF880A20498401C0228049002D8002FEAD100E0C7B9504689214A4647F23053EB
:20368000201AFFF745F8071C40F0BE807A484FF6FF7140F201120A23201AFFF739F8074695
:2036A00005E0C04648E900080120C8F8DC02002F40F0AA800398FFF748FA6F483168201A41
:2036C00002680198403501275FFA92F65FFAA2F3012E084405444FEA126102D0D0B201288E
:2036E00006D153EA01060DD0EB2908BF142B01D05FB110E03846C8F8540205E030FEFFFF42
:20370000ECFEFF04C8F854924F4608F500702946102209F045F9002F76D1D8F8540228B1C7
:2037200000984FF080710A4609F05EFA0398FFF757FB071C05D10398414607F082FC00B9F4
:2037400001279C484FF470614FF44072201A09F04BFA002F58D198F8630202283ADB0398B5
:20376000FFF74BFD022835D2039D2846FFF753F82846FFF7C9FA2846FFF73FFD02281BD2AD
:20378000FFF742FD02253D4939480D603949201A0160FA2008F0A6FD03982946FFF787FA06
:2037A000009810210A4609F01FFA58460F2103223223FEF7ADFF074637BB504689214A46E6
:2037C00047F23053201AFEF7A3FF071C1CD10398FFF7BBF903984946FFF716F9071C13D1D1
:2037E00003980121FFF710F9071C0DD10398C8F86892414607F032FD002808BF012703D020
:20380000039807F0A3FD05901B491C4B029A4FF0FF306FF040060C39651A2860002F45F8AF
:20382000206C4FF0010A5A6040D1039EC8F8E0A2304605F047FBBD48BD490861304607F076
:2038400085FD059981421BD155F8080C00F00F00032815D155F8200CC00911D2C8F8D8A2C9
:20386000C248B34945F81C0C60260E601AE0C046E8FEFF0402000400DCFEFF04040000FB1E
:203880003A48201A006800F00F00032802D0304607F04DFD30464946FFF7C0FCA44940204D
:2038A000574608604FF40010086067B1BC49039851F82000C8F8DCA208B94FF04009B9489F
:2038C0004946241A2160D8F8380310B1014603988847384606B0BDE8F08FC04600010100BD
:2038E000E4ED0008E0FEFF042DE9F04F05F0C2F800284DD1AA48DFF80093002635464FF088
:20390000010B2F46A0F10408BA4658F8040F00283AD0A54CA41923682BB13846FFF7DEF994
:20392000002831D125603846FFF7D8F950BBBF4880190368E3B10D49C1EBC711096801F0AD
:203940000F0103290DD1C8F80050056038462560FFF7E0FDC0B9D9F80000401CC9F800009B
:2039600012E0384607F0E3FC0EE0C046D8FEFF04C0F800B03846FEF74EFF08F0CDFFC9F887
:2039800000A001E0C4F800B07F1C06F10406BCD0BDE8F08F10B5A64C4FF480710A4620464D
:2039A00009F022F94FF480710022204609F01CF910BDC046D4FEFF04F0B509F0C0F89D4D41
:2039C000686DC0F30327002F00F09B8006F028F8894C002863D1286800F00F0004285BD0CE
:2039E0002169022F56D9944A1068401A032898BFA06802D9116800202161401C08284AD304
:203A000000271068A760401A032845D8D4F8EC0204F1140640B9286930B10120C6F8DC026D
:203A20003846FEF7F8FE37E0D6F8D8523846FEF7F2FE3846FFF768F910B1642008F024FD78
:203A40001DB138460121FFF7E9FB3846FFF77DF8E068401CE060FDB13846FFF73FF9D8B966
:203A6000D6F83403C0B1D6F83C1406EB8101C1F83C03D6F83C14012506EB8101C1F844543F
:203A8000D6F83C04401C1028C6F83C0428BFC6F83C7401E00020A060FFF77CFFF0BD286882
:203AA000D4F8EC7204F1140500F00F00032802D0002007F03CFC00200121FFF7AFFBFFF7AB
:203AC00069FF0026A660E7B13046FFF707F9C0B9D5F83403A8B1D5F83C1405EB8101C1F830
:203AE0003C03D5F83C14012705EB8101C1F84474D5F83C04401C1028C5F83C0428BFC5F81D
:203B00003C64F0BD4D4B40F2844250431950704703464A4880B500270C38036041608260B4
:203B20007F1C00F28440F8D080BDC0466000200030FEFFFF70B504460846B4B9404D194964
:203B4000602200262A61C1EBC4110E6038B108F0E3FE2046FEF75FFE2046FFF7D5F820463A
:203B60003146FFF75BFB4020286070BD5F00007990B598B9314A324C324B40F2844141430E
:203B8000603A5758236127B90121FFF747FB402000E0602020604FF40010206090BDC046B8
:203BA0003CE90008ECFEFF0444E9000890B54FF07B404FF08061104CC0F83011D4F8EC72D8
:203BC000D0F82801143400F00F00032802D0002007F0ADFB00203946FFF720FB2FB3C9484E
:203BE0000068032821D10020FFF778F8E8B9D4F83403D0B102E0C04648E90008D4F83C1458
:203C000004EB8101C1F83C03D4F83C14012704EB8101C1F84474D4F83C04401C1028C4F8B9
:203C20003C0424BF0020C4F83C0490BD40E90008780100FB280100FB30FCFFFF94EC00087D
:203C400030FEFFFF600020002DE9F84FAE4E30684008C0F05481DFF8C092D6F808010127D2
:203C6000CB46D6F80C51C6F808010540E80980F03E81A648284240F02881A8480346D0F8AA
:203C800000C01C68280942D31846DBF85014DFF880E203684FF0000888000EF1180E00EB82
:203CA000C10000EB0B020BF1140182F8908340180EEB0302FD2380F87D33127880F87E236C
:203CC000D6F82C21DBF83C335A40C0F88023DBF84033DBF83C039043CBF83C03BBB1D1F830
:203CE0003C24D1F82C0301EB8202C2F83C03D1F83C0401EB8000C0F84474D1F83C04401CB9
:203D00001028C1F83C0424BF4046C1F83C04E80834D3DBF850148800002300EBC10000EBA0
:203D20000B027B4982F890333E3961440B780BF11402801803F01F0C0B6980F87DC3494653
:203D4000C0F88433D1F84433BBB1D2F83C34D2F8300302EB8303C3F83C03D2F83C0402EBAD
:203D60008000C0F84474D2F83C04401C1028C2F83C0424BF0020C2F83C044F60680846D386
:203D800063480146D9F85084005D3A46891E0919C0F34010C9F8E8020020FEF717FF4FEAD4
:203DA0008800002100EBC800484400F56470017099F8E412564B4170195D584C554B81705D
:203DC000216899F8E42201EB42115C5809F1140184600CB158464760D1F82C43ACB1D1F87D
:203DE0003C0401EB8000C0F83C43D1F83C0401EB8000C0F84474D1F83C04401C1028C1F8A5
:203E00003C0424BF0020C1F83C0444480468A80852D33F4859465A464F60223800EB0408D3
:203E2000D2F8501498F80F30584600F11404880033F07F0300EBC100204400F55F7A3BD1C7
:203E400094F8D012D6F830010142FBD1002041460246FEF7BBFE00208AF8000094F8D00249
:203E60002E4B8AF8010098F802002A4A8AF80200186894F8D01200EB41101058CAF8080060
:203E8000D4F82C03A8B1D4F83C1404EB8101C1F83C03D4F83C0404EB8000C0F84474D4F892
:203EA0003C04401C1028C4F83C0424BF0020C4F83C040220C6F80801680E1AD30020FEF7D2
:203EC000AAFC0020FEF741FE13E0280F0AD2E80F08D300200DF101016A46FEF734FC0020FB
:203EE000FEF740FC00200146FFF7D8F901E0FFF75DFED6F8080100287FF4B3AE3760BDE822
:203F0000F88FC04644F90008080000FB10000078420101000400010048E90008E4ED0008E9
:203F20002DE9D043144681460F1C08BF00204DD0C148DFF890820068032818BF002309D1AF
:203F40004046A03050F824004088030203F47F4343EA2023832049463A4601F047FB061CA2
:203F60002DD0042E31D1404600EB84025832116805292AD000F51A710B6800EB8303C3F8CF
:203F8000E891D0F8683200EB8303C3F80872D0F8683200EB8303C3F84842D0F868420127EE
:203FA00000EB8404C4F82872D0F8683240695B1C984298BF00230B600520106005E04046F7
:203FC0000921046100EB840081653046BDE8D083F0B50746BF480168BD4C7A484FF0000C17
:203FE000BE00054601EB4711AA19641884F801C08119D1F8A010926D891C0B8858303618D8
:20400000092A63800DD0072A0BD00B2A09D00A2A05D0082A03D00C2A18BF012034D1072229
:2040200000E006222270AB683BBB2278062A0BD1D5F86C2205EB8202D2F8482250F82200CA
:204040000B2801D1974218D17B480068032818BF634605D10888030203F47F4343EA20232F
:2040600082202146042201F0C1FA00B9EF6108B90121A960042801D0F0BD042021780629DA
:2040800014BF0C210B213160F0BD6B4BF0B51B6814460D460646032B18BF002308D18B480B
:2040A00050F824004088030203F47F4343EA2023032031462A4601F099FA074641487FB10A
:2040C000042F12D100EB840158310A68062A0CD04663856304640122C26306260E6004E094
:2040E000C4600A2100EB840081653846F0BDF0B5514A7A4D7A4C12680F460646022A02D10A
:20410000FFF766FFB0B9744850F8260008280BD00A2809D0072818BF09283DD12846394669
:204120003246FFF7FDFEF0BD204639463246FFF7ACFFF0BD04282FD1224A02EB8600806DC6
:204140000C2824D00B2827D102F51A70016802EB8101C1F8E851D2F8681202EB8101C1F855
:204160000872D2F8681202EB8101C1F84862D2F86832012402EB8303C3F82842D2F868124A
:204180005269491C8A4298BF00210160F0BD5463976316640120D063F0BD2DE9F04F094ED5
:2041A0004C4A4B4C82460F464FEA8A0906EB09011068CB6F002500EB4A10241823B927B9DA
:2041C00008E0C046F4F30008022706EB09000121C0F8C41020462946222208F0C1FB032140
:2041E00009EB0600217000F1A008A771D8F800004088AB466080022FA4F80EB00BD104F1BE
:2042000010002946FCF7C9FB0546A8B22906001240EA1140E081D6F89C0106EB8000D0F802
:20422000580106F5AC7758BB034800681035032818BF5B460AD101E040F90008D8F800008C
:204240004088030203F47F4343EA2023822021462A4601F0CBF908B9C6F81CA070B9FFE7F0
:2042600006EB090010218165706950452CD9706A401C00F03F007062BDE8F08F042823D13F
:2042800006EB09005830026801210D2A13D00D220260D6F8980147F82010D6F8980107EB36
:2042A0008000C0F820A0386C401C0828A8BF58463864BDE8F08F786C401E48BF07207864C5
:2042C000D6F89C0147F82010BDE8F08F94F40008F0140100E4ED00084CF40008000010C05A
:2042E000000014C02DE9F04FCF4C064631192C31B54B0A78B700381900F1A00984F8542073
:20430000D9F80000A2191030606492F82C5040F284426A439D588A46002D06BF002184F80E
:20432000561084F856600078E02803DBE828D8BF062000DD102084F855003D194FF0000B3C
:2043400004F14400C435C5F800B0FEF79FF88046B8F1080F00F08280B8F1090F31D0B8F14F
:20436000000F0AD0E019806D092803D00A2804D1032000E0832001F040F801202860626920
:20438000B8F1120F0ED0E419A06D0A2800F08580B8F1000F14BF022159463046FFF7FDFE90
:2043A000BDE8F08F04F58470016804EB8101C1F8E860D4F80811491C8A4298BF59468B4634
:2043C00069E0CC484FF001080068C5F80080022818BF584602D13046FFF7FAFD0028216D08
:2043E000C54BAB482DD0E219926D0B2A55D11A68D4F8685204F5F473821804EB850541F2BA
:2044000014008842C5F8E82188BF081CD4F8681203EB81010862D4F8680203EB800006665D
:20442000D4F8680203EB8000C0F840806169D3F88000401C814298BF5846C3F88000BDE857
:20444000F08F41F214028A4288BF0A1C1B681146C0183246FFF764FDBDE8F08F9AF8001014
:20446000C24A40F2844000FB0120D0F8980228B1D9F80000007CFBF709FF70B904F5847086
:20448000016804EB8101C1F8E8606269D4F80811491C8A4200D859460160BDE8F08F2DE94E
:2044A000FC4F614C0746BD006019D0F8A06001A906F110094846FCF7AFF906F1100B8046FE
:2044C000B8F1000F484619D1E1193F4B91F82C2040F2844606FB02F15E581EB10078FBF774
:2044E000D5FE28B9019800280CBF0A20092009E0019800280CBF0820072003E0B8F1050FC5
:2045000002D10F2061198865B8F1010F51D05846FBF7D6FE3E192C366119DFF850A2C867C9
:20452000307840F2844909FB00A0D0F89802A0B99BF80000FBF7AAFE78B1317809FB01A0D1
:20454000D0F8D80248B158466A46FCF711F958BB00993846FFF7CBFD26E06019806D0A28EF
:2045600022D164480068022803D13846FFF730FD8046614801689948B8F1000F0CD0B8F19F
:20458000040F1FD1401860634FF48056A66327640125E563BDE8FC8F40183A464FF48051C6
:2045A000FFF773FDBDE8FC8F3846FFF79BFEBDE8FC8F052020210022FBF7BDFD3846022153
:2045C000FFF7EBFDBDE8FC8FF4EB0008F0B5164CA06A656A002814DD04F55C7604F15803D2
:2045E00006EB85010A6853F82270032F33D0042F07D0401E6D1C0028A06205F03F056562A5
:20460000EEDC04EB850101F55C710A6804F1580656F82230032B1ED0042B38D167682FB130
:204620006D1E30D430E0C046F4F300086C4F07EB85000068FFF733FF20686D1C05F03F05DA
:20464000401E206023D007EB8500016856F821100429EED0F0BDA318624A93F82C30C2EB97
:20466000C31252F8043C17681F430AD1676847B9012060600868FFF712FF2068401E206092
:20468000F0BD6D1E00D53F256562401CA062F0BD10260100F0B50E461749C54D0968074677
:2046A000082201EB471000212D18284608F058F9C04C04202946BD00087064192068801CFB
:2046C00002884A800B4ACE711268032A18BF002305D10088030203F47F4343EA2023822023
:2046E000082200F083FF0646CD489EB3042E3BD104E0C04640F90008E4ED00084219583245
:2047000011680E290ED1D0F8E41100F5D0724B1E0029D8BF07235364D0F8E411012742F8ED
:204720002170F0BD0E2300F5F07113600A68012600EB8202C2F8A061D0F8E02100EB820246
:20474000C2F8C071D0F8E001401C0828A8BF00200860F0BDC7612368012241191A741027A8
:20476000C1F8C42040198765F0BDC0465CE9000830B50446CD488E490068A94D00EB44109F
:204780000918CB48CA89CB890068120202F47F42032842EA132202F1100218BF002309D1A6
:2047A0002846A03050F824004088030203F47F4343EA2023822000F019FF68B928461022EE
:2047C000C46100EB84018A654169A14204D9416A491C01F03F01416230BDC04610160100ED
:2047E00064F70008C8FEFF04F0B58D4C04F11C052A6890002118896D3C35102953D12118A1
:20480000D1F8A010097C04F1A006012913D00027A7603058007CFBF739FD50B1E269A01894
:20482000BE4990F82C3040F2844058430B580BB101E0E2696760900021186769D1F8C43094
:204840006BB300232B506169914228D931584888C0F3052004EB8006D6F8700204F51C7C87
:20486000891C401EC6F8700204D50888C0F305204CF8203004F5A870016804EB8101C1F88C
:204880003021D4F85021012604EB8202C2F81061D4F85011491C8F4298BF191C01602068ED
:2048A00008B1FFF793FED4F89C0104F5AC7281005758002F6ED1D4F8E40104F5D07280002E
:2048C000175857B111180027096A1750506C401C0828A8BF381C506400E001277348006855
:2048E000002F4DD07248006802285FD1A06800285CD1E06B20B1206C55F820100C2933D036
:20490000D4F86C0280000119D1F8481255F8211004F5F4760B2949D13018006EFFF758FB72
:20492000002843D1D4F86C0206EB8000006E052145F82010D4F86C0280008219116A305837
:20494000126EFFF7EDFA88BBD4F86C02002106EB800001646269D6F88400401C824298BFF2
:20496000081CC6F88400F0BDFFF732FBF0B9606BA16B226CFFF789FB08B90020E063F0BDA8
:204980000B4A00EB4110D21D125C08461146FFF781FEF0BD50180023006A5350516C491CA8
:2049A0000829A8BF191C5164FFF7E2FEF0BDC046F014010094F400085849F0B5086C28B1C4
:2049C000086800281CBF0879401C00D10820144C0021482204F588756061284607F0C0FFC8
:2049E0006169012604F154070022134657F8040F012810D099423A600DD9D4F8500105EB28
:204A000080000362D4F8500145F82060D4F85001401CC4F850015B1C092BE7D3F0BDC04639
:204A2000F4F3000830B50446032000F0E6FC832000F0E3FC07F062FFC54D0021482205F502
:204A4000AC7007F08DFF0021882205F5F47007F087FF0021102205F1340007F081FF0021FC
:204A6000242205F17C0007F07BFF00214FF4807205F51C7007F074FF0021242205F1C400A6
:204A800007F06EFF0021282205F1E80007F068FF0020A8606860286028626862A862E860ED
:204AA00028610CB1FFF788FF30BDC046E4ED000840F900081948F0B54438006808B108F08B
:204AC00099F8FFF779FFAF4AD7682FBBA0480446D4F8541100F588708900475867B14318CA
:204AE0001D6AA56100264650416C6369491C8B4298BF311C416400E0A569A448A24912881A
:204B00000068002300EB45100918022000F06EFD04EB85040120A065F0BDC046F4EB0008F4
:204B200010B58B4C0021242204F1580007F018FF0021482204F5D07007F012FF022000F039
:204B40005CFC822000F059FC0020FFF76BFF90489049914AFEF7DCFF90490020FEF7D2FF7B
:204B60008F49086808B9486808B1FFF7A3FF10BD8C4930B5822007F029F98B49022007F0FC
:204B800025F98A49832007F021F98949032007F01DF9884807F016F97C4D7B4C2868002157
:204BA0004FF49072201807F0DBFE834829684FF490724018002107F0D3FE65492A6809205D
:204BC000A031A41841F8044B401E04F12004F9D130BDB0B50F4601460B784FF0FF3200247A
:204BE000981125D0401E1DD0401E17D0181103F00F0300F00305012B08BF10F0030F17D075
:204C0000022B09D1012D07D14B788878CA7840EA032042EA00220CE001240AE04A7802F038
:204C20001F0206E04A78180200F47C50024300E04A7807B13A602046B0BDF0B55F4F604CC6
:204C400000231D4657F8046F7688B04209D1E658012E06D9102E04D2AA421CBF0D6001208D
:204C600004D16D1C1B1D092DECD30020F0BD704770B5374D06462C46E06880002118896DC7
:204C800058350A2918D12018D0F8A000007CFBF7FDFA20B97068A064E068FFF723FBE0680D
:204CA0008200A118D1F8C410002904BF0F20A85002D00021FFF771FAE06B58B1226C55F886
:204CC0002200062806D1606BA16BFFF7DEF908B90020E06370BDF0B51D4C04F11005286810
:204CE00081006218926D4835092A0AD16218D2F8C470002F04BF0F20685002D00021FFF7F5
:204D00004CFAD4F86C028100081900F50A70076804F5F476D7B1006A55F82000052815D1BE
:204D20008A197058116A126EFFF7FAF870B9D4F86C02002106EB800001646269D6F88400AE
:204D4000401C824298BF081CC6F88400F0BDC046F4F300080246CD4890B543690121092B30
:204D60000ED200EB8300C3F10904543050F8047F27B1641E03F10103F8D101E01360002145
:204D8000084690BD14FA0008D0130100E4ED000889510008C550000841510008B54A000805
:204DA00034EC0008E9470008C54D0008D74C0008714C0008214B0008F014010090F4000884
:204DC0004CF400082DE9FE47B0490C461431A06963690A684E68834221D8D4F8543104F59B
:204DE00088719B00CF58D7B1CA180025176ACD504A6C6369521C934298BF2A1C8600A761DB
:204E000004EB87004A64A119D0F8A000D1F8A010202207F0C5FDA01985656269A66904F166
:204E200058084FF0020A48F826A0C34FDFF80C93D4F8540104F5887151F82030354633B926
:204E400004F11800FFF786FFF0B9A6690DE0D4F8540180000B181E6AA66100230B50486CA0
:204E6000401C824298BF181C48644946C54A086812880023394600EB46100918504600F0A9
:204E8000B5FB012048F826006069A84240F20E81206A494604EB80000A68C0F87053206A68
:204EA0003E4602EB4512B618401C00F03F0020623078CC46012818BF052840F0F58006F1CC
:204EC000080001A9FFF785FE0198012807D13078012804D1307CA02804BF00200190708887
:204EE0008111821101F0FC0102F0FC026318A218D3F870E2D2F87012071204F51C79BEF1BB
:204F0000000F4FEA006301F1010147EA1347C2F8701206DD69462A46FFF78FFE002840F04E
:204F2000A3809DF8041028192C3001703278DCF8001004F12C06012A55D0052A40F0B480FF
:204F400004EB85009DF80430D0F8A010002B01F1020746D10879401E0DD0401E2BD0801EAC
:204F600029D0001F27D0083825D0303821D0403802281ED91BE0C888FF2202A9FFF75DFE93
:204F8000B8B10298800058F80010012911D904290FD8002648F8006031462846FFF77AFBF0
:204FA00020680028C4BF401E061C304656E0042112E0052110E0705D0121FEF737FA01202F
:204FC000FFF730FD38880021801100F0FC0059F80020521C49F800202846FFF75BFBBDE8B1
:204FE000FE870921F8E70778002F3AD1BC4A40F284407843175837B1B74801EB4511405C7F
:20500000FBF744F990B92068616850EA01070BD1725DB449C1EBC21151F8042C0F68174314
:2050200004BF0120606010D0032114E02068616850EA01070ED1725DA849C1EBC2110A68B1
:20504000012707FA05F1114204D12846FFF727FABDE8FE87042148F82510401C2060BDE83F
:20506000FE87052025210CE03078012810D1009804EB8004D4F8A0000078012808D10B2086
:205080004E210022FBF757F8514616E0F4F3000801980021FEF7CAF90120FFF7C3FC07F083
:2050A0003F070A21B80092E7514695E704EB8504D4F8A0000121017428212846FFF76DF8AE
:2050C000BDE8FE8770B506468748006802282DD1864D2C46206980002118896D58350F2994
:2050E00006D12018D0F8A000007CFBF7CFF898B9E068800029580F2918D12018D0F8A000A9
:20510000007CFBF7C3F888B1E068012104EB8000C0F8C410E06806E02069012104EB800080
:20512000C0F8C41020690021FFF737F87078B168FEF7DDFF70BDC046D0130100E4ED000852
:205140006A4890B5D0F80C1100EB8101D1F8E84000EB84018F6D00F1E80297B1516A406922
:20516000491C884298BF00210320516200F045F9832000F042F907F099FB20460221FFF7AC
:205180000CF890BD14FA00082DE9F04F06467078FD2856D0554AD2F80C5102F1140102EB19
:2051A00085000B68D0F8E84002EB8400876D443102F1E80067B9D2F80811A94240F3898028
:2051C000416A491C8B4298BF00214162BDE8F08F456A6D1CAB4298BF00254562B5786D08C9
:2051E00027D2A00001238218C2F8C43008580F281AD0092868D1D2F8A000007CFBF746F8A9
:20520000002861D138480068022804D12046FEF7DFFE002858D1364936480A68B1688018A4
:205220002246FEF77DFE4FE020460021FEF7B5FF4AE0416A491E48BF591E4162FFF780FF65
:2052400042E0B07840083FD2776817F0FF0F18BF002409D117F47F4F18BF082404D117F426
:205260007F0F14BF10241824204D6869A0422BD94FF0010905F1580AC846CB4609FA04F181
:205280000F421ED0A1005AF801000F280BD0092805D0052803D00A2818BF0B280BD168182B
:2052A000C0F8C48007E06818C0F8C48000212046FEF773FF77680BFA04F04740776003D098
:2052C0006869641C8442D9D30848006808B1FFF77DF9BDE8F08FC046E0130100CCFEFF0443
:2052E000F4EB0008C8FEFF0440F90008F4F30008E4ED0008101601002DE9F047B84D07462F
:2053000078009A46914688464FF47A7620F4807040EAD710040103E0012006F0E3FF761ED3
:20532000601B0168C90A47D2002E47DD08F0FF06D14A40F808AC072E40F8049C08D111460A
:205340000C31096841F28A038B4238BF414602D348F48061601B082E01602AD1FEB211468E
:2053600036F07F0608D007F07F02D00000EB4210081800F5907006E007F07F02D00000EBF7
:20538000421008188030466A9EB1380A0DD3C86B00280CBF062005204FF07D42D3680121FE
:2053A0000A3081405940916003E04FF07D418869C8610020BDE8F087002EADDC0220BDE8B4
:2053C000F087C2B232F07F01864A1ABF111CA031111C00F07F03DA0002EB43128918C9690B
:2053E00000220904134641F00701FFF785BF42007D481E2107F0F8BB704770B5794C0546D6
:20540000E8B230F07F0018BFA03405F07F01C80000EB41102418206A10B3E069002240F605
:205420000811134641EA00412846FFF765FF08B90020206207F083FB694C680020F48070CD
:2054400040EAD510060142F2107503E0012006F049FF6D1E301B0068C00A03D2002D03DD51
:20546000002070BD002DF1DC022070BD2DE9F041814D0646F0B230F07F0718460B4607D166
:2054800006F07F04E10001EB44116C18803407E006F07F04E10001EB44116C1804F5907436
:2054A000A3619968E160A260002767601A68010441F4837122603A46E0823046FFF71CFF1B
:2054C0005FEA00081BD1012020622869032816D0454C04F108000068C0F3834002280ED1D5
:2054E000300A0CD320464FF4F0713A4607F07CFB20464FF4F0714FF4807207F075FB40466F
:20550000BDE8F081B54810B500235B4C0168E3610068636201F5893100F5863008604B60A1
:2055200008228A602320C8601846FFF79FFFE06A08B903F020F810BD30B50446E0B230F036
:205540007F0014BFBF4D274D04F07F01C80000EB41102D18686A10B12046FFF74EFF00225E
:20556000204604211346FFF7C7FE08B9012028610CB9FFF7C7FF30BD4006820DB2484FF4A1
:205580007E7107F031BB704770473B4810B50169032918D0C06DB0B1AB480C300068C0F32D
:2055A0008340032818BF05280DD10F4C4FF4F0710022204607F018FB4FF4F0714FF48072B1
:2055C000204607F011FB10BDA049020A28BFA03120F08000C20002EB401008587047C0463C
:2055E000F437FF03B0F9000804C700FC2DE9F04FC7B2ADF1180D1C468C46039037F07F0701
:2056000002921D48019408D1039901F07F01CA0002EB41128518803508E0039901F07F01C5
:20562000CA0002EB4112851805F590752F6A00F10C010590002F18BF042040F0B980844A37
:205640006046824204D0834A824218BF002200D101226A62614BDDF80CA07F4A1B681AF03F
:20566000800A0BD1AF8A029C4032E419641EB4FBF7F4674303E0C04630F90008029F6E6A25
:20568000D84CDDF80CC0002E04EA0C0403EB041422447AD0DDF814C0DCF83C403A46002CBE
:2056A0000CBF4FF400354FF44035DA480027BAF1000F08D1B03001F5F8714FF4003E4FF014
:2056C0000808C0180AE001F5DA71C018002C14BF4FF4804E4FF4004E4FF00A08019E01EB62
:2056E000870340F6110B00906FEA0509340403F1040C4BEA940BCDF810B096458CBF151CEB
:2057000075464B6BDDF814B009EA03034B63049BDBF80C4041F20A26521BA64207D1019EEB
:205720002EB1002F04BFBAF1000F23F00103002A14BF042402244E6B4FF0000B06607F1C78
:205740001C43C0F804B04E6B8560AB194B63C4601030CCF800501AB1B8450CF1040CCCD87D
:20576000B84509D1DDF800C0C0F800C05F4647605E4686608123C360CF62019F0A60DC464B
:205780008F63009AC1F830C00CE0019E10604FF0000C40F61300C2F804C03104976040EA71
:2057A0009100D06011460398019B029AFFF75EFE06B0BDE8F08F10B501242046FFF71DFE71
:2057C00044F08000FFF719FE641C032CF5D910BD09040A0C00230221FFF78EBDE4ED00083B
:2057E000C84A70B512680D460646042A0EBF4FF40070D94830F81200D8494FF4A063A1F850
:205800009400C400A1F83401224601210020FFF773FD2DB10020022101220346FFF76CFD66
:20582000DD4B06F01F068020012144EA4642FFF763FD2DB18020022101220023FFF75CFD21
:2058400070BDC04650FA000800C700FCC0F90008000010C0000014C0101201002DE9F0432F
:2058600017460E460546FFF7A6FFD04C4FF040414FF08042204607F0B7F92A462068C00FE0
:20588000FCD2A04CDFF8209304200025103C09F11003206165611868E5616FF31F40E06014
:2058A00002B1226006B1666007B1A760DFF848C3DFF8408304F10C0E04F168012A4641F8E5
:2058C000285F5600D0090D6126F480774D61521CC1F8A0500743C1F8B05008EA0606C1F814
:2058E000B450032ACCEB071740EA06003D604FEA001040F01000A0EB0C000560DFD9CC4884
:205900000068C3F8E4524FF4007200F58531C3F8E01200F58530CEF82C02C44FC3F8E822AB
:2059200041F21A06CEF8301201F50072C3F8EC521F21C3F8E075E768CEF83422BE42C3F835
:20594000E81505D002216FF05F000A4607F04CF9D948DA4FDFF85C83006848B9E06841F224
:205960001A3181420BD94FF4806138460A4602E0D349D44A484607F037F94046006831460D
:20598000F031814218D84FF4802138460A4607F02BF9484601212A4607F026F94FF40031BC
:2059A00038460A4607F020F94FF4803148460A4607F01AF9404600687036864205D228468C
:2059C000092102461346FFF797FC28460121FFF707FF0120A062E062322006F055FDBDE843
:2059E000F083C0467FFFFF0FD748006810F007000ED0401E08D0401E08D0401E04D0401E3A
:205A000014BF0420032070470120704700207047022070479012010070B5504C06462069F4
:205A2000032815D104EB8600C06D88B15F4D4FF4F0710022284607F0D7F84FF4F0714FF4ED
:205A40008072284607F0D0F884F848600120606470BD77490B68002814BFDB49D849D94A5B
:205A60001268002A19440CBF0323042300220A604A601B018A6043F00303CB601346FFF71E
:205A8000F5BC8C4BF0B507460C46FEB2104636F07F0607D107F07F05E90001EB451159189A
:205AA000743107E007F07F05E90001EB4511591801F58A710E6A9C46002E18BF04201CD1E2
:205AC0005B4B1D6847B9888ABD4B1118491EB1FBF0F61946704300E0BB4949190C60BCF8E7
:205AE0008840002384424B6098BF201C886040F65300C8603846FFF7B9FCF0BD0023FFF72F
:205B000075BDC04640F9000810B5284C2068000821D3FFF750FE20464FF00041002207F00C
:205B200063F820464FF4F0114FF4202207F05CF86048006841F28A01814208D94FF080411E
:205B400020460A4607F050F82068C00FFCD24FF4FA7006F099FC10BD68D0000830F90008B5
:205B60002DE9904188460022044603211346FFF7C3FB4146071C0BD1D04A600020F48070CF
:205B800040EAD410C2EB00121068C0F3846008603846BDE89081C0460005000203484FF0F6
:205BA00000410A4607F020B810C100FC04C700FC70B50446C2481546CA00A306260A42F048
:205BC000060243F4E06306D305F01F0543F00073A03042EA454224F08006F50005EB46154E
:205BE000415320460121FFF787FB20460121FFF7EFFD70BDFFFEFF0FF437FF0310B500225B
:205C0000052104461346FFF777FB68B9E0B230F07F0014BFAB48AC4804F07F01CA000024E5
:205C200002EB41128018046110BDC04604004600E4ED0008F0B50446A448006815469C46B1
:205C4000CA0042F00402032808BF42F07072A048A306012D43F440730AD9C66841F20A271E
:205C600043F08073B74203D1260A0CD243F40053260A08D224F08007FE0006EB471680190F
:205C8000A0F894100DE024F080070CF01F0CFE0043F0007342EA4C4206EB47168019A0F83C
:205CA000341120460121FFF727FB20462946FFF78FFDF0BD3CF90008ECED0008C0C200FC5F
:205CC0000000F8FF000030752DE9F043804C04F110000068042870D07E4F4FF003091A49BF
:205CE000C7F800900868800CFCD3FFF764FDE06841F28A01814205D2774900200246034622
:205D0000FFF7FAFADFF8D481206908EB4000018900220120FFF74CFF206908EB400001895D
:205D200001228120FFF744FF0120FFF767FF8120FFF764FF23690F25002B3DD0E06B012685
:205D4000012820D102E0C0460CC700FC032B08BF022608EB4300018A012200230220FFF736
:205D600069FF0220FFF74AFF206908EB4000018A022332468220FFF75DFF8220FFF73EFFAD
:205D8000204603693F2508EB4300018B324600234846FFF74FFF4846FFF730FF206908EB6F
:205DA0004000018B32464B468320FFF743FF8320FFF724FF45F0C0053D60BDE8F083C046C2
:205DC0005012010050F9000810120100F0B544493F4A0D68010A10D2D2F82812364CD2F87F
:205DE000FC31082705EB011102F5FE756418590C18BF4FF40033D16B16E002F5E076D16BF2
:205E0000F36A384C0A2705EB031302F5E075E41829B93368DE0B18BF4FF4004304E03368E0
:205E20009E0B18BF4FF48043002914BF4FF440364FF400362968002908BF01203AD0696B2E
:205E4000B14340F6110C2E686963F61AA96B2E604FEA01414CEA910C14BF042102216E6BA5
:205E6000266000266660A36041EA0C01E160E96A05EB81014B60696B5B186B63E96A491CF7
:205E80008F42E96298BFEE62D16841F29A028A420ED9154A410021F4807141EAD011C2EB25
:205EA0000112116801F0FF01072908BF301C01D0FFF787FAF0BDC04640130100F837FF03A2
:205EC000C4F9000850FA0008B0F9000840F9000830F9000820C700FC0900020068D000085A
:205EE000E4ED000890120100F437FF03D14900B5087848B108460178491E0170007818B9C9
:205F0000FFF702FE06F076FE00BD10B5CA4C00214FF4B672201D06F023FD00202060C549FC
:205F2000087006F0DFFA03F098FA10BDC24AD168506901434FF0010005D1BE49097811B91E
:205F4000116801B90020704702784178807841EA022140EA012070472DE9F841171C0E46E6
:205F6000054621D04FF0000805F0FF04C4F58074BC4288BF3C1C4146CDF8008006200A461A
:205F8000134603F0FFFE40B9CDF80080022029463246234603F0F6FE10B10120BDE8F88121
:205FA0003F1B25442644DFD10020BDE8F88110B500216C22044606F0D3FCA0482060A048F3
:205FC0006060A048A060A048E060A0482061A0486061A048A061A048E06110BD2DE9F04FAB
:205FE0001027ADF5867D6E460D784A788B78CC787F1E01F1040142EA052243EA022344EA1C
:20600000032446F8044BEFD101AC30272668656B54F8043C216AF2084FEA952C7F1E82EA96
:20602000F61219448CEA754C82EAB6428CEAF5430A441344E36304F10404E7D1C2688369FC
:20604000C6690168D0F80490D0F808E0D0F814B0DFF808C240274292E846419302694096F1
:206060005CF8045B58F8043BDDF804A14FEAB21484EAF22484EA72645B19E418409B0BEA5D
:2060800002062AEA020A8AEA06057F1E25444FEAB10A419CCDF804B10EEA090640948AEAB9
:2060A000713A93462B4409EA01040EEA0105429ACDF808E1CE4685EA040589468AEAB15499
:2060C00086EA05061A44264406EB0301C8D10768036946688568C919D2180160C4680261BD
:2060E0004E447544429947698369C2694660091985600BEB07044461419F409CC160F91872
:20610000816143B0A118C161BDE8F08F2DE9F0410546686A16460F4600EBC60290426A6245
:2061200002D9286A401C2862286A4FF0000800EB567028621BE0A86EC0F14001C0F1400400
:206140008E4238BF341C394622462818283006F027FCA86E361BE7192018A866402806D1A4
:2061600005F128012846FFF739FFC5F86880002EE1D1BDE8F081B0B50446A06E8023421C0B
:20618000A266201880F82830A26E0D46382A0DD9A0180021C2F14002283006F0E1FB04F157
:2061A00028012046FFF71AFF0022A266A0180021C2F13802283006F0D3FB206A84F86300CC
:2061C000020C84F86120616A84F867100F0E84F86470030E84F86030000A84F862000A0C6E
:2061E00084F8652020460A0A84F8662004F12801FFF7F4FE2D1F0827E078A278617805F859
:20620000040F14F8043B6A70A9707F1EEB70F3D1B0BDC0B51746002610F8013B11F8012B93
:206220007F1E82EA030242EA0606F5D1002006B90120C0BD8CF0000890F0000867E6096A09
:2062400085AE67BB72F36E3C3AF54FA57F520E518C68059BABD9831F19CDE05B98CE00083E
:206260002DE9F04F051C0F46ADF14C0D119200F069816C78E81CFFF767FE0646A81DFFF795
:2062800063FE8346287804F01F083B2840F05A8134F01F0040F05681687A002840F0528154
:2062A0005F4540F04F8105F025FA002840F04A81AC4CA9782068532900F03281084340F0C8
:2062C0004181B8F1040F28D0B8F1050F40F03A8157EA0B0040F036814FF29E20B04240F04C
:2062E0003181E068002800F02D812069002800F029816069002840F0258104F108010020AE
:206300000422FFF729FE002818BF0D2040F0228195490520087000201CE1ABF10100000BFB
:2063200040F010811198002800F00C810BEB06084FF29E204045C0F0058166BB251D00210C
:206340004FF4B672284606F00BFB05F11400FFF72EFE05F18000FFF72AFE0025A946494605
:20636000CDF8009006200A46134603F00BFD002840F090804A46CDF80090202029461346A9
:2063800003F000FD002840F0858005F58055280CE5D00120E060E068002800F0D38060691B
:2063A000002840F0CF806068B04240F0CB801199251D05F114075A463846FFF7A7FEB8F59E
:2063C000847F129716D9B6F5C47F13D2B6F5847F34BF4FF48471311C4246B2F5C47F88BF70
:2063E0004FF4C47248198B1B521A11991C38C91806F0D6FA4246B2F5C67F15D94FF29E21AA
:20640000091FB14210D905F18000B6F5C67F34BF4FF4C673331C914238BF0A1C119F991B00
:20642000D21A7918FFF772FE42463746B2F5C67F32D94FF29E20001FB8422DD9B7F5C67F6E
:2064400038BF4FF4C676904238BF021CA6F5C6799046A6EB070AB9F1040F11D2C6F5C877F3
:20646000A8EB0600B84238BF071C119909EB05003A465144001D06F093FABE19B944BA4445
:20648000B04509D91199A8EB060248465144FFF763FD08B10D2040E060684FF29E215844FD
:2064A000606081427FF437AF129801A9FFF763FE05F1800009A9FFF75EFE9F4F01A8202202
:2064C00007F11801FFF7A5FE012608BB05F1EC0039460822FFF79DFEC8B105F1F401202761
:2064E0000DF1240C002311F8012B1CF8010B7F1E80EA020040EA0303F5D143B905F21312DF
:20650000582112F8010F10B9491EFAD100E00026002E26617FF4FFAE11200121616119E004
:20652000B8F1020F0ED1012E08BFBBF1000F3FF4F2AE3EB9BBF58C7F04D1E768002F08BF72
:20654000002801D00B2005E011984FF48C71224604F068FF13B0BDE8F08F41700912017062
:206560007047C04690F000088CF00008B0B504461746101C15D0401E11D00F380DD0401E74
:2065800009D0401E03D00E3803D0401E0DD1102508E0182506E0052504E02C2502E00625F0
:2065A00000E012250CB18D4201D90020B0BD204600212A4606F0D4F920463946FFF7CDFF70
:2065C000281F002FE0704FEA1021A17031D0012F2AD0102F0FD0112F0BD0122F07D0202FAF
:2065E0001CBF0120207337D10121084632E0042131E001201BE0202727760122227584F816
:2066000029201421E1750020A07504236376E076E07784F82A3084F82B000227A776A777E3
:20662000802284F8282017E0012060710020207112E01127E7721021617200202072A0720F
:206640002073A0732074122363732022E273212767740121A071E1712846B0BDF0B5071C13
:20666000144602D0B1F5017F01D20020F0BD00214FF4017206F074F940F284454FF48076BA
:20668000C220022278700021BA70CB4BF970381D05FB043232F8021BFFF75FFF761E00F197
:2066A0000200F7D14FF40170F0BD70B5064615460024184601E0401C641C0278002AFAD135
:2066C0002A68A018401C814238BF00200CD3B0181946224606F064F92868002324182C60FE
:2066E000611C33550120296070BDF0B50646069C05981546844238BF201C5A1E002412F894
:20670000017F1FB1401E04F10104F8D12A68A018401C814238BF00200CD3B018194622461A
:2067200006F03EF92868002724182C60611C375501202960F0BDC04660CE00082DE9FE4FAE
:206740000C469D49074640F2844390460520002F03FB0815029005F50B7A05F5047B00F0FC
:20676000D880BC2CC0F0D58038460021BC2206F0F7F8C0207870D5F88052404605F0AAFBEB
:206780000646214602AA88A33846FFF78EFF002800F0BF800298AC4600F109018C42C0F012
:2067A000B880DDF808E0DFF814921C2200212CFA02F303F00F0319F803300EEB0105491C40
:2067C0000829A2F104027B55F1D300F109010025029108303D5402AA534628202146814624
:2067E00000903846CDF80490FFF77FFF002800F0908014200090214602AA5B46019038460F
:20680000FFF773FF002800F08480002E4BD1404604F095FD67A5022820D02B463846214622
:2068200002AAFFF742FF002873D03846214602AA2B46FFF73AFF00286BD03846214602AAE5
:206840002B46FFF732FF002863D03846214602AA2B46FFF72AFF00285BD064E048462026B9
:206860000090214602AA534638460196FFF73DFF00284ED02B463846214602AAFFF715FF43
:20688000002846D03846214602AA2B46FFF70DFF00283ED03846214602AA2B46FFF705FF84
:2068A000002836D03FE0202000908046214602AA3346CDF804803846FFF717FF48B3CDF8D6
:2068C000008006F120033846214602AACDF80480FFF70BFFE8B110200090804606F14003EB
:2068E000214602AACDF804803846FFF7FEFE80B106F1500140462A464B1E13F8016F1EB1AA
:20690000401E02F10102F8D102981618701C844202D20020BDE8FE8F0298381806F040F802
:20692000BD55701C02900298011FF970461F3E710A0ABA70BDE8FE8F05F05EB890B5071C0D
:2069400001D0322901D2002090BD0021322206F007F82E24FC708320787002233B71012224
:206960007A712A21F97105F03EFE0446082207F1080004F10A0106F013F807F11000102297
:2069800004F1120106F00CF807F120000A22214606F006F807F12A00082204F1220105F0FD
:2069A000FFFF322090BDC0464361727472696467653A00C000C046C05CE9000868CE000854
:2069C000A349A2480968401810F8011C007840EA0120FEF711BD10B59E4C04F10800006859
:2069E000022812D36068032818BF03200ED19A4805F0DCF99648B4F872200168002001F575
:206A00008631FFF73EF8002010BD012010BDF0B50E46014691480778D7B1002443789942DE
:206A200003D1641CA51A012D14D0212B0CD1222905D1641CA31A012B08BF38440AD0057AE2
:206A4000C37943EA0523181838180778002FE5D10120F0BD06B130600020F0BDB0B57D4CB1
:206A6000A168B4F87070B4F86E50012003291ED1012F1CD8AFB9012D13D825B1012D04D15D
:206A800005F054F901E005F067F9002121200A46FFF7BDFF08B903F0A3FEE41984F85B50A1
:206AA00004E0012F03D115B984F85C500020B0BD684800B58168032903D1B0F870100129CB
:206AC00001D9012000BD4018644990F85B00091F0A681070096880200122FEF7D2FF0020E2
:206AE00000BD70B55B4DA868B5F86E100124022801F0FF061FD3012E1DD811F0FF0F11D086
:206B000005F02AF9002121200A46FFF780FF08B903F066FE03F091FD10B9204603F0C8FCB7
:206B2000032000E00220A86085F85A6000245B3505F8014B2C70204670BD00B5C24AAC4810
:206B4000116800780870116880200122FEF799FF002000BD78B5212000226946FFF757FF9B
:206B6000061C1AD10098057AC47969462220FFF74EFF44EA0524061C0FD1B34D00992868FE
:206B8000224605F00DFF9A4818300288944298BF221C29688020FEF774FF304678BDB8B5BC
:206BA000212000226946FFF732FF071C10D10099A54D0C782868224605F0F2FE8C48183090
:206BC0000288944298BF221C29688020FEF759FF3846B8BDFCB50F2000226946FFF717FF92
:206BE000071C30D10098C178847844EA012400E0521C102001A9FFF70AFFA0B9019881783F
:206C00000429F5D1002151F8842C51F8801C51EA020608D0026182EA0103C160DB43836072
:206C200001EA02064660884D00992868224605F0B7FE6F4818300288944298BF221C296826
:206C40008020FEF71EFF3846FCBDC046050C0100E4ED00083CF90008C169000868F8000883
:206C60002DE9FC4F8046784805680C46002269460220FFF7CCFE0028019418BF012067D1CE
:206C800000990C782846224605F08AFE00982018009007786519002F3ED04FF000094FF063
:206CA000400B4FF0020A00994E78042E06D0052E07D0212E05D0242E03D027E0C8796228B2
:206CC00022D028463A4605F06BFE052E11D1E87802280ED1B8F1020F07D0B8F1010F04BFEB
:206CE00085F804B085F8059003E085F8049085F805A0212E3C443D4408D10098027AC179C4
:206D000041EA0221091800E04431009100983F1800973F78002FC6D14B4D2868847029686E
:206D2000270ACF7029680A7AFA20B0EB820F02D9087A8000C0B2087203F076FC28B1C84871
:206D4000006810B1286804210172019804600020BDE8FC8F98B5C84C6068032808BF032057
:206D60001CD0022805D0012818BF012715D1022000E001206946FFF773FF071C0DD1324865
:206D8000016807224A70B4F872200099914298BF0A1C01688020FEF774FE384698BDB8B5D0
:206DA000AF4C403C6068032808BF032018D0062069460022FFF72BFE071C10D10099224D75
:206DC0000A78286805F0ECFD0098B4F8722000789042D8BF021C29688020FEF752FE3846FA
:206DE000B8BD0A28ACBF37303030C0B27047C04696F900082DE9F84702460446694603203B
:206E0000FFF705FE5FEA000848D10F4D009928680A7805F0C5FDDFF8609299F83D00AA46CA
:206E2000A0422FD128460068C178CA2900F10200054625D0002454F8847C54F8806C56EA53
:206E400007031FD002E0C04664F800082146202205F086FDAD1E082327FA04F000F00F00C2
:206E6000FFF7BFFF014626FA04F005F8021F00F00F00FFF7B6FF241D5B1E2874ECD101E047
:206E8000002068700098B9F8722000789042D8BF021CDAF800108020FEF7F3FD4046BDE88E
:206EA000F8872DE9F847DFF8A482D8F800608246002269460220FFF7AAFD002818BF012059
:206EC0004DD100990C783046224605F069FD0098201800900778A619002F2ED04FF0030928
:206EE00000994D78042D08D0052D09D0302D07D0212D05D0242D03D019E0C879622814D0FD
:206F000030463A4605F04CFD302D03D1F07808B186F80390212D3C443E4408D10098027A9D
:206F2000C17941EA0221091800E04431009100983F1800973F78002FD2D1454628688470A4
:206F40002968270ACF7003F06FFB28B14448006810B1286801210172CAF800400020BDE859
:206F6000F887BA4818B50068032803D06946FFF777FE02E06846FFF794FF041C0BD13E49A7
:206F80000098B1F87220904298BF021C6F4801688020FEF776FD204618BD98B501200022E4
:206FA0006946FFF734FD071C1FD1684C009920680A7805F0F5FC30494868022818BF012858
:206FC00008D120681022827020680223C37020684023C3712068B1F8722000789042D8BF89
:206FE000021C21688020FEF74CFD384698BD97486A3001880812401E1ED0401E1AD0401E2B
:2070000015D0C01E11D0401E0DD0083809D0123805D0401E18BF032010D1FFF79BBDFFF7DC
:20702000BEBDFFF7D7BDFFF795BEFFF7B8BEC8B2FFF7E0BEFFF795BFFFF7AFBF704730B53E
:207040000D4DB5F86E402046FEF796FA00202A46211C85F85A000CBF01210221916030BDFE
:207060007CF90008A94980B5B1F86E7003207F1E0ED07F1E16D101E03CF9000891F86D208F
:20708000032A0FD1B1F870000012A1F8580008E0CF6C3FB191F86D200020032A08BF012069
:2070A0000865002080BD30B5984C94F86D000025032808BF0125A068032802D1B4F87000E5
:2070C00008B1012030BDB4F86E00032130380BD0401E04D0401E04BF0020A06609E0284698
:2070E000FEF751FA656603E02846FEF74DFA25660021084630BD30B5844CB4F8701001F03F
:207100007F0001F0FF05032807D811F07F0F4FF0010004D0A168032901D0012030BDB4F88E
:207120006E1091B994F86D0003280AD02846FEF765FD606B40B1206B30B9032D18BF832DDD
:2071400002D12846FEF7F8F9002030BD64F800086E48B0B5B0F8702041681312032902F058
:20716000FF0518BF03201DD1012D88BF012019D8B0F86E700021A7B9520A34BF0A1C0122FD
:2071800000EB850462649A0808D3C76C27B1012D04BF0122426504D0012102E000EB85002A
:2071A00001650846B0BD59498868032805D0B1F87000002818BF012016D191F86C0010F007
:2071C0001F0004D0401E0DD0401E09D006E04868032801D0FFF746BFFFF765BF03207047C9
:2071E000FFF789BFFFF7B4BF7047984800B5008820F08001032988BF012009D8FEF7E4F93C
:2072000000280CBF00210121914802680020117000BD3E4880B5B0F87030012B88BF012000
:2072200012D842680021032A0AD100EB8302176D07B10221C76C1FB1012B08BF41F0010199
:20724000834802680020117080BDC04640F900082DE98041DFF8B480B8F87000002818BFD3
:20726000012022D103F0E0F907460021404617B1076C07B101214268032A06D0C76C87B10D
:20728000076D0FB141F002010BE0076E0FB141F00401476E0FB141F00801876E0FB141F09B
:2072A00010016B48026800201170BDE8808190B5674C2068002202702068144942708868BE
:2072C000022802D0032803D104E0B1F8700008B1012090BD91F86C0010F01F000BD0401E42
:2072E00006D0401E18BF01270ED1FFF77EFF04E0FFF78FFF01E0FFF7ABFF071C04D121689F
:2073000080200222FEF7BDFB384690BD3CF900080C2804D9303813D0401E09D00EE0DFE8AC
:2073200000F0211F0D1F0D1D1B111917151311C048480068032805D10020704701207047CA
:20734000FFF749BB03207047FFF788BBFFF7B0BBFFF7C7BBFFF7F1BBFFF749BEFFF76FBE85
:20736000FFF721BFFFF7A3BF7047F0B53B4E96F86C00002510F0600004D020380BD020381C
:2073800009D005E096F86D00FFF7C2FF08B9F0BD0120314C0EE00320FBE706F16C0163199E
:2073A0000A7893F86C3002F07F029A4201D10846B8476D1C38B1042D05D204F15C0151F8A1
:2073C0002570002FE9D1F0BD2DE9CC41012000226946FFF71CFBDFF8848030BB00990A7C7B
:2073E00040463D3001A902700320FFF710FBE0B905F0F9F8061C18D0019801781A2914D395
:20740000302181700198CA22C2700198017101980021417101980A27801C16F8012B4171AA
:207420007F1E027100F10200F7D1022069460022FFF7EDFA40B90098C1794746C1F3801213
:207440003A64C1F34011F964BDE8CC81ACF9000864F8000840F900088CFB00083CF900081C
:20746000F0B5071C0FD1DA4E0024002506EBC7000C3080E83000384604F00EFDB8003450AE
:20748000801944608460F0BD2DE9F04F82468846A8F10100DFF83CB35AF820003421964630
:2074A0000026B1FBF8F39B1DA6EB0B065146474600254FEA960C85EA0C0404F003040A68A5
:2074C0005EF824907F1E05F101054FEA001484EA5014204406EB090480EA0400104441F88D
:2074E000040BE8D15B1EDFD1BDE8F08F70B50D4604462822ADF1400D04F50B71684605F068
:207500004FFA08220AA804F5207105F049FAC7491022284605F044FA6E4603240CA831469B
:20752000102205F03DFA0CA804212A46FFF7ACFF28460CA9102205F033FA1036641EEDD106
:2075400010B070BD30B500220446FBF778F988B9002120460A46FBF728FA58B9B44DE40167
:207560000121002242F22833A5F11800201AFBF7CFF808B1022030BD641B2168002011F0A6
:20758000210F18BF012030BDF0B50F46D84DA94C296806464FF40072A01EADF1340D40183B
:2075A000002105F0DDF92A68204639468018202205F0F6F900213422684605F0D1F927217E
:2075C0008DF8001080208DF80100F2218DF80210012006904FF40071304608916946FFF727
:2075E000B1FF0DB0F0BD2DE9F0410C46164680461D46ADF1340D00213422684605F0B0F9B1
:207600008027314628464FF0270C0B0A8DF8017006060A0C050433438DF800C0D4F87472C9
:207620008DF804102A438DF8053040258DF806208DF8075001238DF80C3067B99DF80750AD
:20764000090E00020143CAB202F00F02C8212A438DF807200BE0051C020A090E8DF809503F
:2076600000028DF80A2001438DF8081025218DF802101D46D4F8A40205956946089040465F
:20768000FFF760FF002100B929460DB00846BDE8F08110B5447801788378C27841EA0420AD
:2076A00040EA034040EA026010BDF8B50A0A0B0C8DF8001006468DF80120090E8DF80230D7
:2076C00000228DF8031016F8011B6C4602F00303E55C521CB2F5FE7F2944E154F3D39DF84C
:2076E00001709DF800409DF802609DF8035000F5FE70FFF7CEFF44EA072444EA0644014627
:2077000044EA05620020914208BF0120F8BDF0B58C4604231546C4181A1827785678D17887
:20772000927842EA0122F10828BF142103D271082CBF0C210421914247D8B2F5FE7F44D224
:20774000D118B1F5FE7F40D2BC453AD116F0050F37D02F706E70F0086A800FD2700834D31F
:20776000201DFFF796FF00270646281D80E8C00004F10800FFF78DFF39461DE0201DFFF733
:2077800088FF074604F10800FFF783FF002600002B1D46EA070140EA060204F10C0083E85C
:2077A0000600FFF776FF074604F11000FFF771FF0100314346EA07000C3585E80300012022
:2077C000F0BDD318B3F5FE7FA5D30020F0BDC04618F300084786C86170B5A04C0646032513
:2077E000ADF1140D641E14F8011F30466A46FFF78EFF002818BF012016D16D1EF3D13046A7
:2078000003216A46FFF783FF012460B9304602216A46FFF77CFF30B930461B216A46FFF7E3
:2078200076FF00B90024204605B070BD58D00008E0FEFF04121601002DE9F04F804689468A
:20784000ADF11C0D2A48D9F8A4C2BD490592109C0068BA4A0693BCF5007F049402440392C7
:207860000144029140F0928009F5207090E8C000002F08BF002E00F0898040F6FF74194603
:20788000E017814204BF0598A0427FD809F5207191E8000C01200027E617BAEB000A7BEB27
:2078A000070BB34508BFA24570D3059D404649461E462A46FFF797FE9F4F15EB0A0546EB89
:2078C0000B06DFF888A2DFF87CB20346E11720462D1A8E4101969E4E00955BB90121384608
:2078E0004BF82810C0EBC8100068400827D34DE0E4ED00080698002801BF0598002801206E
:2079000046F828008D4C93488F4905686019FFF7CCFE68B1029821464FF40072491905F0A9
:207920003FF8012004994AF82800029A0A602EE06019FFF751FF10B101204AF82800019B2D
:20794000009A40464946FFF74EFE38B9012138464BF82810C0EBC810006817E00698002882
:2079600001BF05980028012046F82800B1490398FFF79BFE00281CBF03980290D1D103986A
:20798000FFF72AFF10B101204AF82800002007B0BDE8F08F2DE9F04F8846814608F520700A
:2079A00003C80027ADF11C0D084606BF002802251B252A4E00223B46144601A80090414637
:2079C0004846FFF739FF00282FD00199484604F046FB0198294602AAFFF799FEA8B9032C96
:2079E00023D0315D019802AAFFF791FEE8B103A890E80C0008F5207003C88B4208BF8242C4
:207A000013D2641C032CD8D90FE005A803C803AA0CCA8B4208BF824207D808F5207494E8F3
:207A2000000C594508BF504501D3002211E0474C801A04F10804994108F51E7804EBC90402
:207A400084E80C0001221646361847EB010788E8C00007B01046BDE8F08FC04644D0000824
:207A60002DE9F04F0D4604464022ADF1E40D002122A804F075FF012740F6FF7B0DF1080AE8
:207A800000200021379402AA3895044682E8030001A800909AE80C0038993798FFF7CCFE83
:207AA00000283ED00199379804F0D9FA0DEB8400D0F8880018B10199379804F01BFA7F4D8D
:207AC000042615F8011F019832AAFFF720FE30B333A84FEAEB725B4603C8914208BF984292
:207AE0001DD8102F1BD257B13B466A46083292E80003894508BF804511D05B1EF6D12B7857
:207B00000022042B08BF01220DEB8703C3F888200DEBC7037F1C03F1080282E80300761EE9
:207B2000CFD1641C0AF1080AA742B1D8379804F0D1F939B0BDE8F08FC8FEFF04101601001C
:207B40001018010020F30008785634121CF3000818F30008E4ED0008F0B5061C0F46ADF110
:207B6000300D10D1FFF77CFC6FB1D7F8540250B907F5207090E83000002D08BF002C02D005
:207B8000D7F8A40208B902203FE0384608A9FFF7ADFC4A4968460922491D04F001FF0DF1DC
:207BA000090007F50471142204F0FAFE0DF11D000021032204F0D4FE6846082108AAFFF783
:207BC00063FC08A80021102204F0CAFE30466946FFF7DAFC044600212022684604F0C0FE89
:207BE000012C0DD054B930463946FFF7D3FE28B130463946FFF734FF002405E0022400E0AC
:207C000001243046FFF72CFC20460CB0F0BD2DE900430028884691461CBF111C404607D150
:207C2000254901EBC00103C910EB080041EB0901BDE8008321436587D0B5071C0E4603D1DC
:207C400016B1D6F8540208B1002432E03846FFF707FCD6F8A402B0F5007F09D140F6FF70BC
:207C600006F52072C1170CCA8B4208BF824201D801241EE038463146FFF78CFE28B13846A9
:207C80003146FFF7EDFE022413E00D48B900405858B90C4A50184068002818BF032405D15A
:207CA0005058002818BF012400D100243846FFF7D7FB2046D0BDC04624F3000847D0000886
:207CC00020F3000818F3000800280CBF03208320FDF732BCB0B58A4D04462868022817D1B3
:207CE000884A9769A7B11169536810688968C01A21F07F4109180029116007DD0320FDF75B
:207D00007CFB2CB10320FDF717FC01E0002090618320FDF772FB2CB12868012802D18320E3
:207D2000FDF70AFCB0BD801E00B501282ED9801E012830D9C01E012828D9B949801E06D00B
:207D4000401E1CD0401E1CD0801E18D000BD0846092102224160C169426289688160880ADD
:207D600002D10A1C02D100BD4FF48062664801680023032001F58731FDF738FC00BD032042
:207D800005E008460B21001D016000BD8320FDF7D3FB022003E08320FDF7CEFB002000F06F
:207DA00001F800BD02469E4890B5001D046A042C26D0C36981690769052C21D0534C1C6026
:207DC00000BF4C68002F5C600CBF141C01241C730468052C05D00B2C03D0092C05D189681E
:207DE00002E044688968091B9960022A14BF042105210162C16900230D228320FDF7F6FB36
:207E000090BD8748002343624360C3601F220361C16943610320FDF7E9BB3D483D4A00B5C9
:207E20000021FBF775FE00200146FBF76BFE0020FFF750FF384A0020106038490870FFF794
:207E4000E0FF00BDD0B5764C04F12800FAF71EFB0746E069082F32D0606BE169092F0CD020
:207E6000002607B1012616B10120FFF733FF122F27D0F0B2FFF796FF23E0A0608A688242CF
:207E800006D8824206D2072060608868A06001E005216160012141F214022161824288BFD1
:207EA000021C19481E49006809181AB90420FFF73AFF06E083200023FDF798FB01E0C07BDE
:207EC00020703846D0BD144900B5002008601549832003F099FF1449032003F095FF13497E
:207EE000212003F04FFF084911484D4A0B681149C018C918D0611048116203F081FF00BD0D
:207F0000D8F3000830FA0008E4ED00085553425315830008E782000870F90008EEF30008DB
:207F200010260100198200083D7F000877820008D0130100F01401001B7E00082DE9F843C7
:207F4000374C0546606A002840F01C816868E16900261F28A0610DD1AD4A0868824209D129
:207F60004F7B3FB98F7B102F04DC1FB1087B10F07F0F02D0002E00F0FA808868226ADFF878
:207F800094929060487B40F2844808FB0090D0F854520127ADB9E06969460F30F8F73CFC1D
:207FA00038B9009800280CBF0220381C6062E16912E0E16905280DD08D685DB10D7B25B11C
:207FC00005E08D6835B10D7B0DB9022003E06762384601E0032060624A7B08FB0293D3F859
:207FE00054520DBB8D683DB9012803D0022819D1032010E002200EE0097B802906D00228C8
:2080000010D0012814BF09200A2004E0012809D002287FD10820FFF786FEBDE8F883C04609
:20802000B4F30008E1694A7B84F83820E06900F10F02A2628A7B84F839208A68E26289685E
:20804000A160C07BF8F722F904F11C0578BB28680F30F8F735F96061616AA068022915D100
:20806000010B0CBF80464FF4805828680F3003F092F90146B8F1000F04D003204246334604
:20808000FDF7B4FAA06800B13746616A012902D1B0F5805F06D8002F00F0B780FFF7D2FEC2
:2080A000BDE8F8838320FDF747FA0120ABE0E069417B08FB0190D0F854722FB9286804F188
:2080C00008020F30F8F754FB616AA06802292AD0012940F09A8070B1E16908310A688242D3
:2080E00006D882420BD2072060600868A06006E00521616003E00420FFF715FEA06800289D
:2081000000F0838004F0EDFBFFF79CFE08287CD1A2680AB904207EE79B4983203346FDF739
:2081200065FABDE8F88370B1E16908310A68824206D882420AD20D2060600868A06005E026
:208140000B20606002E00920FFF7EDFD04F0BDFBFFF778FE082805D1A068002855D08B4902
:20816000334646E00320FDF7E7F9BDE8F8838320FDF7E2F90320FDF7DFF985490120086091
:20818000BDE8F883216A022836D16A688868801A886000BF8868F8B960680D281AD0092847
:2081A00016D0E069C07BF8F771F804F11C0248B91068E1696A6889680F3003F0D9F8E0621F
:2081C000FFF740FE2069002804BF0120E0601CD0002018E00D201EE7B0F5806F02D818B921
:2081E000BDE8F8834FF480606A490968002301F587310246032092E78320FDF79DF9032013
:20820000FDF79AF90220FFF7CDFDBDE8F883C046555342435CE900085A4980B50B6A042BD9
:2082200026D0052B24D0CA69012B17D143689068C01A906000BF976867B90868072807D01C
:20824000CF68002F04BF0120886013D000200CE0072000E00520FFF766FD80BD8320FDF7A4
:208260006BF90320FDF768F90220FFF79BFD80BDFFF7C7FD80BDB0B501460A78012032F0CD
:208280007F0711D14A78FF2A2CD14F88002F29D1CF883FBB8F882FBB00200146FBF7C6F825
:2082A000FFF7BBFD0020B0BD22F07F02802A19D14A78FE2A16D14F88A7B9CA88012A11D1F5
:2082C0008F887FB93349344D024600240B682A604FF48630C4540968802001F58631FDF726
:2082E000D0FB2046B0BD10B52C4CA068012803D0022818BF03280CD10120FFF7EBFC206810
:20830000C07BF7F7C3FF08B104F0D0FA0120FFF749FD10BD30B5234C0546A068616A50B35C
:20832000012918BF02292BD1A878400820D2012916D12078F7F7AAFF90B9E069A9688268EE
:208340008A4288BF0A1C13481549006809181AB90420FFF7E8FC03E083200023FDF746F9F5
:20836000E068002804BF0120206109D0002005E0FFF7B9FF30BDA87800F00100FFF712FD99
:2083800030BDC046B8F30008000010C0000014C070F90008E4ED00084CF90008D0F3000831
:2083A00010160100B4F300087D497C4809680068032901D108B903E010B90C2002F096B8AD
:2083C0000C2002F076B8774810B54FF4F071002204F00AFC724C0020241FA0600420606008
:2083E000FFF7E2FF704803210068E16010B10146E068884710BD2DE9F0410146B44C694EF0
:208400006A48DFF8A481226841F20A15954204D8C1F30347490D05D359E031460831096899
:20842000C1F38347954202D9616803294FD0042F46D0032F31D0022F0DD04021002204F0F7
:20844000D3FB4FF40E706FF0C30108600C2002F04DF8BDE8F081564B0022A0381146016036
:20846000D41A056824682D0C2404240CAC4205D1491C121D0329F2D9BDE8F08130464FF466
:20848000F071002204F0B0FB30464FF4F0714FF4807204F0A9FBBDE8F08140210A4604F018
:2084A000A3FB0820E0620C2002F003F80020A168E060022954D341460968002950D04AE075
:2084C00028466F38904248D3FFF77DFF45E03946891E42D0491E34D0491E1ED0081FB0D163
:2084E0004FF40E706FF0C30108600C2001F0FEFFA06B00283DD0304600F10C0100F110025F
:208500001268D20AFAD294F83C0008600027A76340F203464E60BDE8F08140210A4604F0F4
:2085200063FB0C2001F0E2FF206829466F39814202D3FFF748FF2068F03D854214D3BDE863
:20854000F0810C2001F0D2FF012241460020E2620968E06021B1884702E00C2001F0C6FF98
:208560002068F03D854204D240F203206FF0C3010860BDE8F08130B5554C0125A560FDF70E
:208580001AF90020FCF7F8FF0221074825620068E16010B10146E068884730BDECED00082F
:2085A00040F9000804C700FC38F9000800C200FC003DFF032DE9F04FDFF81CB3444C4FF0B3
:2085C00000084FF0050929E25FEA9A0700F02482D4F82C02011DC4F82C12D4F8342200681F
:2085E0008A429CBFD4F83012C4F82C127F1E410880F0B481C0F3440281082CBF8026464622
:20860000C0F383115508491E00F02D81491E00F0DA80491E4CD0C91E20D0491E40F0F98195
:208620002E43F1B2C0F3036C31F07F0608D001F07F01CA0002EB4112A11801F58A7106E07B
:2086400001F07F01CA0002EB4112A1187431BCF1060F04BFC0F30640C861DAE1400BC0F0E4
:20866000D881206841F20A21814240F0D281002E40F0CF812E43F0B230F07F0508D000F048
:208680007F00C10001EB4011601800F58A7006E000F07F00C10001EB40116018743081699D
:2086A000C86840F00100C8603046FCF78AFEB0E146EA0501C9B231F07F030BD001F07F010F
:2086C000CA0002EB4112A11801F58A7109E0C0463CF9000801F07F01CA0002EB4112A11886
:2086E00074310B69002B40F09481002D40F091812569000B314600F0030225B910F0030F8D
:2087000054D048462061022A3CD0BF480568012A4CD1012D08BF002930D0022D08BF802975
:208720002CD0A669E6B966691EB3032D18BF042D3CD1BE4801220068A26139B900F5863178
:208740000220B4F888202061404604E010464146206142468020FDF7D1F92046056925E09B
:2087600011B9D4F8946026B180291FD1D4F83461E6B9484626462061356917E048462061E0
:20878000256913E066694EB1802901D1E66F1EB921B9D4F81C610EB1C4F810902569052DE5
:2087A00004D00846FDF755F997480568052D40F030814046FCF721FE8020FCF71EFE404629
:2087C000FCF7BAFE25E1994801682E43F0B230F07F0508D000F07F00C20002EB4012A018E7
:2087E00000F58A7006E000F07F00C20002EB4012A0187430320A05D28D4A04F5F8754FF049
:20880000080C04E08B4A04F5DA754FF00A0C51182A6B05EB820301EB02115B688A6822F0B5
:208820007F429B1A320A03D30968834A5918116081684268A1EB030E9A18C0F808E00168A5
:2088400042605B180360286B401C2863286B84459CBF404628632D68002D00F0DA803046DC
:20886000FDF7B4FAD5E046EA0500C1B231F07F0608D001F07F01CA0002EB4112A11801F551
:208880008A7106E001F07F01CA0002EB4112A11874310E6A002E00F0BC804E6AF6B1634A40
:2088A0001568020A39BF04F5F872614B04F5DA72604B5B19156B03EB051302EB8502526810
:2088C0009D6825F07F45521B050A0DD31B685A4DD3182B6008E0C0460CC400FC8A69CE68DB
:2088E000936823F07F43F21A8B684E680D689B1A9619C1F8208052194E60504D8B6030F000
:2089000080062B680A6027D1020A0BD2A269012A06D14E68002E18BFC4F810907FF44FAF5E
:20892000C4F88480414A2669126826B198472669002E6ED14CE002F5863104F16C000822CC
:2089400004F02EF8B4F87260404606B101203C490968606188475CE098475AE010F0FE0F39
:2089600057D1384909680246C2F30320002843D0401E30D0401E0FD0401E47D0401E48D1FB
:208980006FF0C3024FF40E70012610600029E6603FD0304688473CE06FF0C3014FF40E7098
:2089A0000860FDF721F8142160606068A162032814BF64213221022003F0A9FCFFF7F4FC0C
:2089C00040464146FCF70CFFE66916B34046E061FCF798FD1DE0C4F860800320C4F86480C9
:2089E0002669CBF8140326B9FFF7C5FD012020620FE0C4F820800CE0206841F29B01814283
:208A000007D2FFF7E0FC04E04CF900081046FFF7F2FC002F7FF4DCADCBF800A0DBF800A03F
:208A2000BAF1000F7FF4D0ADBDE8F08FE4ED000840130100901201000C0000FD34F900085A
:208A400030F9000838F900083A480068704700B5FFF7FAFF00F049FE10B137490220086065
:208A600000BD354A3C3A116A002011B1516A01B901207047304A3C3A1168012011B9D16B0A
:208A800001B900207047411A4FF0000058BF012070474FF07B40D0F83811D0F83401084369
:208AA0004FF0010107D1254B102253F8040F10B9521EFAD10021002001B90120704790B581
:208AC0000746642F88BF64271B4C04F11800007887420DD01FB9002003F07CFE05E0394689
:208AE00000204FF47A5203F027FE3C3C84F8547090BDBA4870B500250126C0F8D8520E4C7B
:208B0000C0F8DC623C3CA66025656662A562FF2084F8400000F0D7FC2846FFF7D0FF304641
:208B20002946A56402F098F93046294602F07AF970BDC04630FCFFFFDCEE00089CED000830
:208B40002DE9F841FFF780FF054601F05CFDA24CE16981423DD1216A81423CD0216B6D1A46
:208B6000642D38D310B1E76B002F34D1206200256562A562E56210B1BB490F680FB9012130
:208B8000A160FF2184F8401088B1E06B10B9012001F029FD2846FAF7EBFF0320A563294680
:208BA0002065012002F058F9012005460DE000F08AFC284602F0BBFB284601F014FD2565ED
:208BC0000120294602F048F90120294602F02AF901E0E0612563FFF737FF054601F00AFD14
:208BE000E1687E4F814223D12169814222D0A1696D1A642D1ED32061B8B16069D0B1FFF72C
:208C000030FFB8B100F0ABFA002100B101210025081C0BD0F7F72AFB002804BF0120206070
:208C200004D0284602F0B7F800E00125656101E0E060A561FFF708FF2169226A03F062FAFC
:208C4000FFF702FFD7F8D852616BD7F8DC62A94212D0656375B1226D0021FF23A163022A8E
:208C60001CBF03222265606484F84030012002F0F3F801E00120A060A06BB0420AD04DB9E0
:208C8000A663FFF7EEFE28B1E06B18B90120314602F0E2F8606828B10020606015B1012028
:208CA00002F09BF8FFF7D0FE0546FFF7E3FE00284AD1606B002847D0FFF7D3FE002843D0FA
:208CC000616C2846FFF7DFFE00283DD0002002F0F8F9002831D0FFF7DCFE002834D09C4D40
:208CE0004FF400162E61FFF7C5FE20BBFFF7D1FE08B30020694601F04AFA2E60A0B19DF800
:208D00000000FF2810D09DF800009DF800102D2884F8401005D29DF80000282807D8012035
:208D200000E00220206502E0FF2084F84000FFF78BFE054604E02E6006E0FF2084F84000F2
:208D400042F2107040196064B24EE06C356800284BD1A16D2846FFF796FE002845D005F5D8
:208D60004871206DA16502283AD1A06C00282ED0401E2AD0401E38D0401E0FD0801E2FD1A7
:208D8000E16D2846FFF77FFE78B33220FFF797FE4EF6602101204919E16525E0E16D28464D
:208DA000FFF771FE08B394F8540063280BD80D30C0B2642888BF6420FFF781FE4EF6602006
:208DC0004019E06511E002200EE003200CE0052105F16400A164F4E7A0EE00085CE90008A2
:208DE0000020FFF76CFE0020A064E16B30688046A1B9206890B1FFF734FE002100B10121E6
:208E00000025081C08BF256056D000F00FFAE5620120E063284601F0E0FFE16B012925D04A
:208E2000022949D1404600F097FC01280CD0022842D1FFF75EFE00202060E0630121E16208
:208E400002F00AF8BDE8F881FFF753FE0025E56225602846E563014601F0FEFF012128464D
:208E600001F0E0FFBDE8F88134EC0008FFF711FE10B3D7F8D80290B101F0C5FB78B14FF40D
:208E80000015C6F81052FFF704FE002808BFC6F8005211D0002001F037FAC6F80052FFF77D
:208EA00028FEFFF7D1FD054603F092FB0146284600F030FC0220E063BDE8F88156490120E9
:208EC0000860704778B5A8B9534C544E01204FF40015A06069463560042000F02AFE46F86D
:208EE000105C38B9BDF8000040F28A2181423CBF0020A06078BD48480121001D0160704789
:208F000018B945480121083001607047424B00B5986A38B9FFF7A5FD20B14148006808B139
:208F2000D86B08B1002000BD0120986200BD3A49886A18B1002201208A6270470020704785
:208F40003548083000687047334828300068704730FEFFFF2F482DE9F043056801F04AFBBC
:208F6000074601F050FB064603F032FB80461FFA88F001F0D3FA2848002404604FF00109A6
:208F8000C0F80890C76021460761446007B949464161C661046244628462C4624463846329
:208FA000C4638464856122460563B8F1360F45644FF0FF0180F8401008BF4A46002EC264A3
:208FC0000CBF221C0322026580F854108565C5651FFA88F000F02AFD204601F004FB2046A8
:208FE000FFF76DFD4846214601F036FF4846214601F018FF2046014601F02EFF2046494639
:2090000001F010FF03F05CF9BDE8F083054800787047C04630FCFFFFA0EE000840FEFFFF72
:2090200034EC0008E0EE000830B5782256230A7034244B70001D8C7012220423CA7010F8F7
:20904000012B03F003040D5D5B1C402B2A440A55F5D330BD18B504466946FFF7E5FF2278E2
:209060009DF80010002091420FD19DF80110627891420AD19DF80210A278914205D19DF84B
:209080000310E278914208BF012018BD2DE9F041914D2F6880464FF40010ADF1480D0024E7
:2090A0004FF47C31402301AA28610320009400F069FE012607F40017002838D101A8FFF712
:2090C000C9FF20B901A82146402203F049FC08F0030801A811A98DF81180FFF7A5FF01A886
:2090E000042211A903F05CFC2146009406200A46134600F047FED0B92246009420204FF43E
:209100007C31134600F03EFE88B92146009406200A46134600F036FE48B9009402204FF4F4
:209120007C3101AA402300F02DFE00B9264607B12F60304612B0BDE8F08130B50546012D41
:2091400003D0022D18BF0B2008D1AA4C2571FFF79DFF002812BF0D200020657130BDA5481E
:2091600008300168002001B9012070472DE9F041A049594E0D6837684FF40010ADF1480D6B
:209180000024402301AA4FF47C3130610320009400F0F8FD4FF0010807F4001700283FD1EE
:2091A00001A8FFF757FF20B901A82146402203F0D7FB280A8DF809002B0C8DF808502A0E9E
:2091C0008DF80A3011A98DF80B2001A8FFF72CFF01A8042211A903F0E3FB21460094062021
:2091E0000A46134600F0CEFDD0B92246009420204FF47C31134600F0C5FD88B9214600940F
:2092000006200A46134600F0BDFD48B9009402204FF47C3101AA402300F0B4FD00B9A046E0
:2092200007B13760404612B0BDE8F081714900B50868401C0860FFF799FF002814BF0D2028
:20924000002000BD0346C0B510460F46002B3ED09E78002E3BD15E79002E38D15E78052E28
:2092600005D120B9FCF750FC03F0C4FC31E006B90FB90320C0BD082818D13978802915D1BC
:209280007E789EB9BE788EB9F97804290ED13E7966B97E7956B9BE7946B9FE79012E05D8F2
:2092A000002006B9012001F0CEFD12E006280ED1387885280BD17E784EB9BE783EB9F87820
:2092C000042804D13879012801D8787908B10B20C0BD0020C0BDC04630FEFFFF2DE9F04172
:2092E00000280F4600F0B180002F00F0AE80467871097BD30178152927D0552940F0A5807C
:2093000036F0110540F0A1808578002D40F09D80C578002D40F099800579002D40F09580A6
:209320004579002D40F091808579002D40F08D80457A002D40F08980082AC0F08680BB7958
:20934000F879082140EA03200FE036F011057CD18578002D79D1C578002D76D14579002D9E
:2093600073D1042A71D3F87804214018811C8A426BD3395C01F03F01312903D0332918BF7D
:20938000342933D1C419611C0D7843199B1A13F1020F5AD1385CDFF85C8006F0010600F008
:2093A0003F00312836D0332826D034281ED10E2D1CD12779A07907F00707032F45D830F01E
:2093C000020118BF032840D107B901274446277100B1A071002E35D03846FFF757FE002887
:2093E00008BF67712ED00D20BDE8F0810320BDE8F081C04654EF00080878022825D14F789C
:209400001FBB897831F001001FD1654801F00101016017E008780E2817D1CD7835F01D0042
:2094200013D1680906D3280904D2FFF780FD60B125F010054446E07905F0180500F0E7007D
:209440000543E5710020BDE8F0810B20BDE8F08154480068704701F074BC30B5514C002178
:209460000C22ADF1440D204603F07AFA01F010FD01204FF47C3120714023607101AA022061
:20948000A07100200090032000F07CFCC8B901A8FFF7E0FDA8B19DF809509DF808109DF8FA
:2094A00011009DF80A309DF80B2041EA052110F0030041EA034141EA026121601CBF2071CE
:2094C000607111B030BD3748C01D017801F0E70101707047F0B516461D460746332E05D050
:2094E000312E18BF342E07D1102400E004241FB18C4298BF032D01D90020F0BD002122466B
:2095000003F02EFAA01E3E70012D787025D02548312E1BD0332E0ED0022D07D0032D14BFBA
:209520000179417939718179B97122E00121022039710146F8E7002D18BF032D19D1184895
:209540000068002100B1012108460EE0002D18BF032D0ED1C01D00780AE0312E07D0332E8A
:209560001CBF0321081CE3D10120F87001E0182038712046F0BD10B50A4CE079000938BF42
:2095800000200BD3FFF7C2FCE079400905D3FFF7CEFCE07900F0E700E071012010BDC0466A
:2095A0005CEF000854EF000800B501F013F8002100B90121B348016000BD00B5012003F07E
:2095C00009F9002000F0C2FF322002F08BFE012000F0C7FF00BD00B5002000F0C2FF32207F
:2095E00002F080FE01206421322203F0A5F800BDF0B50446A448026B476B91007F1C01EBA2
:20960000C201014401F1380108BF01279F4A1568036852682E06002543EA164302F0FF02CB
:2096200006790D6043EA02434C6043EA06638B600F60016B4763491C01F007010163F0BDAB
:2096400030B5914C0D462060401E0728E5611FD8DFE800F03D3A422F2C042923FFF7A4FFF7
:20966000002000F07EFF322002F03CFEA089362834D0A089352802D0A089372802D1012080
:2096800000F064FF01206421322203F055F825E0FFF793FF0020206023E0FFF78EFF00206A
:2096A000012120710DE0FFF788FF1AE0FFF785FF14E0FFF782FF0020207105F5FA71216116
:2096C000014601F0C9FB0CE005F1320008E0FFF76BFF002000F087FFFFF77DFF05F5FA60D6
:2096E00020612846FFF784FF30BD10B5044600F071FF002818BF00200BD163494C61002032
:209700008861486A401C486201202146FFF798FF012010BD5C4B00221A7199810146596136
:209720009A61186A401C18620120FFF789BF411A4FF0000058BF0120704700B500F04AFF00
:20974000504920B10846006820B1012000BD084601210160002000BDF8B54B4D044628686D
:2097600030B16869A969201A814238BFA8616C612868401E072879D8DFE800F05149413625
:209780002D170F0400202860EC61E86A0226401CE8622046FFF72CFF69E029692046FFF79F
:2097A000C6FF002862D001205DE0FFF7C6FF80B929692046FFF7BBFF002857D02879401C44
:2097C0002871287903284BD308202146FFF738FFD8E7072047E0FFF7B0FF002842D12869CC
:2097E000201A43D406203EE02869201A3ED400202860EC61A86A0126401CA862C9E7FFF7BD
:209800009CFF00282ED12869201A29D52EE0FFF794FF38BB2869201A28D4032023E0FFF750
:209820008CFFF8B92869201A1AD500F0ECFE07469648006800F00F010020032908BF012091
:20984000384313D10420694600F073F977B928B9BDF8000040F28A21814207D3022002E036
:20986000052000E004202146FFF7EAFE00263046F8BD01700A0A42700A0C8270090EC170A2
:209880007047C0460CF2000804F2000838BCF7FFDFF8FCC12DE9F04F81464FF0080E4FF0D9
:2098A0000008ADF1600D5CF80C7F57B3DCF804B0DCF808A0DCF80000874222D14646B100DB
:2098C00001EB0D0201EB0D032032403369440AE000EB0D052D6A41F80449684442F80459D8
:2098E000006C43F804092EB1761EB00050F80D403D1BEDD40F60C2F800B0C3F800A008F1B6
:209900000108BEF1010ECED1B8F1000F12D04B46474610AE08AD1C1D55F8041B1846FFF7BD
:20992000A8FF56F8041B2046FFF7A3FF083308347F1EF1D15FFA88F018B0BDE8F08FB0B51D
:20994000071C01D0802901D00020B0BD024600218020401E02F8011BFBD152214420397043
:209960000124787058253C714D22BD704B4BFA70186878711879B871998949483972091278
:2099800079720168434DB972426807F10C002968FA72FFF76EFF296A07F11000FFF769FFB1
:2099A000196907F11400FFF764FF596907F11800FFF75FFF996907F11C00FFF75AFFD969F3
:2099C00007F12000FFF755FF196A07F12400FFF750FF596A07F12800FFF74BFF996A07F123
:2099E0002C00FFF746FFD96A07F13000FFF741FF294B196807F13400FFF73BFFD96807F1D5
:209A00003800FFF736FF196907F13C00FFF731FF07F14000FFF73CFF01462046F971B0BD1A
:209A20001E480168002001B10120704790B51B4CA081FFF7C2FD002222601648A26004F132
:209A40001001227120300A600068606122636263A261E061226262620827A2622831E262D9
:209A60007F1E41F80C2BFBD1FFF7C2FD90BD00B5FFF7A3FD094A002010600649906020314D
:209A800010710868D061FFF7B3FD00BD280100FB30F2000810FCFFFF088CF7FF04F2000861
:209AA00038BCF7FFB1490A68920AFCD340F08060C8620868400AFCD3086BC0B27047AC4991
:209AC000002008607047AA49086810B9A948006808B10020704701200860704710B5A34C3E
:209AE000A54B2268104218BF002005D11A68521AB2F57A7FF5D3022010BD30B50C46054606
:209B000011464FF40070FFF7E9FF2A4680B9974D4FF48070EA62FFF7E1FF48B9296B286856
:209B20002160400903D310210120296030BD002030BDF8B584460F1C07D0BCF1070F04D898
:209B400000243C80FFF7BFFF08B90120F8BD8A488A4D06686946324628467F38FFF7CDFFB5
:209B600088B928466946324640EA0C10FFF7C5FF48B9009D824869463246FFF7BEFF05F0D8
:209B80000301090208B1044604E0009800F0FF0001433980FFF793FF2046F8BDF0B5C74CF0
:209BA00017460E4605463C4302E0012002F09AFB02F0C5FF2046FFF775FF3846FFF772FF35
:209BC00028408642F1D1F0BD6B4A00B5126840F08060FFF792FF10B1664A0121116000BDAA
:209BE0002DE9F841644CDFF8DC8227680E46054602F0A5FFB2486946FFF7E6FFA0B94FF44D
:209C00007E006946FFF7E0FF70B99DF800002840864208BF002007D02068C01B8045E7D8AF
:209C2000544A012102201160BDE8F8812DE9F84306461C4690460D460120032E1CBF022E2E
:209C400000204B490F688146002F2AD049480068002826D1089820BBA80C22D1B4F5805F27
:209C60001FD86019B0F5802F1BD8B9F1000F0CD1BCB9202E04D140F6FF70284211D113E01B
:209C8000062E11D0042E0CD10EE0B8F1000F08D03CB1022E08D105F0FF002018B0F5807F5C
:209CA00002D90120BDE8F88301200021FFF798FF002859D1B9F1000F01D1202E02D14FF07C
:209CC000805700E0002746EA0700694640F47E00FFF77AFF002847D1002F39D04FF0100CCC
:209CE0000027022F02D3B9F1000F02D04FF0805000E0002025FA0CF101F0FF010843694696
:209D000040F47E00FFF760FF70BB7F1CACF1080C032FE6D3E4B127460025681C84428CBF1E
:209D20004FF080500020022E14BF002118F80510084340F47E006946FFF746FFA0B9032E3A
:209D400004BF9DF8000008F805006D1C7F1EE4D1062E04BF0320022104D0042E0CBF03209A
:209D600001200021FFF73CFFBDE8F88310F8F7FFACF30008B0F3000810FCFFFF8000051160
:209D8000000005012DE9F0430D460746FFF79BFE94461C46002808BF012000F08C8007985E
:209DA0005F494FF001093E464FF0000809FA00F0030483F47F03B01E03F47F0353D0401E2C
:209DC00030D0C01E27D01A3806D0A7381ED0113818BF4FF003086BD147EA030040F08050DF
:209DE000FFF760FE10264446022C34BF4FF08050404625FA06F101F0FF0108431843FFF7F6
:209E000051FE641C083E032CEED34CE043F0C700FFF748FE47E043F00600FFF743FE022022
:209E2000014642E00846401C1843FFF73BFE0327102625FA06F000F0FF00184340F08050C6
:209E4000FFF730FE083E7F1EF3D18CB3641E0CBF40464FF080501843FFF724FE0CF8010B93
:209E6000002CF3D124E008461843FFF71BFE0327102625FA06F000F0FF00184340F0805077
:209E8000FFF710FE083E7F1EF3D164B1641E0CBF41464FF080511CF8010B19430843FFF761
:209EA00001FE002CF2D1484641461A46FFF776FEFFF705FE4046BDE8F083C0460500001023
:209EC0000500FE1080841E0070B5164E40F6036101200325A6F114040A4620603046656027
:209EE00002F07CFE40F2016130460A46001D02F075FE0D48A064E564042020630B482065F9
:209F00000B484FF0807100250A46606530461038E56002F063FE074805600748056070BD99
:209F20000200001014F8F7FF000002020803010108240001ACF30008B0F30008C64BF0B5C7
:209F400040F28442044602FB04F0185800250E4668B1B7685FB1204601F0F1F9874206D1BC
:209F6000204601F0F3F97168814208BF01252846F0BDC14940220A6008B12020086070470C
:209F8000BD4A10B56023044610321360FFF7D6FF002818BF012008D1B8480023C0EBC4100D
:209FA00003601846FFF7E5FF184610BD2DE9F041061C0F4649D1002F47D0A74940F28440D7
:209FC00070430858002840D0DFF8B082F401A8F12000251A69682868084336D1304601F026
:209FE000AEF9B860304601F0B1F9786039463046FFF7C6FF48B355F8201CC248396008409A
:20A0000045F8200C39463046FFF798FF48B169682868084305D10120FFF7ABFF0120BDE853
:20A02000F08130463946FFF789FF38B940460021241A914F216040263E6006E039684046F4
:20A04000241A01202160FFF794FF0020BDE8F0812DE9F0410C46064690461146FFF790FFCA
:20A06000214618B330460022F8F7E9FB071C05D1002130460A46F8F798FC07460120FFF77C
:20A0800078FFB84D4FB9F4010121002242F22833601BF8F73DFB071C0BD0F401601B0068FC
:20A0A000400806D330460121F9F744FD0020BDE8F08130464146FFF763FF0028F6D0012616
:20A0C0003FB96E480C38241A206810F0210F08BF00260120FFF74DFF002006B90120BDE8A3
:20A0E000F081664A0968C2EBC01001600120FFF740BFF0B50546ADF1400D0DA9FFF756FFFE
:20A1000010B368460021342202F02AFC4FF40077EC2080218DF8020027228DF80110914C95
:20A120008DF80020914E08972834284669460DAAC4EBC5142660FFF78BFF0DA907462660B5
:20A140002846FFF71DFF08B900201EE0C7B18949894E8748096840F2844202FB0564401889
:20A16000B4F8AA20037810F8011C4FF69F7641EA032106EA020001F060010143A4F8AA1042
:20A1800028460DA9FFF7ADFF384610B0F0BD2DE9F0470F1C8146ADF1400D07D04FF0FF08C7
:20A1A0000DA987F80080FFF701FF08B9002050E068460021342202F0D3FB4F264FF0010A3F
:20A1C000C223B0208DF8056027228DF8063080218DF80200644C8DF80020644D8DF80CA07D
:20A1E000D0268DF801104FF40073C4EBC9148DF8036048460DAA089369462560FFF728FF78
:20A200000DA9064625604846FFF7BAFEF8B1CEB15848574903681E2244460020B539064684
:20A22000C91811F80C3FC22B09D00B78BE2B02D108B94C795046521EF3D118B100E04C7926
:20A240003C70564648460DA9FFF74BFF00E00026304610B0BDE8F08734EC000830B5044683
:20A260000D46FFF78DFE28B120462946FFF739FF012030BD002030BD30FEFFFFECFEFF04FA
:20A28000F0B50646ADF1400D0DA9FFF78FFE002808BF002034D068460021342202F060FB24
:20A2A000364940F284402722802370438DF8002008588DF8013000280CBFE720EA202A4958
:20A2C0002F4DF4010DAA8DF80200641A304669462560FFF7BDFE071C25600AD0E0208DF8EF
:20A2E000020069460DAA25603046FFF7B1FE0746256030460DA9FFF7B1FF00B90027384654
:20A3000010B0F0BDFCFFFFBFF0B50746ADF1400D0DA9FFF74BFE002808BF002020D0684698
:20A320000021342202F01CFBE020802127228DF802000D4C8DF80110114D8DF80020C4EB8B
:20A34000C714384669460DAA2560FFF781FE06460DA938462560FFF781FF00B90026304674
:20A3600010B0F0BDC8FEFF04F0FEFF0403000040BB160100E4ED00085CE90008D0EB0008B8
:20A3800001000040014610B508291CD3082915D0092913D00A2918BF0B291AD1A848021FEB
:20A3A00014680939012303FA01F2224202D01A46001D8A40114602F011FC10BDC44AC81F36
:20A3C0000146104600E0C348036801228A405A40026010BD082810B517D308280AD00928BA
:20A3E00008D00A2818BF0B2819D1A0F1090394480C3802E0C31FB6480838012401FA03F28B
:20A4000004FA03F102F0EAFB10BDB24C012301FA00F203FA00F1A4F1080002F0E5FB10BD6D
:20A42000B0B508280F4625D3082812D0092810D00A2818BF0B2837D1814D0938012400227D
:20A440008440214628460C3002F0C8FB28460C380BE09F4DC01F012400228440214628462A
:20A46000103002F0BBFB284608382146002202F0B5FBB0BD974D01248440002228462146EA
:20A48000103002F0B1FB002228462146083802F0ABFB214628460A46303802F0A5FB2C3D87
:20A4A000AC602C6107B12C60B0BD0021FFF7B8BF70470246082A12D3082A0DD0092A0BD091
:20A4C0000A2A18BF0B2A10D1A2F10900012202FA00F1AE480A4606E07D48D21F00E07D4828
:20A4E00001219140002202F079BB70470246082A0DD3082A08D0092A06D00A2A18BF0B2ABD
:20A500000BD14F48093A03E07148D21F00E07148012191400A4602F061BB704770B59F4D46
:20A5200006460024382E2C6003D02046FFF7C1FF02E02046FFF7DAFF964801210A4602F071
:20A5400053FB382E18BF01242C6070BD9349096831B110B90020FFF7ACBF0020FFF7C6BF7E
:20A56000704710B90320FFF7A4BF0320FFF7BEBF002100B901210846FFF7F3BF014610B54B
:20A5800008291DD3082916D0092914D00A2918BF0B290ED17E4A1468A1F10900012101FA54
:20A5A00000F3234207BF5268181C926801FA00F00AE000210AE07A4AC81F0146104600E08D
:20A5C000784802680120884000EA0201002001B1012010BD00B50220FFF7D0FF002100B945
:20A5E0000121084600BD10B90B20FFF762BF0B20FFF77CBF00B50120FFF7C0FF002100B962
:20A600000121084600BD00B50520FFF7B7FF002100B90121084600BD62481838026850F8D4
:20A62000101C11400160704700B50420FFF7A6FF002100B10121084600BD01207047C04634
:20A6400024F8F7FFF0B5574F0120FF25A7F13804206052486561002606604FF6FF702062E2
:20A660001C48C8210A4602F0BFFA262138463246E5642C3802F0B8FAC820606314480621D6
:20A680000A4602F0ABFA464C06210A462046143002F0A4FA062120460A46001F02F09EFA0A
:20A6A000062120463246083802F098FA3E4C04213246204602F092FA0421204632460C3087
:20A6C00002F08CFA324804210A4602F087FAF0BD48E5F7FF3CBCF7FF3449354B2E4A00204D
:20A6E000411A0968C01A0068126801F00601C90100F0060040021143084370472B492C489A
:20A700002C4B0022091F511A0968001F121A10681A6801F00601C90100F006004002114309
:20A72000084370472148204A00211C305242081A891A02680868D101400281F4407180F4F6
:20A74000406001F4407100F44060084340F0FF007047164916480F4B002210B51831511A3C
:20A760000C681830121A10681968E201400282F4407280F4406002F4407200F4406081F0EA
:20A78000FF0101F0FF010A43104310BD28F8F7FF18F8F7FF34BCF7FF4CBCF7FFE0ED000886
:20A7A00044E5F7FF38BCF7FF14F8F7FFA81A0800D007080050BCF7FF504910B50020C8603D
:20A7C000088001244C804E49212001F0DBFA4D49204601F0EEFA4C49812001F0EAFA10BDB5
:20A7E000D3484A4AD14900681288002309180120FAF7FCBE428841490020891C0A80704724
:20A8000041883E4A00201180704710B50446404801F0CCFAC648C549E28800680918002002
:20A82000FBF72FF9002010BD70B5C14C334DBF4A2668AB7802F1400189190B706B882468D5
:20A8400041321B121355C288022AA8BF02228020FBF717F9002070BD00B5284AB44BB349DE
:20A8600012881B6840311212C9180A70C288022AA8BF02228020FBF704F9002000BD024616
:20A88000B0B5AB4851880F120068C64900247F1E0BD0BF1E12D1602592230D5409184B701C
:20A8A000D288022AA8BF022204E0D288092AA8BF092209188020FBF7E4F800E0012420468A
:20A8C000B0BD4178491E15D0491E11D0491E0DD0891F09D0491E05D0491E18BF01200BD182
:20A8E000FFF788BFFFF78CBFFFF78FBFFFF79CBFFFF7B2BFFFF7C3BF7047C04674FB000832
:20A90000C3A8000885AB000893AB0008ECF9000895AB00082DE9F8478246854CA24E834868
:20A920002768DFF890C2DFF87C92DFF88082A24BB168C01902780025521E0B2A00F2858087
:20A94000DFE812F07B0060004E002A000C0083001A018300F800BA0098008500002900F0C6
:20A960000E814146C91911F802EC11F8032C11F801CC0F788E784878CC780B7942EA0E2269
:20A9800042EA0C4240EA062042EA076640EA044040EA03603060F2E0002900F0F0804146E7
:20A9A000C91911F8027C11F8033C11F8016C0A7843EA0723042743EA064343EA02631E68DE
:20A9C00081F83C7080F8415080F84250330A80F84350320C80F84450310E80F84560B9E0B8
:20A9E000002900F0CC802946009506200A461346FFF7C8F92946C7202A462B460091FFF7AA
:20AA0000C1F9BCE0BAF1000F0BD1294680200A461346FAF7EBFD664C2068C068400808D235
:20AA2000B168002900F0AB80FBF76EF802F0E2F8A5E0012001F028FDEEE7002900F09F80CC
:20AA40006046C05D7060358099E0012597E0DB19187813F8014C2E46012744EA002407FACD
:20AA600006F0044202D03046FFF71FFD761C0C2EF5D384E0DB191A7813F8014C9978587889
:20AA80002E46012744EA022440EA012807FA06F004420DD018EA000F03D13046FFF709FD02
:20AAA00002E03046FFF722FD30463946FFF792FC761C0C2EEAD362E02E462F463846FFF788
:20AAC0005DFDB8407F1C06430C2FF7D3FFF741FE0746FFF727FE226849460A238B542268EF
:20AAE000414601F13D0398542268000A01F13E039854206801F13F031F5420683A0A01F111
:20AB000040031A54206801F141073E5422684746300A07F142039854216807F14306755423
:20AB2000216807F144035D541AE0C04624360100E4ED0008092180F840102B4680F841301C
:20AB400080F8423080F8433080F844300B2280F84530012180F8463080F8472080F848105B
:20AB6000BAF1000F0BD02068494609222B4609188120FAF73BFD02E06046C05DB06028467F
:20AB8000BDE8F88700B50120FFF7C4FEFFF728FE00BD7047094800780B2802D00020FFF78F
:20ABA000B9BE70476436010078FB00082836010068FA00082536010026360100A9F9000825
:20ABC000B24AC10001EB4011521860B9506828B1107800280CBF0422022200E00622BA4898
:20ABE000062101F0FBBF506828B1107800280CBF4022802200E0C022B448C02101F0EEBF36
:20AC00000246A24890B5D10001EB4211401887691FB1017B012940F08780017B02296DD0D4
:20AC2000076A1FB10023036201274762012953D0877D07BB477DAFB9077D37B901694160BC
:20AC400087680021002F2CD00AE0017D491E01754768002107B9012141608768002107B357
:20AC600001211EE0417D491E41754768002307B90123012114E0817D491E2BD0491E25D051
:20AC8000491E1CD0491E11D0491E0CD1077D0FB3017D491E01754768002307B9012300215D
:20ACA000436001703CE00024012111E0002101704160C17D491C4B000521037504E0042165
:20ACC0000124002304704360817529E0012403212346F7E70221F3E707785FB1032F06D0F2
:20ACE000012F1CBF0021012306D1022103E001210B4601E003210023017010E0077D3FB9AF
:20AD00000021C7690173DFB1C1610121016290BD017D491E01754768002307B90123436036
:20AD20001046FFF74DFF90BD0021816181750227077341750122C2611424047501624162DF
:20AD400090BD994900B5087C022806D00878401CC0B2052838BF087006D300200870FFF73A
:20AD60004FFF0120FFF74CFF00BD01460020022938BF0120704700B50246FFF7F6FF40B12C
:20AD80004249D000002300EB42100918486A4B6200BD002000BD00B50246FFF7E6FF40B115
:20ADA0003A49D000012300EB421009180B6108224A7500BD00B50246FFF7D7FF60B1334956
:20ADC000D000142300EB421009180B7502220A7301230B610023CB6100BD00B50246FFF75E
:20ADE000C4FF40B12949D000012300EB421009180B6106220A7500BD00B50A460346FFF7C7
:20AE0000B4FF114668B106290BD8204AD80000EB4310012312189375D17500239361136255
:20AE2000536200BD00B50A460346FFF79EFF114640B1002201B101225B49D80000EB4310C6
:20AE400014310A5000BD002100B10121564A0846107482F838007047B0B503460F46FFF7CE
:20AE600084FF394680B1002001B101204F4C30B1D9002246012501EB431108325550D900D1
:20AE8000224601EB43115050B0BDC04604EF00080E48C021F0B50A4601F0A0FE0A480621C8
:20AEA0000A4601F09BFE424DC02128460A46183001F094FE3F4C062120460A46183001F01E
:20AEC0008DFEC02104E0C04648E5F7FF3CBCF7FF28460A4601F082FE062120460A4601F00E
:20AEE0007DFE062100222046001F01F077FE2E4D00242746A5F1240606F8284F7460B4607A
:20AF00003473346134757475B475F475B461F461346238467462FFF753FE7F1C022FEBD3AC
:20AF20002C70F0BD00B50246FFF71FFF68B11F49D00000EB4210091D0A181178012002290C
:20AF400004D0D16811B9516901B9002000BD1749091D0A780020012A04D191F828100129B6
:20AF600008BF01207047022808D21349C200012302EB401009188B6100224A6270470228F3
:20AF800011D20A49C20002EB401008390022091801F10C038A7518698A6108B11A701A72BD
:20AFA0001A615A619A61704700EF00080CEF000834BCF7FF40E5F7FF04EF000890B51F4609
:20AFC0000B46114600B90FB9002090BDA14A02EB80021468012C07D10A461946FCF717FE49
:20AFE00002460B46012007E01068022808BF181CF6D000200023024687E80C0090BD30B515
:20B0000000220446F7F71BFC88B9002120460A46F7F7CBFC58B9904DE4010121002247F2A2
:20B020003053A5F11800201AF7F772FB08B1022030BD641B2168002011F0210F18BF012031
:20B0400030BDB0B50446271CADF1340D03D111B1D1F8540208B1002031E08D8843F2C8740D
:20B06000AC4203D047F28C30A8421DD168460021342201F075FC802327208DF80130EF220A
:20B080008DF8000069468DF80220072338468DF80330FFF7B4FF48B9AC4205D13846F7F79B
:20B0A0009FFE002150B908E0012008E047F28C320021AA4202D1012800D1012108460DB0DA
:20B0C000B0BD002812BF0020A44951F82000704730B558B95F4982000024A14B9F4D8C50E5
:20B0E000D158AC50491CD150FCF7BAF930BD10B5B1F8A430B1F8AA2004464FF6FF71ADF1C0
:20B10000340D994227D0580825D3914201D050081ED268460021342201F022FC80238DF87C
:20B120000130B0228DF8022027208DF800006946D8234F228DF8033020468DF80520C223D1
:20B140008DF80630FFF75BFF10B1401E03D005E00120014604E00021012001E0002108462F
:20B160007E4A0DB042F8241010BD30B50024C1F8C0420546A1F8CC42FFF7B9FF18B1354865
:20B18000012440F82540204630BDF0B5764A754E01F5207301F50B7C282701F504741CF89B
:20B1A000015B7F1E86EA050602FB06F6F7D1142714F8015B7F1E86EA050602FB06F6F7D1DE
:20B1C000082713F8014B7F1E86EA040602FB06F6F7D1624C8700241D3D192D1D2B6813B1A4
:20B1E000E25996420BD0FCF7B7FC18B9002101202960F0BD012802D1E65101202860002076
:20B20000F0BD30B50C4605463422ADF1340D0021684601F0A5FB272080228DF80000D4F830
:20B2200074128DF80120002928460CBF402142218DF8021001248DF80C4040218DF8071032
:20B240006946FFF7DCFE002100B9214608460DB030BDC04634F30008E0FEFF04F0B5061C59
:20B260000F4662D1FFF734FF002F5ED0D7F8540200285AD107F5207090E83000002D08BF20
:20B28000002C52D0D7F8A40200284ED007F5207003C807F51E7282E80300B7F800014FF660
:20B2A000FF74844201D0C00806D230463946FCF7C3FC022806D050B930463946FFF765FFE5
:20B2C000002832D030463946FFF74FFFF0BD01282BD1B7F80001844227D010F0060F24D1C2
:20B2E000D7F8540208BB07F5207090E83000002D08BF002C19D0D7F8A402B0B1304639465E
:20B30000FFF77FFF88B107F5207003C807F51E7282E8030030463946FFF7E9FE28B1134A28
:20B320000221012042F82610F0BD0020F0BD28B90A49002201EB80004260826070470028BA
:20B3400012BF0020094951F820007047002812BF0020034951F820007047C0463CF30008C8
:20B3600038F30008C59D1C819301000134F300080B460146184661B10B783B2B09D189780B
:20B38000532907D03B2B04D14D2902D1B0F5047F00D11046704740B101783B2905D1807834
:20B3A000532814BF4D281E4800D0C948C74909684018704710B5CC4C00210A46081B4368D7
:20B3C0000068184318BF002004D1521C01F18001F4D0012010BD10B5401E491E11F8013F78
:20B3E00010F8014FA34218BF002002D1521EF5D1012010BD30B5782256230A7034244B709D
:20B40000001D8C7012220423CA7010F8012B03F003040D5D5B1C52190A551A0AF5D030BDCF
:20B42000102601002DE9F0430646A848A84C0068171CADF5FE7DADF1240D044400F0AB8072
:20B440000025002E3D6000F0A680B1F58C7F40F0A280FFF7D8F8002840F0EC80FFF7AAFFBA
:20B46000002800F0E78001A831464FF48C7201F097FA9E480DF103060821814600F10F028B
:20B4800012F8010F16F8013F984240F08480491EF6D19DF8100001287DD89DF81100002817
:20B4A00079D10DF111020A2012F8011F302972DB3A2970DA401EF7D1FFF7A5F8002840F079
:20B4C000B980FFF777FF002800F0B480A84603204FF4783122464FF48053CDF80080FEF7C6
:20B4E00051FC002840F0F0809DF80D209DF80C609DF80E009DF80F10651E46EA02264FF4FF
:20B50000805246EA00464FF0FF3046EA016615F8013F0821584043082CBF754B4346491EEA
:20B5200083EA5000F7D1521EF1D1C043864232D107A920464FF48072FFF74DFF00282AD0D7
:20B54000611E4FF4807011F8012FFF2A03D1401EF9D1012500E04546204687A9FFF74AFF75
:20B56000ADB9204687A90422FFF735FF98B19DF8100080B904F108000DF112010A22FFF728
:20B580002AFF014604F1080000293FD0A6E09DF81000012801D00B20A1E0204641464FF405
:20B5A000807201F0DDF9062604F1120049460822267101F0F5F904F11A0009F1180110221C
:20B5C00001F0EEF901225A2084F830201A2384F876004946082284F8773004F17A0084F834
:20B5E000786001F0DDF904F1820009F11801102201F0D6F904F19C0009F10801082201F081
:20B60000CFF9382104F1080084F8A4100DF112010A2201F0C5F9204687A9FFF7EBFE204615
:20B62000042287A901F0BCF9FEF7EDFF10B9FFF7C1FE08B90A2052E0012038609DB94146FC
:20B64000CDF8008006200A461346FEF79BFB00283AD1424620204FF4783143460092FEF754
:20B6600091FB002830D147463E4613E000970620414642464346FEF785FB28BB06F57831C0
:20B68000A219009702204FF48073FEF77BFBD8B906F58076002D14BF4FF480704FF48050CD
:20B6A000B042E3D8454605F578310097032047AA4FF48073FEF766FB30B9611947A84FF4E3
:20B6C0008072FFF788FE28B90D2008E0E4ED00081016010005F58075280BE4D040467FB07B
:20B6E00009B0BDE8F083C046CCFEFF04F8CF00082083B8EDA5480068704710B5401E491EF9
:20B7000011F8013F10F8014FA34218BF002002D1521EF5D1012010BD00B5FEF774FFC0B91F
:20B72000FEF77EF9A8B9FDF7A5F990B99849D1F8D80270B99748026812F00F0F09D1026906
:20B74000C068104305D101F58861102251F8040F08B1002000BD521EF8D1012000BDF0B5D9
:20B7600004468E488C4D00680026ADF5827D4FF478314FF480532D1800962A460320FEF73C
:20B7800055FA002840F08A8004F1100128464FF48072FFF7B2FFF8B16F1E4FF480524FF01E
:20B7A000FF3117F8013F082059404B082CBF7C4B331C401E83EA5101F7D1521EF1D1677AFD
:20B7C000207AA37AE27AC94340EA072040EA034040EA0260884201D00B2066E0FFF79CFF63
:20B7E00040B304F5887128464FF48072FFF785FF04F58871002857D128464FF4807201F071
:20B80000CFF8624934460120324633460860062031460094FEF70AFA00283FD1FFF77CFFEF
:20B8200050B931460420324633460091FEF7FEF9002833D10E2038E0009420204FF47831C4
:20B8400032463346FEF7F2F940BB374600940620314632463346FEF7E9F9F8B907F5783150
:20B86000EA19009402204FF48073FEF7DFF9A8B907F58077380BE9D0374604F57831009706
:20B88000032001AA4FF48073FEF7D0F930B9291901A84FF48072FFF730FF08B90D2004E0E6
:20B8A00004F58074200BE8D0304641B0F0BD2DE9F841051C17460E4646D03A4C0A2204F1C6
:20B8C0000C01FFF71AFF18B1002E08BF00205BD004F1180128460A22FFF70FFF002833D06C
:20B8E000B6F5047F30D1002F2ED0211D38460822FFF703FF002827D0387B28BB787B18BB93
:20B90000B87B08BBF87BF8B9216807F58870FF220023844600911CF8011B042B01EA0202A3
:20B9200005D36D4603F003042E5D891929555B1C190AF0D0FF2A4FF0000604D06946042266
:20B94000FFF7DBFE18B916B90B20BDE8F8810F480068002818BF0E2016D1DFF84C80134D59
:20B9600040462C682861FFF7D7FE0E2608EA040440B1FEF7A8F828B13846FFF7F0FE06461E
:20B98000FEF79DF82C603046BDE8F88100F200085CE90008280100FB10160100E4ED000892
:20B9A0002083B8ED20D000086000200030FEFFFF4170091201707047B0B504AF3D780C4688
:20B9C000114622460446A018FFF7F2FFA4186021C570022D817007D0E371180E20711F0C20
:20B9E0006771190AA17104E0241D99B22046FFF7DFFFA818001DB0BD2DE9FC4F071C154667
:20BA000000F0A980002D40F0A680202B00F0A180212B21D00D2B40F09E801029C0F09B8067
:20BA20000021102200F09CFF0024BC703C717C714325BD710226FE710D2038700C23FB70A2
:20BA4000FDF7E4FA0121F972BC723D737E737872FF23FB731021DFE074297CD300217422AB
:20BA600000F07EFFBE1C70212120F97000223870134601961C4604213846347002268DF834
:20BA80000060FFF799FF8046284600F019FADFF890A140F2844B4FF47A7901240646012CA4
:20BAA00029D0052C27D0062C25D0022C0FD0082C07D00A2C12BF00230BFB05F01AF80030BF
:20BAC0002EE0FDF73DFA002300B1012328E00AF11D000BFB050090E80C00002B08BFB2F1F1
:20BAE000FF3F05D8B2FBF9F04002B0FBF9F317E04FF0FF3314E0E6B1012C01D1F368C3B1FB
:20BB0000052C01D17369A3B1062C01D1336983B1012C08BF336803D0052C0CBFB3687368CA
:20BB20000420A2B28DF8000041463846FFF744FF8046641C0D2CB2D9B8F1720F08BF4FF090
:20BB40007408A8F1040081B20198FFF731FF404661E0382901D200215EE00021382200F015
:20BB6000FFFE0026342502242020BE703246FD7004213870134638468DF80040FFF71CFF56
:20BB80008046FDF765FC0425034601228DF8005041463846FFF710FF01468DF80050224692
:20BBA00033463846FFF708FF8046FEF713FD334600B10123032238468DF800404146FFF793
:20BBC000FBFE01468DF800402A4601233846FFF7F3FE804600F0FCFC3546382803D1FEF715
:20BBE00023FD00B901252B468DF80040384641460522FFF7E1FE01468DF8004006220723B1
:20BC00003846FFF7D9FE01468DF800401A4638463346FFF7D1FE01460846BDE8FC8FC046E6
:20BC2000BFEB00088F4800B50068052808D10020F9F7E3FB8020F9F7E0FB0020F9F77CFC77
:20BC400000BD10B5874C103CB4F8720040B194F86C0020F07F00802814BF0220012000E00F
:20BC600003202061FBF781FB08B105202061FFF7D9FF10BD10B57B4C216801290AD0032973
:20BC800006D1B4F8480008B1F9F7B1FB00200EE005200CE08268002A08DDC16843689942BD
:20BCA00004D101688020F9F729FF01E004202060FFF7B8FF10BD90B56A4C2168022906D00A
:20BCC000042902D00520206012E00020FBE78268002A03DDC1684368994205D063490F6831
:20BCE00007B1B8470320EEE701680020F9F706FFFFF798FF90BD70B55C4C064604251C3CA3
:20BD000054F8040F20B10146304688476D1EF7D170BD574B024600B50846110A38BF1033A5
:20BD2000920022F400729958884700BD10B5504C022004F108018B6A0A6B0B60401E0A614D
:20BD400001F10401F7D14B4901200860F9F7BCFF54342068804710BD10B5454C022004F14B
:20BD600008018B690A6A0B60401E0A6101F10401F7D1404900200860F9F7A6FF50342068AD
:20BD8000804710BD3C4A1368042B28BF01200CD202EB83035966116800F07F00511881F8FD
:20BDA000740011680020491C116070472F49086070472F4A030A38BF1032800020F400708F
:20BDC000115070472A49543108607047284A030A34BF3832303220F0800080000838115045
:20BDE000704725490A1D1268042A28BF012006D201EB820290644A680020521C4A6070476A
:20BE00001B49503108607047020A34BF184A1A4A20F080008000083828321150704712483D
:20BE200010B500214FF40E7200F09AFD124C0021702204F1080000F093FD10491248104A37
:20BE4000A16100680F49A26000F586300860FBF7BBFA00F027FE0D480D490E4AF9F7FEFC62
:20BE600010BDC0464CF900083CF90008E4FB00088CFB00086CF9000884FB0008B7BC000880
:20BE800075BC000864F80008E4ED000843BC000813BD0008F7BC000890B5071C0FD18B4C73
:20BEA0006422002102FB0740183000F059FDF8000021182200EB0710201800F051FD90BDF1
:20BEC000002818BF002004D1804AC10001EB00101018704730B97D496422183102FB00107D
:20BEE000016E01B9002070474178007840EA012080B270472DE9F0475FEA00080F46ADF14C
:20BF0000180D6CD1002F6AD068460021182200F027FD04224FF0010CBB5CD0194478801C6F
:20BF2000FFF7E2FFE10828BF142103D261082CBF0C21042144EA030550EA050642D081425A
:20BF40004DD88118B1F5FE7F49D80A2B35D30C2B33D814F0050F30D1042840D908283ED8BC
:20BF600000240A2B08BF0DF10C0E05D00B2B0CBF0DF1100E0DF1140E0A2B08BFE94605D077
:20BF80000B2B0CBF0DF104090DF10809DEF800602EBBBB18061F254693F804A0E900761E58
:20BFA00003F1010305F101050AFA01F141EA0404F2D1C9F80040CEF800C08218101DB0F5AE
:20BFC000FE7FA9D941496F461CCF4FEAC80000EB081009181CC197E80D0081E80D0006B07E
:20BFE000BDE8F0872DE9F04306460C4691461046984600211A4600F0B3FC042533465E5DB6
:20C00000E8184278801CFFF76FFFD10828BF142103D251082CBF0C21042181421CD8B0F5AA
:20C02000FE7F19D24719B7F5FE7F15D2B4420FD112F0050F0CD1421A904538BF424649194D
:20C0400048465B18194600F0ABFC0120BDE8F0834519B5F5FE7FD2D30020BDE8F08370B529
:20C06000061C0D46ADF1640D2DD1002D2BD068460021642200F074FC284606216A462023D9
:20C08000FFF7B0FF0024A0B108AA284631212023FFF7A8FF68B110AA284605211023FFF7A4
:20C0A000A1FF30B114AA284635211023FFF79AFF00B944B10648012164221891694602FBC2
:20C0C000060000F06DFC19B070BDC0469CF20008B4F20008411A4FF0000058BF0120704738
:20C0E00001467D4801700020FEF786BE10B504460020FEF744FF002C0CBF00200720774905
:20C10000086010BDF0B5754C164622680F460546002E40F095803AB1072A05D06169FFF7DA
:20C12000D9FF002840F08F80101C7DD0401E6ED0401E6AD0401E59D0401E4CD0401E26D0BE
:20C14000401E01D0F7B181E00020FEF714FE00287CD0207A60B1012804D006280CD100F069
:20C1600049FD0EE00220FCF7E8FFF6F7C2FA02E00120FCF7E2FF207A012802D8A561032049
:20C1800060600FB9002059E00722104656E0E1680A461FB12846FFF79DFF78B128461146B2
:20C1A000FFF798FF002851D0207A06282EBF0020401CC0B2FFF794FF03203FE041F2883050
:20C1C0004EF6602140192061491961610020FEF7CAFE0622D9E73FB121692846FFF77AFF80
:20C1E000002833D001202FE0052027E0002F2DD041F2883105F57A734EF660204919E36050
:20C200000422216140196061BFE7FFB9D4E74FB121692846FFF75EFFC0B10020FFF760FF12
:20C2200002200BE000200FE087B141F288304EF6602140192061491961610120206005E076
:20C2400022B1072A02D03846FFF750FF206A30B1E1692846FFF73EFF08B1002020626268CA
:20C26000002A2CD0022A25D0A1692846FFF732FF28B3012A16D0032A0BD0042A1FD10020A6
:20C280006060F9F78BFC05F5FA65E56101202062F0BD6EB9F9F738FC11480568042005F549
:20C2A0007A750AE026B96D1CA56103206060F0BD0220FBE71EB901206D1C6060A561F0BDAF
:20C2C0000649002008604860C860086148618861C86108620872704784EE00087CEE00080C
:20C2E00030FCFFFF10B57349734B0C681A688218904208D91868824205D20868844202D36C
:20C3000018688242F9D318688242FCD810BD70B5694D0E46C300012105F1740201FA00F4B9
:20C32000A3F56C7314601A68800081402846B218001F1A600A465E6000F050FC214628465F
:20C340000A46703000F04AFC70BD10B55B485A4C03684FF47A7104F124020020106059439C
:20C3600042F8040C491E51604FF4FA71FFF7CFFF0120FA21FFF7CBFF02206421FFF7C7FF8A
:20C380004FF4802120460A46703000F027FC022120460A46103800F021FC10BD494A464933
:20C3A00010684FF48023401C106078310B607047404A414910684FF40033401C1060783111
:20C3C0000B60704710B53E4C00212160C4F880103A48616100682161401EA06136484FF4B0
:20C3E00000310A46703000F0F9FB012120460A4600F0F4FBFFF7A9FF10BD334810B500686E
:20C40000FDF729F8F9F772FD304C206818B930490120086003E0FCF76EFD00202060264882
:20C4200004217830016010BD23480221783001607047284870B5016841F21A028A421ED1AB
:20C44000274CA4F11806244A316805468A4202D02248884201D100F0CDFBD5F89C0170B17D
:20C460000720F0602168490E09D3D4F89815C90AFBD2C6F8AC0540F20C40C6F8B0051048B8
:20C4800001218830016070BD10B50E4A0C49136830310C680419A04208D90868844205D285
:20C4A0001068834202D308688442F9D308688442FCD810BD2CF3000810FCFFFFE8ED000883
:20C4C00000FCFFFF30F300080CC700FC4CE90008F0ED00083CF90008401408014214C8008E
:20C4E0007CC100FC2DE9FC43DFF80081404E2A2208F10205311D284600F052FA4FF000093C
:20C5000008F12C0438204FF478314FF480732246A8F800000320CDF80090FDF733FC0028AD
:20C5200054D130680421261D019016F8010B01AA01F00303D75C491CC019D054080AF4D01E
:20C540009DF804002178884240D19DF80500617888423BD19DF80600A178884236D19DF86B
:20C560000700E178884231D104F1080128460A2200F016FA05F10A0004F11201082200F0D5
:20C580000FFA05F1120004F11A01102200F008FA05F1220749460822384600F0E1F921799C
:20C5A00046463846052905D2617919B9A17909B9E17921B104F19C01082200F0F1F994F896
:20C5C000A51094F8A40040EA01203080BDE8FC830648008828B14FF6FF71814218BF012830
:20C5E00000D1372070470148801C704760EF000898CF00082DE9F0413B4F3C483C4C4FF4DA
:20C600000E71002640F28442C7F80C1131460660204600F0A5F9D7F8C0013146400C18BFA6
:20C620000121344D0028A9600CBF4B202820686000F0D4F9FDF748FCFFF7C4FEFEF702F844
:20C640002868EE214FF4A03200F08AF900F056F9F3F745FEFCF77EFCFFF7E1FBFBF733FCE7
:20C66000F8F786FAF6F782FEF9F798FAFCF7EFF900F052FA4FF4001800F061FAF7F734F984
:20C68000D4F8400404EB8000D0F84404F8B1D4F8402404EB82009300D0F83C13C7F81080C8
:20C6A00003EBC200201800F55F708847D4F8400404EB8000C0F84464D4F84004C7F80080D1
:20C6C000401C1028C4F8400428BFC4F84064FCF737FAE8680028CFD0FCF7CCF90028CBD1C8
:20C6E000EE6030BFC8E7C04630FEFFFF10ED00E05CE90008E4ED0008642988BF64213A4A3C
:20C70000C2EB80200268642389B2B2FBF3F25143416070473449091FC1EB80210968002996
:20C720000CBF64210021FFF7E7BF2F4901220831C1EB80200260704730B50346642988BFB1
:20C7400064212A4C2848246810250C3089B26243C0EB832064240560B2FBF4F3C260594304
:20C760000161012540F8045C12240460456030BD64214FF47A62FFF7DFBF0146F0B51C48E5
:20C78000194B46688A0200F10804D11A07682568096876B954F8274085687F1C1E2F076088
:20C7A000A5EB040401FB04F1B1FBF5F40ED101210BE07F1E076054F82740A5EB040401FB24
:20C7C00004F1B1FBF5F401D1002141601B1FD21A1460F0BD044910220C31C1EB802002608A
:20C7E000002101617047C046EC770800E8ED0008FCED000827482849C0F800132749C0F8ED
:20C8000004134FF4E021C0F8241CFF210160704770B5FFF7EFFF224D4FF0FF30A5F14404C9
:20C8200020604FF4B0126060002044F8300C4FF47F0144F82C0C0A2044F8380C284600F0DC
:20C84000CDF9184E4FF47F414FF4A062304600F0C5F94FF47F414FF4A052284600F0BEF9F3
:20C860004FF47F414FF4C0622846001D00F0B6F94FF07F414FF02062304600F0AFF90A4806
:20C8800044F8100C202044F8100C402044F80C0C70BDC04600E100E0E0C0A0806040200080
:20C8A00084FEFFFF94FEFFFF530F600000204FF07D41254B8860254AC3F8E821C860244A68
:20C8C000C3F824228861C861704700214FF07D400161214A42611F4B81611D4A1A60C161B2
:20C8E000704700224FF07D4106230A6019484B60164B8A603C380360CA6070474FF07D41C3
:20C90000002205200A604FF40042486012480A61401E4861FFF7CABF4FF07D40F02141643C
:20C9200000214164006C70474FF07D41086C086470470A480068C0F300107047074800688F
:20C94000C0F340107047C0463CF90008000010C0000014C060FB000806000080400000FD10
:20C96000C0B5844686181CF0030F10D141EA012041EA002326F00302604641EA032382426B
:20C9800005D0121A97107F1E40F8043BFBD1864204D0361A761E00F8011BFBD16046C0BD8C
:20C9A000C0B58E1841EA0002034612F0030F0BD126F003028A4207D0521A971051F8042BAD
:20C9C0007F1E43F8042BF9D18E4206D0761A11F8012B761E03F8012BF9D1C0BD30B5184DCF
:20C9E000154901202C1F2060002008604860042002210A46E0632846383000F0EFF80F48DF
:20CA00004FF080710A466060284600F0E7F80E480C4900684FF4E1334FF4613201FB00302D
:20CA20000721B0FBF2F0A162401E8021E0620A46284600F0D3F830BD4CF30008220002022A
:20CA400004E5F7FF48E80100E8ED000830B58188552902D14188372901D0012030BD017829
:20CA600021F07F02802A4FF0010119D14278702A16D1C088022813D10D480C4D4FF4863413
:20CA8000026829606023A3540A4B016892255D540168022201F586318020F8F7F2FF002128
:20CAA000084630BD04494020FFF76CB94CF90008E4ED0008010C01004DCA00081449B1F121
:20CAC000FF3F12D00868091D78B151F8042B28B111F8013B401E02F8013BF9D1C91C21F08D
:20CAE000030151F8040B0028EFD170474FF00060016881F3088807494FF000600860FFF7E2
:20CB0000DDFF00F059F8FFF783FEFFF773FDC04604CC000808ED00E00E490D4809684843C0
:20CB2000400B40F6FF71401E814238BF081C0A4908600A4B41F8043C1F224A60704706484F
:20CB40004EF21A51083001604AF25C310160704748CA0600E8ED000894FCFFFF1253EDAC2F
:20CB60000A4801684AF6DC428A42416004BF4AF6BA310160001D7047044801684AF6BA322B
:20CB80008A4204BF4AF6DC4101607047F4ED000800BFFDE700BFFDE700BFFDE700BFFDE71C
:20CBA00000BFFDE700BFFDE700BFFDE700BFFDE700BFFDE700BFFDE700204FF4807240F816
:20CBC000300C054940F8302C4FF0FF30086648668866C8660860704740E0FFFF03680A409F
:20CBE0008B431A430260704703680A408B431A43026070474FF400406FF01F0108607047D7
:20CC0000FFF7F8BFC500000068F8000812010003000000095A1A05001101010203010A0679
:20CC20001002000000400100040309041203540041004E004400420045005200470022030C
:20CC4000520044005800200020002000200020002000200020002000200020002000200046
:20CC60001A0330CA30003900380037003600350034003300320031003000050F2A00030718
:20CC80001002020000000A1003000E00010A0A001410040000112233445566778899AABBB6
:20CCA000CCDDEEFF09022600010100C0000904000002080650000705830200040006300FA4
:20CCC0000000000705030200040006300F0000000000000080000000FCED00080000000089
:20CCE00000000000001000006E0F0000D80E0000100E0000E40C0000500B0000C40900008B
:20CD000000080000A805000000040000D4020000000200006A010000FF000000B400000064
:20CD2000800000005A000000400000002D0000002000000017000000100000000C00000059
:20CD4000080000000600000004000000030000000200000001000000000000000D000000AE
:20CD600078F300080000000900808389B0B1B2C0C2C046C01200000088F30008700000004B
:20CD80000000000A00000000000000000000C0460E0000009CF30008090C000000000000C9
:20CDA00000000000000000001400000048E900080000000000000000000000000000000026
:20CDC0000000000010000000E4ED0008000000C000000000000000000000000004000000A6
:20CDE0002CF30008000000000400000030F30008000000000C00000054F300080000000082
:20CE000000000000000000000C00000030F9000800000000000000000000000008000000CD
:20CE200084FB0008000000000000000004000000E0ED00080000000004000000F4ED0008A5
:20CE4000BAAB00000400000000F20008000000000400000048F30008000000000000000028
:20CE60004F50454E524458313031323334353637383941424344454673D528801AEFC032D4
:20CE8000D3A53637B035F65D72809151B2F127C6B2050E9BACC76F3B982F8A429144377184
:20CEA000CFFBC0B5A5DBB5E95BC25639F111F159A4823F92D55E1CAB98AA07D8015B83121A
:20CEC000BE853124C37D0C55745DBE72FEB1DE80A706DC9B74F19BC1C1699BE48647BEEF03
:20CEE000C69DC10FCCA10C246F2CE92DAA84744ADCA9B05CDA88F97652513E986DC631A8DE
:20CF0000C82703B0C77F59BFF30BE0C64791A7D55163CA0667292914850AB72738211B2EB9
:20CF2000FC6D2C4D130D385354730A65BB0A6A762EC9C281852C7292A1E8BFA24B661AA83D
:20CF4000708B4BC2A3516CC719E892D1240699D685350EF470A06A1016C1A419086C371E02
:20CF60004C774827B5BCB034B30C1C394AAAD84E4FCA9C5BF36F2E68EE828F746F63A57892
:20CF80001478C8840802C78CFAFFBE90EB6C50A4F7A3F9BEF27871C67856341237333630F4
:20CFA00032343238383954414E4442455247524458202020202020202020202020203130FA
:20CFC0003130323031300000303130303031313154492D44534700005455534239323678AA
:20CFE00054414E44424552475244582020202020202020202020202054414E444245524715
:20D000003130313032303130524458534552303152445820202020202020202020202020C4
:20D02000785634125244584D464730313B024D0000010000000000003B024D00000000029C
:20D040001000000004060B000304060B50617373776F72643A00000042FBA7FB2B093200C1
:20D060005E1BBEC2DB82451608004000400000020800400040004000000040000002000467
:20D080000000400000020004FFFFFFFFFFFFFFFFFFFFFFFFFFFFFFFFFFFFFFFFFFFFFFFF62
:00000001FF
