:020000040800F2
:2000000068E9000891BE00083DBF00084DBF000845BF000859BF000835BF000839BF0008F0
:2000200039BF000839BF000839BF000855BF000851BF000839BF000849BF000841BF000874
:20004000A5BF0008A5BF0008A5BF0008A5BF00080BB8000891390008213C0008A5BF000882
:2000600089B7000875B70008D3B700089D9E0008A5BF0008A5BF0008A5BF0008A5BF00087F
:20008000A5BF0008A5BF0008A5BF0008A5BF0008A5BF00084987000801B80008A5BF00083F
:2000A000A5BF0008A5BF0008A5BF0008A5BF0008A5BF0008A5BF0008A5BF0008A5BF0008E0
:2000C000A5BF0008A5BF0008A5BF0008A5BF0008A5BF0008A5BF0008CDBC0008A5BF00089B
:2000E000A5BF0008A5BF0008A5BF0008A5BF0008A5BF0008A5BF0008A5BF0008A5BF0008A0
:20010000B44A10B502F1200090E818005069C0181269B14B127C4FF0000141EB040140F240
:20012000844404FB02320CCA994208BF90428CBF0C20002010BDF0B5A84E0C461546074681
:2001400070210422F01C317000210BF0DBFD0021042206F108000BF0D5FD34737573384627
:20016000B070F0BD90B5071C4FF000041FD19A4940F28440784360310858C0B138460AF0A9
:2001800020FDA0B138460AF023FD92491831096881420CD1AA49F801401A016801F00F0174
:2001A000032904D150F8180CC00938BF0124204690BD2DE9F047874C824604F110000068E5
:2001C000DFF88082057C4FF060092846C8F81090FFF7C8FF30B92846002103F097FC0E2066
:2001E000BDE8F0872169087C8A7C514602F013FB0026071C1BD19AF80200612803D060288B
:2002000018BF371C00D101272846FFF7ABFF40B12169087C897C3A4602F0B3FB30B9082771
:2002200005E02846314603F071FC01260E27A6B92846FFF797FF70B9216981488A7C103815
:20024000C0EBC51001682846D14001F0010103F05DFC0E2707E0C8F80090062F02D0072F4E
:2002600001D1F6E70D273846BDE8F0879C48006870470A3806D0203804D0603818BFB0F1AA
:20028000200001D1012070470020704788280ADC882811D008380FD0801E0DD01E380BD0CB
:2002A000801E09D00AE08A3806D01E3804D0801E18BFB0F1140001D1012070470020704770
:2002C00002461078B0F185014FF0000018BFB1F11C0103D19178890928BF0120704710B55F
:2002E0003C499A4C41F21403002297484B6023688A60C018086005F0F4FD10BD0346B1B18A
:20030000774A083210680068807802090FD310F0030F0CD0086A50B1B0F5805F07D8042B2A
:200320004FF0010004D0062B02D00A2B00D00020704710B5002469B18A78EC2A0AD10428A8
:2003400008D10420FFF7DAFF20B1086AB0F5007F08BF0124204610BD024680B5002059B1A4
:20036000032A09D1774A12681268927812F00F0F02D10F6A07B9012080BD10B5024681B1EE
:200380008878B0280DD148794F280AD18879C22807D1C878D03801280AD9401F08D0401FE7
:2003A00001D0002010BD1046FFF7D6FF04460FE0042A4FF000040BD10420FFF79FFF38B137
:2003C000087B012804D1086AB0F5007F08BF0124204610BD58F3000800EC000890F3000815
:2003E000C0B5071C21D0574802681168887800F00303022B19D1C00817D30B78387B852B4D
:2004000005D14978490824BF797B40EA012060B1137CC24A40F28441594356582EB14FF0C7
:20042000FF31B1FBF6F1814201D20020C0BD3A6A70430021904208BF01210846C0BDC046C2
:20044000D8FEFF0430FEFFFF30B50546FFF771FF18B92846FFF791FF08B1012030BD887875
:2004600040280CDC402815D020382AD0001F28D0401E16D0801E0DD0801E22D00FE04238BE
:2004800008D082381DD0001F0BD01D3818BFB0F1130004D12846FFF75FFF04461EE0002004
:2004A00030BD0024062D18BF0A2D08D12846FFF725FF20B10846FFF793FF00B101242046A6
:2004C000EBE7042D4FF0000408D10420FFF716FF20B10846FFF784FF00B10124204630BD0D
:2004E00060F30008B0B5044616480068007C0F4630B92FB10AF065FB01280ED0022801D036
:200500000020B0BD08F0E6FD20B120463946FFF79BFF00E00120054611E020463946FFF715
:2005200008FF012558B92046FFF727FF38B9B878E52803D12046FFF70FFF00B90025284643
:20054000B0BDC04668F300081026010010EE00082DE9F041AF4C216908684078ADF1340DB5
:20056000C0F3430838F0010000F0DC80B8F1030FC0F2D680A64DB8F10C0F10DDB8F10F0FDA
:2005800040F0CE80206829460E220BF0DBFB206821698860216909200E22CA60C7E0684689
:2005A000002134220BF0AEFB8020294627224FF0000C23698DF80100891C8DF800201868A1
:2005C00081F800C00278A12A30D000791A688DF8030090798DF80C00107A8DF80400907A63
:2005E0008DF80500107B8DF80600507B8DF80700907B8DF80200D57B501C8DF80F50067854
:200600000627042576082FD380788DF80B0050798DF80D00D0798DF80800507A01268DF8D5
:200620000900D27A0E708DF80A201AE0C07819688DF8030008798DF80C0048798DF80400A1
:2006400088798DF80500C8798DF80600087A8DF80700487A8DF80200C87A032504278DF8D2
:200660000F0023691868401C40781968C0F340100590887810F0030025D0401E08D0401EA6
:200680001FD14878400838BF3D1C04D33D4604E04878400801D2485D05E04A19485D12F85D
:2006A000011C40EA0120089018688078C0080CD3197C1A4A089F40F28440484310587843D7
:2006C00002E0586800E0604608909DF80200EC2812BFA1284FF400700890089F604627B1A5
:2006E00019688978090938BF0120069069464046FFF7F8FE68B92069007C0AF062FA0228F1
:2007000005D108F0E7FC002818BF15200FD10A200DE06846FFF74DFD09E0C04628EC000804
:200720000B2004E0087C012103F0F0F900200DB0BDE8F08102460846111C00D108B90020C0
:200740007047AB4A40F2844303FB012211684FF4F813B3FBF0F051B9516A19B1B049096885
:20076000012904D0B0F5807F88BF4FF480707047F0B5144602780025083A0ED0921E0CD05C
:200780001E3A20D0921E1ED05E3A13D0921E11D01E3A0AD0921E08D004E007790FB94FF43E
:2007A000807714E02F46012511E08279C379067A477A03E0827AC37A067B477B43EA022399
:2007C00046EA032601E0C679077A47EA0627954840F2844202FB0102906B10B1166816B9E3
:2007E00010E04FF400764FF0FF32B2FBF6F2BA4208D328B108463146FFF79CFFB84201D377
:200800007E4301E00026032526602846F0BDC046A4F3000858F30008F0B50F1C08BF012097
:2008200000F0BA80067800213246552A43DC552A00F091801E2A24DC1E2A00F0A880122A75
:2008400012DC122A00F0A180002A00F0A080D21E00F09B80521E00F09280121F00F0958080
:20086000961E00F096808EE0B2F1150600F08480761F00F08A80761E00F08980B21E76D06C
:2008800081E02F2A0CDC2F2A00F08180B2F123067BD0B61E79D0F61E77D0B21E79D072E072
:2008A000B2F1350673D0B61F5AD0F61F53D0B6F10B026AD067E0A22A19DCA22A30D08F2A65
:2008C0000BDC8F2A63D0B2F15A065ED02B3E32D0F61E5AD0B21E5CD055E0B2F1910656D0DA
:2008E0000D3E2FD0B61E50D0721E24D04BE0E02A0ADCE02A49D0A83A47D0921E49D0521FC5
:2009000045D0921F0CD03EE0A2F1E106012E3ED9B61E022E39D9F61E39D0B21E35D032E03D
:200920008479C279037A457A224313431D432ED0A22E2AD02DE0807810F0030F27D0000949
:2009400023D226E0847AC27A037B467B224313431E431AD11BE0C279067A164317D018E02E
:200960008379C279067A1A43164310D011E0C278067916430BD00CE0067946B109E0407849
:20098000400904D305E0012105E0802002E0052101E0084638600846F0BD90B50446081C2E
:2009A0001BD07220B0492070087800F00F006070887AA0700020CA7A20716071A071E270A7
:2009C0008F7A87B9C97A1D290DD10E2204F10800A649E2710BF0B6F906E0A54920461222E0
:2009E0000BF0B0F90A20E07100BFE079083090BDFCEB000800780A380ED020380CD0001F61
:200A00000AD0143808D0483806D0001F04D01C3818BFB0F1040001D101207047002070473E
:200A20006CF9000828EC00082DE9FC470021044634220BF067F98F488F4A006810300178E7
:200A400040F2844A0AFB01F15758002F0CBF402142212722A170DF4D22708021617090F820
:200A6000008095F8252095F8243095F8236095F8227095F821C095F820E0D017D9174FEA09
:200A80000029100E49EA0000120201431343180E0A021B02F117024311431E43F8170A02C2
:200AA000330E36021A4310433743634601023E02380E43EA06020143130E16024FEAEC701A
:200AC0004FEAEE7240EA010738021843774602436B4647EA0601404609F0B2FE002808BFAD
:200AE00000202FD09DE80C009DF8000020719DE80300170E1E021A1C62729DE80C00000AAE
:200B00000906084360719DE803001A0A000C0904A2720843A0714021E17147EA0600C0B219
:200B200020722A69D94F127C0AFB0272D2F874721FB900F00F000143E171287D2073697D26
:200B400001206173BDE8FC87A248D0B501690A6811780027083968D0891E66D01E390AD0F6
:200B6000891E08D05E3930D0891E2ED01E3918BFB1F1020175D15178090903D30122016963
:200B8000C2610A68917880F8231001690968CA7880F822200A7980F821204A7980F820207E
:200BA0000A78A82A08D0AA2A06D04A7AD20828BF0B27CB79097A35E0CA7AD20828BF0B2795
:200BC0008C790B7ACA79497A28E0D17BC90828BF0B275178090904D301220146C261096996
:200BE0000A6896780EB9D67806B10C27117980F82510016909684A7980F824208A7980F86A
:200C00002320CA7980F822200A7A80F821204A7A80F820208C7A0B7BCA7A497B42EA0422F5
:200C200043EA022341EA032115E05179C90828BF0B27517801F01F0180F82210016909680B
:200C40008A7880F82120CA7880F820200E79466116B94FF48071416127B9466906B90B278C
:200C600000E001273846D0BD92F30008A4F3000890F3000868F30008FCEB00082DE9F0470B
:200C8000544C21690E68307800270925252800F0A7809E2840F0A280F07BC00828BF0B25F1
:200CA0007078102840F0EA80092D40F0E880B37AF07A327B767B40EA032042EA002256EA9C
:200CC000022A00F08980DFF8C4C1087C40F2844E0EFB00C000F51E7090E80C0001264FF0D5
:200CE0000009B046B2EB080273EB090318462368060E1E702368060C5E702368060A9E7045
:200D00002368061CDE700602130E334326683371130C06043343266800067371160A46EAA0
:200D20000003206883712068C271087C2268764606FB00C090F8A3021072087C226806FB30
:200D400000C090F8A2025072087C226806FB00C090F8A1029072087C226806FB00C090F892
:200D6000A002D072206807730A7C206806FB02C292F8A8224273097C06FB01C101F52B72D6
:200D8000B1F8B4121368591A09B28B4201D0002900D53946C1F305238373C17356695EB14C
:200DA00096694EB1817B41F080018173D6691EB1817B41F0400181731030394610220AF038
:200DC000A1FFBAF1200F2CBF202757463048016855E0C04658F300083D4650E00A254EE04B
:200DE000707AC00828BF0B25307A400828BF0B25B3783279F07876791843024316433DD1ED
:200E0000092D3CD1087CDC4A40F2844303FB002C9CE8C0004FF0000901239846B6EB080685
:200E2000304677EB0907002F08BFB0F1FF3F24BF4FF0FF304F4626683B02020E1A43327035
:200E400026683B04020C1A4372702368020A3E0632439A702268D07022689CF82B0010718A
:200E600022689CF82A00507122689CF82900907122689CF828000827D07100E00B252068D3
:200E80008860CF602846BDE8F087C04688E9000868F300082DE9FC4FC64C216908682768D3
:200EA000467836F0080640F006818278DFF808830026931112F03F0F02F03F09019300F055
:200EC000B180B9F1310F00F0AD80B9F1330F00F0A980B9F1340F00F0A580B9F13F0F18BF04
:200EE000B9F1080F40F09C80087C40F2844909FB0080D0F8D80248B108F0F0F830B907F083
:200F000083FE18B92069007C01F056FF2069006801781A292CD0427A4178D20828BF0B2624
:200F20000025C379027A3D701A207870BD702069007CC1F3001B42EA032209FB0080D0F867
:200F40008802009200280CBFAA464FF0100A08F0C1F800280CBF281C802040EA0A00F87015
:200F600087F804B07D71BD714FF0080AFD7120E04179C90828BF0B260079009017213970D6
:200F800000257D702069007C09FB0080D0F8880200280CBFAA464FF0100A08F09BF8002875
:200FA0000CBF281C802040EA0A00B8704FF0040AFD70002E40F0DD800AEB070B2946142205
:200FC00058460AF09FFE08211220019B07F80A10012B0BF10101087013D02069007C09FB3E
:200FE0000080B0F8AA00800934BF281C042048702069007C09FB0080B0F8AA00C0090AD203
:2010000008E04D702069007C09FB0080B0F8A400C00900D320250AF11400CD72C0B29DE038
:201020000B26A6E001781A2942D0417AC90842D2C57990F808A03146082238460AF062FEA4
:2010400008F048F84AEA052ACDF800A000280CBF301C8020F870206900684078C0F30010DD
:20106000387120690068407800091FD2082207F108003146FA710AF045FE2069007C40F2A4
:20108000844101FB008090F8A20278732069007C01FB008090F8A102B8732069007C01FB20
:2010A000008090F8A0021025F8733AE0082538E04179C90802D30B20BDE8FC8F00793146DC
:2010C0000422009038460AF01DFE08F003F800280CBF301C8020B87020690068407800091B
:2010E0001ED20822381D3146FA700AF00BFE2069007C40F2844101FB008090F8A20278720F
:201100002069007C01FB008090F8A102B8722069007C01FB008090F8A0020C25F87200E0D3
:2011200004256168B9F1000F0BD0019BE819491B4A4608F081FA2818C0B2854208BF0B26B4
:2011400000E028462169096809781A2904D000213970851E7D7001E0411E39704EB9009FC5
:20116000216822698742916098BF381C21690926C8603046BDE8FC8F00EC0008734BF0B518
:2011800040F28442044602FB04F0185800250E4668B177685FB1204609F013FD874206D11C
:2011A000204609F015FD3168814208BF01252846F0BDC04658F3000888E90008F0B5071CC0
:2011C0000E4606D12EB1614940F284407843085808B90020F0BD384609F0F3FC7060384608
:2011E00009F0F6FC60245D4D3060314638462C61FFF7C4FF584A50B15649F801131DC31AC3
:20120000801A196000220AF0C1FE012004E00020C2EBC711086040242C60F0BD2DE9F043E8
:201220004B4FDFF83C91144688460646082C0AD148460068827C0121C7EBC610914000225C
:2012400001F052FA0446F5017CB148460168EB1B8A7C1868012101FA02F2024205D03046C1
:2012600002F054FC0E20BDE8F0833C4F6020414638613046FFF782FF0646374846B13CB917
:20128000A0F10C01691A096811F0210F18BF0D24304A011D691A0A601EB900200E2448602D
:2012A00004E02D1A114628460AF070FE402038600EB1202038602046BDE8F083F0B50746D7
:2012C00027480068047C0D46002FADF13C0D08BF002039D01D4940F2844060430E5836B310
:2012E000204609F06EFC022821D16846002134220AF008FD27268DF800608DF80C70012190
:201300008DF803100620069180238DF802003A0A8DF801308DF80D2040268DF807607902D5
:20132000089135B120460DA9FFF748FF08B90E200AE06846FEF73DFF02462DB120460DA9DB
:2013400042F21073FFF76AFF0FB0F0BD60EC0008C8FEFF0401000040ECFEFF0430FEFFFF94
:2013600068F300082DE9FF4FDFF83883D8F81030DFF8E0B21A68191D501C0C7B1E7CC77916
:2013800040F2844A0AFB04B4D279D4F8C05247EA0227002D40D00278520829D2007AC008BF
:2013A00026D2002F00F02681082F21D3B7F5006F1ED8086887421BD8DFF89C92A44DA34C22
:2013C000D9F800003A462918241820460AF0BAFCA178E07840EA012010F00F0F08D1083F2F
:2013E000874205D34146096949680839814201D20B2000E10009019000F0FC8048460168C2
:201400000AFB06BA0AF51E7ABAF8540000266D18042803D2834618B90A20ECE04FF0040BE0
:201420004FEA4B222846314602920AF06BFC08344FEA8B10019F0090002F00F0D38000205A
:201440000390217A607AA37AE77A40EA012043EA0021237857EA01274FEAE3714FEA012280
:20146000617894F807804FEA136042EA00024FEA03204FEAE17343EA020341EA00014FEA26
:2014800003224FEA116042EA0002A0784FEA01214FEAE07343EA020340EA01004FEA032295
:2014A0004FEA106142EA0102E1784FEAE17343EA02034FEA032223794FEA002041EA0001BC
:2014C0004FEA116042EA00024FEAE37040EA02004FEA01224FEA0020194641EA02014FEA01
:2014E000116240EA020062794FEAE27343EA00034FEA0320A3794FEA012142EA01024FEA79
:20150000126140EA01004FEA02224FEAE37141EA000118464FEA012140EA02004FEAE8739E
:201520004FEA106241EA020143EA01094FEA0022434643EA02084FD09AE80300894508BF47
:2015400080450AD29AE803000022B0EB080071EB09018A4208BF874201D90C204BE0009815
:20156000B0420BD158460121FFF7A8FE002842D1029A284600210AF0C5FB00264FF6FF7047
:2015800005EBC603B84288BF381C4FEA18214FEA096283F8008011434FEA09425970761CB9
:2015A0004FEA18413F1A11434FEA092299704FEA18611143039AD970494619714FEA192107
:2015C0005971014618EB010898714FEA102149EB0209002FD971C2D101981034401E019064
:2015E0007FF42FAF36B106F13F040021A009FFF765FE00E000200090BDE8FF8F294A10B55B
:2016000013691C7CADF13C0D02F1200383E80300012050616846FFF707FA20B120460DA9E7
:20162000FFF7CCFD08B90E200DE06846FEF7C1FD02460DA94FF4FA632046FFF7EFFD0028A0
:201640001CBF0E2810200FB010BDC046101E01001016010088E9000810EE0008F8B5114CD8
:20166000206922680368E7681878E03808282DD8DFE800F05F5C1A56534B452E05C05F7831
:2016800027BB9F7817BBDF7807BB1F79F7B9587980281BD11046802108F003FAB0B18020CC
:2016A00037E0C04658F3000887B100242146062000940A46134609F0F1FC2146C7200094CC
:2016C0000A46134609F0EAFC2046F8BD0A20F8BD002000905E78DD78197998785B7940EA0D
:2016E000062045EA0025032041EA052109F0D6FC20682169886021690868407925E004F08B
:20170000EFF90AF049FC0020F8BD114801780120117021682269916016E00721012001E034
:201720006021922011702168487009E00120E060E9E70AF0E7FB0146206802220AF002FBD4
:2017400020682169886002202169C8600920F8BD40F900082DE9F04F0646307CADF5DA7D56
:20176000002818BF012040F0B387C34C0021182204F1100528460AF0C5FA2661307C09F018
:2017800027FA3168A0610878E02805DBE82803DC707C062800F06387DFF82C83307CDFF83A
:2017A00024A340F2844909FB0080D0F85402002840F0F5862069C54E017C09FB0181D1F886
:2017C000D8726C963FB107F089FC002700B1012730460068E7B101680978032918D01229A2
:2017E00016D04D2914D01A2912D05A2910D015290ED055290CD01E290AD01B2908D0A229A3
:2018000006D03B2904D01D2918BFA02940F025870068FFF7EFF820B107F05CFC002840F03B
:20182000BC862169B54A0868D2F800C0DFF8D0B203781A463B2A3BDC3B2A00F05F831B2AB7
:201840001CDC1B2A00F01284002A00F07986D21E00F05886521E00F04786121F00F05281CD
:20186000921E00F04F81083A00F07784D21E00F0B682501F00F08B8600F084BE1D3A00F0CA
:20188000B383521E00F09783521F00F04183921E00F07A86D21E00F03581921E00F03281EA
:2018A000521F00F0C080921F00F0718200F06ABE912A1CDC912A00F06A82423A00F06A8635
:2018C0000B3A00F0EB82083A00F08982521F00F05E862B3A00F0BE86D21E00F01381921E27
:2018E00000F01081521F00F09E8000F04BBE9E3A00F04A86921E00F00082521E00F0AA86A5
:20190000521E0BD0921F00F0FD80921E00F0FA80521F00F08880921F40F034868579C17908
:20192000027AC67A477A41EA052142EA0122F10847EA022723D2A22B4FF0000620D1417886
:2019400020291DD1057935F07F0525D18378C2786168206842EA032292B204F0A0FD30B99E
:201960006C9866490068D1F800C0006808E021682269B842916088BF381C074619E30B265F
:20198000057935F07F0507D1D948B84238BF0B2607F2FF10450A05E04FF6FF70B84238BF24
:2019A0000B263D46002E3CD16E0258460021324660440AF0A7F902A8002134220AF0A2F99D
:2019C000272080238DF808008DF8093077B1216908680278A22A14BF5F225D228DF81450AE
:2019E0008DF80A202A0A8DF80C200BE021695B2208688DF80A2003780022A22B08BF0122EE
:201A00008DF81020407809688DF80B00C8788DF80D0088780A968DF80E0002A8FEF7C9FBF0
:201A20000646304667E12F3B4FF0000703D0603B24D0203B4CD13846687528752069006829
:201A40008178E974C178A97401796974417929740178AF2906D0417AC90828BF0B27C37924
:201A6000007A2AE0C17AC90828BF0B27C279037A8179407A1DE0C04658F30008C17BC908EE
:201A800028BF0B2786780EB9C67806B10C270079687520690068417929758179E974C17910
:201AA000A974017A6974417A2974C27A037B817A407B42EA012243EA022340EA032060613A
:201AC00007E0C046D0F3000888E9000868F300080127381C40F00F81FEF712FB002840F0DC
:201AE0000A816169002900F0068129A8FEF79CFF002800F0FB8029A8F5E0C04610EE00084B
:201B000010160100FFF720F8002840F0F480FEF7F7FA002840F0EF802069007C676909FB3E
:201B20000081D1F8A4623146FEF704FEB842C0F0E180DFF804B3DBF800304BB95046006849
:201B4000806806FB07F188423CBFB0FBF6F0606152A8002134220AF0D5F8276938680078AD
:201B6000FEF787FB8023064627208DF84801687D8DF84931C117020E0302287D0902114315
:201B8000C2170A43184311020302020EE87C1143C2170A43184311020302020EA87C1143C3
:201BA000C2170A4311026A7C1843030E19430302D01708431A430002110E0843297C130284
:201BC000CA170243387C19436B468DE8060008F037FE002800F08A809DF800008DF84C01ED
:201BE0009DE80300000A090608438DF84D019DE80300000C090408438DF84E019DE80300DE
:201C0000050E080205439DE80300081C8DF851019DE80300402723698DF84F7110338DF854
:201C20005051080A8DF8520100208DF85701197809FB018101F51D714F6A1FB1DBF8002005
:201C4000012A27D0E7692EB90A68002A0CBFC821252108E00A68002A08BFCA2103D0002F5D
:201C600014BF3D2135218DF84A118DF84B0161698DF853018DF8541142B9ECB29DF84F2101
:201C80008DF8550104F00F0414431BE00A0A8DF8552119E0002E14BF6122602261698DF8B3
:201CA0004A21E7698DF84B110A0A8DF853219A788DF85501D2008DF854212FB19DF84F41BD
:201CC00044F080048DF84F418DF8560158965690012259921A7809FB0282D2F8A4225790E8
:201CE00052A851435A91FEF764FA04E00E2002E000FEFF010B20074647E08779C179027AD1
:201D0000C37A457A867841EA072142EA0122D90845EA022534BF00270B27C1780279437835
:201D2000407919430A43104318BF0B27022E2BD8102D29D34FBB206800260670206846700D
:201D40002068867020680821C1702068374646602168062201EBC7010E7201F10A004F72D6
:201D6000314609F0CFFF7F1CF2D02068216988602068C01C01780831A9429CBF05780835B8
:201D800020690927C56000E00B2738466BE1352B07D0912B03D1C07BC00805D37CE00A2061
:201DA00061E1407AC00877D20FA80021342209F0A9FF272180208DF83C1027698DF83D003C
:201DC000387C09FB0080D0F8740200280CBFE720EA208DF83E000FA8FEF7EBF943E15D466F
:201DE000152B654405D0C179077A467A47EA012701E00779467929463A4607F021FB032804
:201E000040F03181F00880F0BB83206901684878420880F0B58340093ED3002F4FF00000CE
:201E200000F021810978152908D0AB79E979082241EA032104E0C0466CF90008E97804229C
:201E40007F1A8918BF1A6D18002F40F30C814FF027094FF08008EF2629786C7801F03F01FA
:201E6000082914D145A80021342209F04BFF8DF814918DF815818DF81661287B800934BF45
:201E8000AA2055208DF8170145A8FEF792F93F1BBF1E002FE0DCE6E00B20E4E04778C27928
:201EA000057A002F45EA022540F06A83C778002F40F066830779002F40F062834779002FC7
:201EC00040F05E838779002F40F05A83427AD20880F05683837866680A7C2068314603F095
:201EE0003F0304F0D5FC002800F04A8321682269A842916000D8054628461AE3496800299F
:201F00000EBF00255D4665442A4604F083F9A8E3427AD20880F03483C279077A57EA022735
:201F200060D0206800250570206845702068857020681022C01C0270097C09FB018303F588
:201F40001E7106C90026114606BF0029D3F878124FF0FF310A0E427022680E0C5671226835
:201F60000B0A93712068C1712068022606722068457220692168007C09FB008090F8A102EA
:201F8000887220692168007C09FB008090F8A002C8722168082201F10C00091D09F0D2FE31
:201FA0002068057421692068142F8860A8BF1420A1DA38469FE74279D20880F0E1820079E8
:201FC00000F0010540080CD3087C09FB0080D0F8D802002800F0BF8007F080F8002840F01C
:201FE000BA80A56000203CE34179C90880F0C882C37802795D466544294642EA032207F065
:20200000D6F9014603292FD120690268501CC778D278174340F0B482007800F00F00042833
:2020200022D100200021FFF7E9FA011C1CD12069007C09FB008000F51E7003C8012200236C
:20204000801A9941FFF7DAFA011C0DD12069007C09FB008000F51E7003C8CA074008490806
:202060001043FFF7CBFA014608463BE24279D20880F086820079820853D2087C09FB008063
:20208000D0F8D802002866D007F028F8002862D138A80021342209F035FE272180222069D8
:2020A0008DF8E01001688DF8E1200979490822D2017C09FB0181D1F87472002F0CBFE72141
:2020C000EA218DF8E210007C36A9FFF777F8002841D038A8FEF76DF802462069007C36A91F
:2020E00047F23053FFF79AF8002840F0FB81E0208DF8E20011E0002068752875E874A8745E
:202100000F27687401262F7438A86661FEF78CFC002808BF0E2000F0E58138A8FEF749F836
:20212000E0E140080CD2FEF7A1F838B907F0D5FA00287FF457AF06F08BFF53E7142090E272
:20214000087C09FB0080D0F8D80220B106F0C6FF00283FF447AF0E2083E24279C5780379F1
:202160008778D20843EA052A80F00A824078E44D400859D2002F40F099812746386800212B
:20218000402209F0BFFD20688021417020680626867020680226C67020683B2303712068DC
:2021A000082205F11801083009F0CCFD206805F120011022103009F0C5FD20682B1D04222A
:2021C0001946203009F0BEFD2068382180F8241020680322D9A1253009F0B4FD206880F8E9
:2021E00028602068572180F829102068502580F82A502068042380F83A302068602280F8A4
:202200003B20206880F83C302068C02680F83D602068172580F83E50216830233A4681F8D5
:202220003F301069402653E120686668B02F02460EDCB02F6DD0002F00F03F81803F00F00B
:202240001C81FF1E00F03481B81F00F0C0802DE1B13F3BD07F1E15D00E3F09D0BF1E40F05A
:2022600025810A7C314604F08FF9061C08D02CE10B7C31461A4604F0F7F9061C40F02581FE
:202280000D202FE120680021082209F03BFD2068B221417020680427C01C07702169097CDC
:2022A00009FB018101F530710F686FB1802282704F684FB1827842F0020282708F681FB136
:2022C000817841F0040181700826FEE020680021402209F017FD2068002101702068B12245
:2022E00042702068817020683C27C77021690A7C09FB0282D2F8D872002F66D0B2F8CE22E6
:202300008280097C09FB0181B1F85011871D39805BE020680021402209F0F4FC2068B021C1
:20232000417020683C27C77020680126C6712069007C09FB0081D1F8A012FEF7FBF922686C
:202340005FFAB0F1117223685FFAA0F75F7225685FFA90F6AE722568E8722568297321688F
:202360004F7321688E732168C8732069007C09FB0080B0F8CC22900A18BF4FF4806225690A
:202380009005A0EB8210030A00F47F46020603F47F4342EA0622134343EA10634B61287C6A
:2023A00009FB0080D0F8C0721831002F0CBF00237F231A0A180603F47F4502F47F4240EAB9
:2023C0000520024342EA13620A6040267DE0206800214FF40F7209F095FC206800210170B4
:2023E000206889274770226843F6020305F1080102F108005380062209F0A4FC206805F11A
:2024000010010822103009F09DFC206804222946203009F097FC2068342180F824102169A3
:20242000097C09FB0182D2F8D8721FB392F80112C90924BF402180F82510263002F20221DD
:202440000C2209F07FFC2069007C09FB0080D0F8540200280CBFEC20A120216881F8380039
:2024600021692068097C4FF400723C3009FB018109F068FC4FF40F7627E0002313708027A5
:20248000477083701422C270097C09FB0181D1F8D87227B9001D202109F034FC04E0001DA4
:2024A00001F5047109F04EFC18260EE00B2019E0314604F0B6FA064607E00D2E88BF0D261B
:2024C00020688749324609F03DFC6C9827460068396808305645016098BFB2462269092049
:2024E0005146D160014608E042790B21D20804D2407810F0170F08BF00210846B1E0C046A3
:2025000034C3000841790579C90839D2417831F0010735D18778002F32D1C77887BB206886
:2025200001F00101FEF739FA21682269A842916000D8054621690920CD6092E0524458002E
:202540004079C0081CD2087C09FB008101F53871086888B91CA80021342209F0D3FB80270A
:202560008DF87170E5268DF8726027208DF870001CA8FDF71EFE74E000220F200A6070E024
:202580000B206EE00A206CE0FEF778FB69E0FEF781FC66E0FEF7E6FE63E0152470E02069B5
:2025A000017C09FB0181D1F8D872002F55D000680178A12902D1407A00284BD1852949D06E
:2025C0005FA80021342209F09DFBA027FF268DF87E7155468DF8816127208DF8826180213A
:2025E0008DF87C012B688DF87D1103F108000168202912D3012221698DF87F21097C09FB45
:202600000181D1F8707247B10079802805D19DF87F0140F004008DF87F01226911680878CC
:20262000FDF727FE65900878FDF730FE074666979868679047B9B0F5805F02D8187B802810
:2026400002D14FF480506790527C68A809F07AFB5FA88EE7FDF77CFF03E00E2423E0FEF759
:20266000FDFF002804462DD009380C282FD8DFE800F0292624201D1A17120E2E2E0A07C08E
:202680002721002205E05321022205201DE074210822072019E0122404203E21032214E080
:2026A0000620282107E002203A2104E00420442101E005202121002207E0242100E0202123
:2026C0000022E2E7002001460246FDF734FD20466DB0BDE8F08F0349002008607047C04603
:2026E00080F3000860F300082DE9F041002B17460E4605460EDD1C464FF000082868304002
:20270000874209D04FF47A7008F0D8FF09F0E9FB641EF3D14FF002084046BDE8F0810B46C2
:202720001146AD4A10B5C2EBC01004681A1C084618BF147008B1210A017010BD98B5044605
:202740000DF101016A46FFF7EAFFA44A40F284416143501800F534704768002F41D19DF8DB
:2027600001305B0842D39DF8007037F07F0734D19DF80030DB0923D29DF8000080091CD24F
:202780009DF80000400915D29DF8000000090DD29DF80000800806D29DF80000C00825D3AD
:2027A00000210A461BE002203A211CE006205A21012219E00520212115E00620282112E0BA
:2027C000007801EB80015218D2F80803002807BF032011210720272105E0472103220B2086
:2027E00002E0042044210022FDF7A5FC98BD10B5794C04F108010022C1EBC01401212046B0
:2028000009F0C4FB4FF4004100224FF4FA632046FFF76AFF10BD2DE9F84F0F466F499046E8
:20282000034640F2844202FB03F0081800F527718E6B002E18BF062040F0A180097841453E
:2028400038BF0120C0F09B8063491839C1EBC31151F8044C09684FF0010B0BFA08F2214360
:202860000A4240F08B80CA4E31687A695C024FEA082504EBC32400EB88036118681803F53C
:202880003A71009100F581300A603946142209F059FAA146B878BF4CAA46A0280BD131689C
:2028A0002046494440380AEB010207F124018018102209F047FA3D6AD6F800E085B309EB13
:2028C0000E005044201847B3F9693368002429B1BE69002E0CBFB04AB04A01E0B04AD21850
:2028E000002914BF4FF4F8114FF48051A94214D3D7F818C02E462146B6F5783F34BF331C84
:202900004FF4783302604160641C5D1E8160F61AC56000F11000EFD106E05846BDE8F88F44
:20292000D7F818C000210C4609EB0E024FEA48104FF480350526831803F5803380182E5069
:202940001868BCF1000F40EA044408461C6003D01C6844F040041C60009CC4F820C0BC7848
:20296000A02C03D11C6844F020041C605244596002F581329A60D960BDE8F88F0720BDE83B
:20298000F88FCB4BF0B517460A46014603F11C04C801041B246864081BD33FB9CD4E40F2DA
:2029A000844501244D43944072550DE0CA4D012440F28446C71A944006FB01553C60D5F864
:2029C0003C132143C5F83C131B1FC11A00200C60F0BD0120F0BDC046E0FEFF0488E90008BC
:2029E00090B50F4604463422ADF1340D0021684609F088F9EF22802027238DF802200321AF
:202A00008DF801008DF80030B44A8DF80310002067B940F28441121D6143515A8A0803D2C9
:202A2000490828BF0B201CE00C201AE040F2844101FB04214F885FB90F8897B102200122E6
:202A400000E0401E02FA00F10F42FAD0203008E00620012200E0401E02FA00F10F42FAD069
:202A600040308DF80C00694600222046FFF7D3FEC0B9002120460A46FFF783FF90B98C4872
:202A8000E401012100224FF4FA63001F201AFFF72BFE214630B9C24A891A096811F0210F54
:202AA00018BF01200DB090BD30B50C4605463422ADF1340D0021684609F024F9272080228F
:202AC0008DF80000EF218DF80120002C8DF802102C4614BF10209020002269468DF803007A
:202AE00002208DF80C002846FFF795FEB8B9002128460A46FFF745FF88B9A94DE401012164
:202B000000224FF4FA63A5F11800201AFFF7ECFD28B9641B216811F0210F18BF01200DB05D
:202B200030BDF0B59E4D07464FF0FF336622FC01A5F11000211A0B6005F108000A64201AE3
:202B400001210A4609F022FA964840F2844101FB0706F06FA8B1306F98B1706838B9384629
:202B60000021FFF73DFF38460121FFF739FF306818B138460121FFF797FF10350120641BC2
:202B800020600020F067C6F8C000F0BD0020704710EE000880020100000010C0000014C00F
:202BA00010160100F0B50C46002A014614BFA578E57BB54B40F2844202FB013000F5347077
:202BC000067802FB01F707EB86029B18D3F8E8724FB147683FB96A0805D2012000211D22BF
:202BE000FDF7A9FA0DE0406805F00107074305D1002001460246FDF79EFAF0BD0846FFF760
:202C00009DFD6949E0784870607B8870207B0B78C870580834BF0020207A08712079487157
:202C2000580834BF0020607A88716079C871580834BF0020A07A0872A079F02748725B48A8
:202C4000E27907708A72CD72E1780571C170E1794171217B8171677B002F0CBF002140216F
:202C6000257A627AA77A5219BF180CBF0022202241EAC3110A430272A179417261798172ED
:202C80002179C172F0BD10B5D64C0A01FF2142F00102C4EBC014204609F078F9052008F003
:202CA000DFFD0F210022204609F070F910BDC046CCFEFF043E4A40F28443102103FB0022AC
:202CC00052F8040F002818BF012002D1491EF7D10020704758EC000874E90008E4EB000816
:202CE0002DE9F84F0646C048F401211A0F680022A4EB000B4021584609F048F9B949002560
:202D000007F04009884608F10400A4EB010A201A009050460F21012209F038F9052008F014
:202D20009FFD50460F21002209F030F900980F2103223223FFF7D8FCDFF878C0071C14D0CB
:202D400028460C2800F10105E3D3604640F28441903801FB0600D0F8845035B10021C0F862
:202D600084100122C0F888200160414640F284424FF08060B9F1000F4FF00105A1F10401A8
:202D800002FB06C6A4EB0104206004D0402158460A4609F0FBF835603846BDE8F88FC04602
:202DA000E0FEFF04F0EB0008A6F3000890F30008C8ED00086CEC00082DE9F04F324C40F201
:202DC000844AADF1400D0AFB00FA0F905444D4F8D80238B184480F990022C0EBC110022140
:202DE00009F0D4F868460021342208F08BFF272080218DF80000D4F854728DF80110002FA3
:202E00000CBFEC20A1204FF40072DFF83C838DF80200CE4F0D923968089208EB010000213C
:202E200008F070FF0F9869460022FFF7F4FC0E90002840F0B9810F9800210A46FFF7A1FDF1
:202E400000280E9040F0B0810F98664DC6010121002241F65833A5F10C00301AFFF744FC02
:202E60000346002B0E93304640F09E81E049411A096811F0210F1CBF01210E910E9E396869
:202E8000002E40F0918101E088E900081C350222401B02600D9A46467118204608F052FFCB
:202EA000002504F52378A4F86052A946C4F870523F68C4F894520822A4F85E52404684F8DD
:202EC0006392294684F8629208F01CFFC346F619A4F8B4520A27C4F8BC52DFF86CC3C4F894
:202EE000B85206F11402A4F8CC52308884F8A8920CEB0A01C0F3C010C4F8580232F8020BC1
:202F000003067F1E4FEA202040EA134021F8020BF4D10CF1140006F12E020427504432F809
:202F2000021B0B067F1E4FEA212141EA134120F8021BF4D1604606F1360214271C305044E2
:202F400032F8021B0B067F1E4FEA212141EA134120F8021BF4D1B06F002104F51E7282E855
:202F60000300D4F8540240B1B6F87C7028466FF30E0707B10120C4F87002B6F87E00A4F8ED
:202F80005C02B6F86A00800824BFB6F88000A4F86002B6F88A10B6F89600C1F38032C4F876
:202FA000C42200F01F0084F89D02C1F34011C4F8C8120728A8BF0720B6F89810012784F8AF
:202FC0009C02C1F30023C1F34022C4F898320320C4F864220A4607FA00F1114206D1401EB1
:202FE000F9D105E0D4FEFF04ECFEFF0484F86302B6F89C10B6F89E00B6F8A0304FF6FF789F
:20300000C1F38001C0F38010C4F868129845C4F86C021CBF002B84F86232B6F8A600B6F8E3
:20302000A810C0F38022B6F86A30C4F87422C1F38011C4F88812D80824BFB6F8B000A4F891
:203040005E02D4F8740280B16FF0704004F51E71C31706C99A4208BF814206D104F51E7099
:2030600006F1C801082208F06DFEB6F8A800400A10D306F1D801C4F894725846082208F02E
:2030800061FEB6F8D8006FF30B00B0F5A04F18BFC4F89452DFF8A8C20F98C4F8AC7240F2DD
:2030A000844E0EFB00C404F51E7090E8000CB6F8D400C10B4CD3C113C903B1F5004F47D04D
:2030C000400B0CD3B6F8EC10B6F8EA006FF0004240EA0140411E8A4288BF45000D950D987A
:2030E000C4F8A002B6F8D400810B3CBFD4F8A002C4F8B0023CD300F00F000F9F84F8A802AB
:203100000EFB07C494F8A8124846814214D8D4F8A002D4F8AC22B6F8A2114243C4F8B022DC
:20312000CA0B25D3CA13D203B2F5004F1CBFC1F30D01A4F8B4121BE0D4F8AC22401C5200D8
:20314000C4F8AC22E1E7C0461016010010EE0008D4F85472002F0CBF0D984FF40060C4F85A
:20316000A0020F9FC4F8B0020EFB07C4D4F8A002C4F8A40204F5207080E8000CB4F8B4028E
:20318000A4F8B602B6F8520110F00100C4F8C00205D0B4F8D20000B94046A4F8CC02B6F8B1
:2031A000B201A4F8CE0205E00020C4F8D8020127C4F8DC72D4F8D80238B1C0480F99C0EB39
:2031C000C11002210A4608F0E1FE0E9810B0BDE8F08FB949C1EBC0100068C0F303107047E7
:2031E000B748012100224FF47A730160FFF77CBAE0FEFF04F0B50F46514940F28442044618
:20320000002502FB0410C0F8D8520126C0F8DC62204607F09FFB204605F03CFFA748AA490A
:20322000A84AA300C0EBC410C9180560202414600C6814B12FB1374601E0A548C550A34818
:20324000C7500E60F0BDC04698EB00083C4A40F2844180B5484310270021831803F24443FF
:203260007F1E43F8041BFBD18018C0F83C14C0F8401480BD2DE9F04F0546314840F284478C
:2032800080466F4308EB070404F52674C0192668D0F8D8A28B46002E04BFEE014FF0000983
:2032A00004D08D48EE01301AD0F800902846FFF79EFA82480C38361A306800F0880049EA37
:2032C00000005BEA00000ED02846FFF709FD18B10020206401266664BAF1000F03D0284608
:2032E0000121FFF787FF2846FFF71BFC79480068032823D1BAF1000F20D02846FFF7DAFC89
:20330000E0B9D4F89C00C8B1D4F8A41107EB81014144C1F83C03D4F8A401012607EB8007B0
:2033200008EB0700C0F84464D4F8A401401C1028C4F8A40124BF0020C4F8A401BDE8F08F45
:2033400088E900082DE9F04FDFF884A1CB4C5F49DFF874B100273846524627605B4643F848
:20336000047B42F8047B401C41F8047BF7D05B4808F041F8DFF8688101254FF07B464FF43D
:203380008031F56040460A46C038376008F0FEFD102140460A4608F0F9FD082140460A46DB
:2033A00008F0F4FD07210222404608F0EFFDFFF717FF08BB02207060DFF8FC80D6F80C90F0
:2033C0003E4605FA06F019EA000F13D0304600F08DF860B1C8EBC610006800F00F00032868
:2033E00008D0B0004BF800504AF8007002E02068401C2060761CE4D02168384601B9284645
:20340000BDE8F08F2DE9F04FDFF8DCA040F28442064602FB06A505F5367528688B4670B3CB
:20342000DFF89880F4014FF00009A4EB0807C7F8009008F043FC3046FFF708FF30465946B4
:20344000FFF718FF2D68F868002D0CBF4A46254A414610F0880FA4EB010422600AD01A4803
:2034600050F8260030B98548006808B1CAF8D892FFF768FF062029210322FCF75CFEBDE8F7
:20348000F08F2DE9F0417D4C924F8046402620683E6170B10025B8F1020F18BFB8F1030FD7
:2034A00004D128460021FFF7ADFF20686D1C8542F1D33E60BDE8F081D8FEFF04ECFEFF04F0
:2034C000040000FB40FEFFFF68E9000870E900086CE9000844F90008CCFEFF0483340008C9
:2034E000780100FB5F00007988E9000863492DE9F04F40F284424FF00009ADF1180D1431BE
:20350000039002FB0018C8F8D8920446C8F8DC9207F020FA204607F05BFB0590204605F0AD
:20352000B9FD6D4A2046C401A51A6A4A20211161C5F80090402145F8041C0121814002914C
:20354000C44A5160C14969600221FFF79CFB4CF21101DFF8FCA26868CDF8109001421FD0FD
:20356000FFE70398FFF743F988B9B74810214A46251A284608F00AFD28464FF480414A46E9
:203580004FF4FA630090FFF7AFF8071C0CD00398FFF7A6FB0746AC48201A009027B111E059
:2035A000A9484F46201A009050461038211A48680E68064303D00398FFF792FB07460FB92D
:2035C000C8F8D492BC4E039930684D024FF4807205EBC1254946281800F5803008F092FB34
:2035E000DFF8D0B2306849464FF480722818584408F088FB01953168019B50462430201AD0
:203600006A1802F5803202605D465918C0F8049069188160009810210A4608F0B7FC17B1CF
:203620000398FFF75DFBC7480F210322FA23201A8346FFF759F80746DFF880A20498401C98
:203640000228049002D8002FEAD100E0C7B9504689214A4647F23053201AFFF745F8071C6C
:2036600040F0BE807A484FF6FF7140F201120A23201AFFF739F8074605E0C04674E90008F5
:203680000120C8F8DC02002F40F0AA800398FFF748FA6F483168201A0268019840350127E5
:2036A0005FFA92F65FFAA2F3012E084405444FEA126102D0D0B2012806D153EA01060DD056
:2036C000EB2908BF142B01D05FB110E03846C8F8540205E030FEFFFFECFEFF04C8F85492C7
:2036E0004F4608F500702946102208F02BFB002F76D1D8F8540228B100984FF080710A467C
:2037000008F044FC0398FFF757FB071C05D10398414607F0D8F800B901279C484FF47061D3
:203720004FF44072201A08F031FC002F58D198F8630202283ADB0398FFF74BFD022835D29F
:20374000039D2846FFF753F82846FFF7C9FA2846FFF73FFD02281BD2FFF742FD02253D495A
:2037600039480D603949201A0160FA2007F0A6FF03982946FFF787FA009810210A4608F0F6
:2037800005FC58460F2103223223FEF7ADFF074637BB504689214A4647F23053201AFEF745
:2037A000A3FF071C1CD10398FFF7BBF903984946FFF716F9071C13D103980121FFF710F920
:2037C000071C0DD10398C8F86892414607F088F9002808BF012703D0039807F0F9F9059091
:2037E0001B491C4B029A4FF0FF306FF040060C39651A2860002F45F8206C4FF0010A5A6007
:2038000040D1039EC8F8E0A2304605F025FCBD48BD490861304607F0DBF9059981421BD126
:2038200055F8080C00F00F00032815D155F8200CC00911D2C8F8D8A2C248B34945F81C0C4D
:2038400060260E601AE0C046E8FEFF0402000400DCFEFF04040000FB3A48201A006800F095
:203860000F00032802D0304607F0A3F930464946FFF7C0FCA4494020574608604FF40010D7
:20388000086067B1BC49039851F82000C8F8DCA208B94FF04009B9484946241A2160D8F8F9
:2038A000380310B1014603988847384606B0BDE8F08FC0460001010010EE0008E0FEFF0414
:2038C0002DE9F04F05F0A0F900284DD1AA48DFF80093002635464FF0010B2F46A0F1040865
:2038E000BA4658F8040F00283AD0A54CA41923682BB13846FFF7DEF9002831D125603846A6
:20390000FFF7D8F950BBBF4880190368E3B10D49C1EBC711096801F00F0103290DD1C8F820
:203920000050056038462560FFF7E0FDC0B9D9F80000401CC9F8000012E0384607F039F9FC
:203940000EE0C046D8FEFF04C0F800B03846FEF74EFF08F0B3F9C9F800A001E0C4F800B020
:203960007F1C06F10406BCD0BDE8F08F10B5A64C4FF480710A46204608F008FB4FF480712B
:203980000022204608F002FB10BDC046D4FEFF04F0B508F0A6FA9D4D686DC0F30327002FFA
:2039A00000F09B8006F0EEF8894C002863D1286800F00F0004285BD02169022F56D9944A41
:2039C0001068401A032898BFA06802D9116800202161401C08284AD300271068A760401AEC
:2039E000032845D8D4F8EC0204F1140640B9286930B10120C6F8DC023846FEF7F8FE37E00E
:203A0000D6F8D8523846FEF7F2FE3846FFF768F910B1642007F024FF1DB138460121FFF7B3
:203A2000E9FB3846FFF77DF8E068401CE060FDB13846FFF73FF9D8B9D6F83403C0B1D6F8A6
:203A40003C1406EB8101C1F83C03D6F83C14012506EB8101C1F84454D6F83C04401C102801
:203A6000C6F83C0428BFC6F83C7401E00020A060FFF77CFFF0BD2868D4F8EC7204F114050C
:203A800000F00F00032802D0002007F092F800200121FFF7AFFBFFF769FF0026A660E7B185
:203AA0003046FFF707F9C0B9D5F83403A8B1D5F83C1405EB8101C1F83C03D5F83C140127F8
:203AC00005EB8101C1F84474D5F83C04401C1028C5F83C0428BFC5F83C64F0BD4D4B40F2AA
:203AE000844250431950704703464A4880B500270C380360416082607F1C00F28440F8D0D3
:203B000080BDC0466000200030FEFFFF70B504460846B4B9404D1949602200262A61C1EBBE
:203B2000C4110E6038B108F0C9F82046FEF75FFE2046FFF7D5F820463146FFF75BFB402036
:203B4000286070BD5F00007990B598B9314A324C324B40F284414143603A5758236127B9A4
:203B60000121FFF747FB402000E0602020604FF40010206090BDC04668E90008ECFEFF043F
:203B800070E9000890B54FF07B404FF08061104CC0F83011D4F8EC72D0F82801143400F0BD
:203BA0000F00032802D0002007F003F800203946FFF720FB2FB3C9480068032821D100209F
:203BC000FFF778F8E8B9D4F83403D0B102E0C04674E90008D4F83C1404EB8101C1F83C0388
:203BE000D4F83C14012704EB8101C1F84474D4F83C04401C1028C4F83C0424BF0020C4F844
:203C00003C0490BD6CE90008780100FB280100FB30FCFFFFC0EC000830FEFFFF6000200098
:203C20002DE9F84FAE4E30684008C0F05481DFF8C092D6F808010127CB46D6F80C51C6F8A4
:203C400008010540E80980F03E81A648284240F02881A8480346D0F800C01C68280942D33A
:203C60001846DBF85014DFF880E203684FF0000888000EF1180E00EBC10000EB0B020BF177
:203C8000140182F8908340180EEB0302FD2380F87D33127880F87E23D6F82C21DBF83C33E4
:203CA0005A40C0F88023DBF84033DBF83C039043CBF83C03BBB1D1F83C24D1F82C0301EB69
:203CC0008202C2F83C03D1F83C0401EB8000C0F84474D1F83C04401C1028C1F83C0424BF09
:203CE0004046C1F83C04E80834D3DBF850148800002300EBC10000EB0B027B4982F89033C7
:203D00003E3961440B780BF11402801803F01F0C0B6980F87DC34946C0F88433D1F84433D2
:203D2000BBB1D2F83C34D2F8300302EB8303C3F83C03D2F83C0402EB8000C0F84474D2F8C2
:203D40003C04401C1028C2F83C0424BF0020C2F83C044F60680846D363480146D9F85084C9
:203D6000005D3A46891E0919C0F34010C9F8E8020020FEF717FF4FEA8800002100EBC8002F
:203D8000484400F56470017099F8E412564B4170195D584C554B8170216899F8E42201EBCD
:203DA00042115C5809F1140184600CB158464760D1F82C43ACB1D1F83C0401EB8000C0F845
:203DC0003C43D1F83C0401EB8000C0F84474D1F83C04401C1028C1F83C0424BF0020C1F82D
:203DE0003C0444480468A80852D33F4859465A464F60223800EB0408D2F8501498F80F30F3
:203E0000584600F11404880033F07F0300EBC100204400F55F7A3BD194F8D012D6F8300177
:203E20000142FBD1002041460246FEF7BBFE00208AF8000094F8D0022E4B8AF8010098F84A
:203E400002002A4A8AF80200186894F8D01200EB41101058CAF80800D4F82C03A8B1D4F8EC
:203E60003C1404EB8101C1F83C03D4F83C0404EB8000C0F84474D4F83C04401C1028C4F842
:203E80003C0424BF0020C4F83C040220C6F80801680E1AD30020FEF7AAFC0020FEF741FE88
:203EA00013E0280F0AD2E80F08D300200DF101016A46FEF734FC0020FEF740FC002001467D
:203EC000FFF7D8F901E0FFF75DFED6F8080100287FF4B3AE3760BDE8F88FC04644F9000808
:203EE000080000FB10000078420101000400010074E9000810EE00082DE9D0431446814639
:203F00000F1C08BF00204DD0C148DFF890820068032818BF002309D14046A03050F8240057
:203F20004088030203F47F4343EA2023832049463A4601F047FB061C2DD0042E31D14046CD
:203F400000EB84025832116805292AD000F51A710B6800EB8303C3F8E891D0F8683200EBE0
:203F60008303C3F80872D0F8683200EB8303C3F84842D0F86842012700EB8404C4F828720B
:203F8000D0F8683240695B1C984298BF00230B600520106005E040460921046100EB8400E2
:203FA00081653046BDE8D083F0B50746BF480168BD4C7A484FF0000CBE00054601EB4711E8
:203FC000AA19641884F801C08119D1F8A010926D891C0B8858303618092A63800DD0072A21
:203FE0000BD00B2A09D00A2A05D0082A03D00C2A18BF012034D1072200E006222270AB68C1
:204000003BBB2278062A0BD1D5F86C2205EB8202D2F8482250F822000B2801D1974218D1D0
:204020007B480068032818BF634605D10888030203F47F4343EA202382202146042201F0F6
:20404000C1FA00B9EF6108B90121A960042801D0F0BD04202178062914BF0C210B2131605D
:20406000F0BD6B4BF0B51B6814460D460646032B18BF002308D18B4850F8240040880302AF
:2040800003F47F4343EA2023032031462A4601F099FA074641487FB1042F12D100EB8401DD
:2040A00058310A68062A0CD04663856304640122C26306260E6004E0C4600A2100EB84007C
:2040C00081653846F0BDF0B5514A7A4D7A4C12680F460646022A02D1FFF766FFB0B9744868
:2040E00050F8260008280BD00A2809D0072818BF09283DD1284639463246FFF7FDFEF0BDF4
:20410000204639463246FFF7ACFFF0BD04282FD1224A02EB8600806D0C2824D00B2827D1A9
:2041200002F51A70016802EB8101C1F8E851D2F8681202EB8101C1F80872D2F8681202EB1D
:204140008101C1F84862D2F86832012402EB8303C3F82842D2F868125269491C8A4298BFD2
:2041600000210160F0BD5463976316640120D063F0BD2DE9F04F094E4C4A4B4C82460F46EE
:204180004FEA8A0906EB09011068CB6F002500EB4A10241823B927B908E0C046F4F3000867
:2041A000022706EB09000121C0F8C41020462946222207F0A7FD032109EB0600217000F1DA
:2041C000A008A771D8F800004088AB466080022FA4F80EB00BD104F110002946FCF7DDFB10
:2041E0000546A8B22906001240EA1140E081D6F89C0106EB8000D0F8580106F5AC7758BBCF
:20420000034800681035032818BF5B460AD101E040F90008D8F800004088030203F47F43B0
:2042200043EA2023822021462A4601F0CBF908B9C6F81CA070B9FFE706EB09001021816585
:20424000706950452CD9706A401C00F03F007062BDE8F08F042823D106EB09005830026884
:2042600001210D2A13D00D220260D6F8980147F82010D6F8980107EB8000C0F820A0386CA6
:20428000401C0828A8BF58463864BDE8F08F786C401E48BF07207864D6F89C0147F82010A7
:2042A000BDE8F08F94F40008F014010010EE00084CF40008000010C0000014C02DE9F04FFE
:2042C000CF4C064631192C31B54B0A78B700381900F1A00984F85420D9F80000A2191030F0
:2042E000606492F82C5040F284426A439D588A46002D06BF002184F8561084F856600078EB
:20430000E02803DBE828D8BF062000DD102084F855003D194FF0000B04F14400C435C5F87D
:2043200000B0FDF717FA8046B8F1080F00F08280B8F1090F31D0B8F1000F0AD0E019806D16
:20434000092803D00A2804D1032000E0832001F040F8012028606269B8F1120F0ED0E4196A
:20436000A06D0A2800F08580B8F1000F14BF022159463046FFF7FDFEBDE8F08F04F5847044
:20438000016804EB8101C1F8E860D4F80811491C8A4298BF59468B4669E0CC484FF00108C0
:2043A0000068C5F80080022818BF584602D13046FFF7FAFD0028216DC54BAB482DD0E219D2
:2043C000926D0B2A55D11A68D4F8685204F5F473821804EB850541F214008842C5F8E82131
:2043E00088BF081CD4F8681203EB81010862D4F8680203EB80000666D4F8680203EB80007E
:20440000C0F840806169D3F88000401C814298BF5846C3F88000BDE8F08F41F214028A4287
:2044200088BF0A1C1B681146C0183246FFF764FDBDE8F08F9AF80010C24A40F2844000FBCB
:204440000120D0F8980228B1D9F80000007CFBF71DFF70B904F58470016804EB8101C1F8FC
:20446000E8606269D4F80811491C8A4200D859460160BDE8F08F2DE9FC4F614C0746BD00FF
:204480006019D0F8A06001A906F110094846FCF7C3F906F1100B8046B8F1000F484619D1DC
:2044A000E1193F4B91F82C2040F2844606FB02F15E581EB10078FBF7E9FE28B9019800283B
:2044C0000CBF0A20092009E0019800280CBF0820072003E0B8F1050F02D10F2061198865F1
:2044E000B8F1010F51D05846FBF7EAFE3E192C366119DFF850A2C867307840F2844909FB94
:2045000000A0D0F89802A0B99BF80000FBF7BEFE78B1317809FB01A0D0F8D80248B158464F
:204520006A46FCF725F958BB00993846FFF7CBFD26E06019806D0A2822D164480068022803
:2045400003D13846FFF730FD8046614801689948B8F1000F0CD0B8F1040F1FD140186063D2
:204560004FF48056A66327640125E563BDE8FC8F40183A464FF48051FFF773FDBDE8FC8F6E
:204580003846FFF79BFEBDE8FC8F052020210022FBF7D1FD38460221FFF7EBFDBDE8FC8FE7
:2045A00020EC0008F0B5164CA06A656A002814DD04F55C7604F1580306EB85010A6853F89F
:2045C0002270032F33D0042F07D0401E6D1C0028A06205F03F056562EEDC04EB850101F5C4
:2045E0005C710A6804F1580656F82230032B1ED0042B38D167682FB16D1E30D430E0C046E1
:20460000F4F300086C4F07EB85000068FFF733FF20686D1C05F03F05401E206023D007EBDC
:204620008500016856F821100429EED0F0BDA318624A93F82C30C2EBC31252F8043C17689C
:204640001F430AD1676847B9012060600868FFF712FF2068401E2060F0BD6D1E00D53F251F
:204660006562401CA062F0BD10260100F0B50E461749C54D09680746082201EB471000217A
:204680002D18284607F03EFBC04C04202946BD00087064192068801C02884A800B4ACE71DA
:2046A0001268032A18BF002305D10088030203F47F4343EA20238220082200F083FF064643
:2046C000CD489EB3042E3BD104E0C04640F9000810EE00084219583211680E290ED1D0F8C9
:2046E000E41100F5D0724B1E0029D8BF07235364D0F8E411012742F82170F0BD0E2300F501
:20470000F07113600A68012600EB8202C2F8A061D0F8E02100EB8202C2F8C071D0F8E00136
:20472000401C0828A8BF00200860F0BDC7612368012241191A741027C1F8C420401987657A
:20474000F0BDC04688E9000830B50446CD488E490068A94D00EB44100918CB48CA89CB899A
:204760000068120202F47F42032842EA132202F1100218BF002309D12846A03050F82400F7
:204780004088030203F47F4343EA2023822000F019FF68B928461022C46100EB84018A6534
:2047A0004169A14204D9416A491C01F03F01416230BDC0461016010064F70008C8FEFF0465
:2047C000F0B58D4C04F11C052A6890002118896D3C35102953D12118D1F8A010097C04F1FA
:2047E000A006012913D00027A7603058007CFBF74DFD50B1E269A018BE4990F82C3040F277
:20480000844058430B580BB101E0E2696760900021186769D1F8C4306BB300232B5061694B
:20482000914228D931584888C0F3052004EB8006D6F8700204F51C7C891C401EC6F87002FA
:2048400004D50888C0F305204CF8203004F5A870016804EB8101C1F83021D4F8502101262A
:2048600004EB8202C2F81061D4F85011491C8F4298BF191C0160206808B1FFF793FED4F8B6
:204880009C0104F5AC7281005758002F6ED1D4F8E40104F5D0728000175857B11118002793
:2048A000096A1750506C401C0828A8BF381C506400E0012773480068002F4DD072480068CE
:2048C00002285FD1A06800285CD1E06B20B1206C55F820100C2933D0D4F86C0280000119F0
:2048E000D1F8481255F8211004F5F4760B2949D13018006EFFF758FB002843D1D4F86C02F1
:2049000006EB8000006E052145F82010D4F86C0280008219116A3058126EFFF7EDFA88BB2D
:20492000D4F86C02002106EB800001646269D6F88400401C824298BF081CC6F88400F0BD9F
:20494000FFF732FBF0B9606BA16B226CFFF789FB08B90020E063F0BD0B4A00EB4110D21D5B
:20496000125C08461146FFF781FEF0BD50180023006A5350516C491C0829A8BF191C5164C6
:20498000FFF7E2FEF0BDC046F014010094F400085849F0B5086C28B1086800281CBF087972
:2049A000401C00D10820144C0021482204F588756061284607F0A6F96169012604F15407BB
:2049C0000022134657F8040F012810D099423A600DD9D4F8500105EB80000362D4F8500187
:2049E00045F82060D4F85001401CC4F850015B1C092BE7D3F0BDC046F4F3000830B504463E
:204A0000032000F0E6FC832000F0E3FC07F048F9C54D0021482205F5AC7007F073F90021C0
:204A2000882205F5F47007F06DF90021102205F1340007F067F90021242205F17C0007F06D
:204A400061F900214FF4807205F51C7007F05AF90021242205F1C40007F054F90021282206
:204A600005F1E80007F04EF90020A8606860286028626862A862E86028610CB1FFF788FF39
:204A800030BDC04610EE000840F900081948F0B54438006808B107F07FFAFFF779FFAF4A62
:204AA000D7682FBBA0480446D4F8541100F588708900475867B143181D6AA5610026465099
:204AC000416C6369491C8B4298BF311C416400E0A569A448A24912880068002300EB4510B8
:204AE0000918022000F06EFD04EB85040120A065F0BDC04620EC000810B58B4C00212422B0
:204B000004F1580007F0FEF80021482204F5D07007F0F8F8022000F05CFC822000F059FC5F
:204B20000020FFF76BFF90489049914AFEF7DCFF90490020FEF7D2FF8F49086808B9486821
:204B400008B1FFF7A3FF10BD8C4930B5822006F047FC8B49022006F043FC8A49832006F00B
:204B60003FFC8949032006F03BFC884806F034FC7C4D7B4C286800214FF49072201807F02D
:204B8000C1F8834829684FF490724018002107F0B9F865492A680920A031A41841F8044B1C
:204BA000401E04F12004F9D130BDB0B50F4601460B784FF0FF320024981125D0401E1DD0C6
:204BC000401E17D0181103F00F0300F00305012B08BF10F0030F17D0022B09D1012D07D171
:204BE0004B788878CA7840EA032042EA00220CE001240AE04A7802F01F0206E04A78180283
:204C000000F47C50024300E04A7807B13A602046B0BDF0B55F4F604C00231D4657F8046F81
:204C20007688B04209D1E658012E06D9102E04D2AA421CBF0D60012004D16D1C1B1D092D29
:204C4000ECD30020F0BD704770B5374D06462C46E06880002118896D58350A2918D12018D2
:204C6000D0F8A000007CFBF711FB20B97068A064E068FFF723FBE0688200A118D1F8C41021
:204C8000002904BF0F20A85002D00021FFF771FAE06B58B1226C55F82200062806D1606B8C
:204CA000A16BFFF7DEF908B90020E06370BDF0B51D4C04F11005286881006218926D4835AB
:204CC000092A0AD16218D2F8C470002F04BF0F20685002D00021FFF74CFAD4F86C0281008B
:204CE000081900F50A70076804F5F476D7B1006A55F82000052815D18A197058116A126E7A
:204D0000FFF7FAF870B9D4F86C02002106EB800001646269D6F88400401C824298BF081C99
:204D2000C6F88400F0BDC046F4F300080246CD4890B543690121092B0ED200EB8300C3F1E9
:204D40000904543050F8047F27B1641E03F10103F8D101E013600021084690BD14FA0008B6
:204D6000D013010010EE0008615100089D500008195100088D4A000860EC0008C1470008E5
:204D80009D4D0008AF4C0008494C0008F94A0008F014010090F400084CF400082DE9FE4702
:204DA000B0490C461431A06963690A684E68834221D8D4F8543104F588719B00CF58D7B11B
:204DC000CA180025176ACD504A6C6369521C934298BF2A1C8600A76104EB87004A64A11960
:204DE000D0F8A000D1F8A010202206F0ABFFA01985656269A66904F158084FF0020A48F893
:204E000026A0C34FDFF80C93D4F8540104F5887151F82030354633B904F11800FFF786FFA9
:204E2000F0B9A6690DE0D4F8540180000B181E6AA66100230B50486C401C824298BF181C9D
:204E400048644946C54A086812880023394600EB46100918504600F0B5FB012048F826003D
:204E60006069A84240F20E81206A494604EB80000A68C0F87053206A3E4602EB4512B61829
:204E8000401C00F03F0020623078CC46012818BF052840F0F58006F1080001A9FFF785FE57
:204EA0000198012807D13078012804D1307CA02804BF0020019070888111821101F0FC01BF
:204EC00002F0FC026318A218D3F870E2D2F87012071204F51C79BEF1000F4FEA006301F151
:204EE000010147EA1347C2F8701206DD69462A46FFF78FFE002840F0A3809DF804102819FF
:204F00002C3001703278DCF8001004F12C06012A55D0052A40F0B48004EB85009DF80430EF
:204F2000D0F8A010002B01F1020746D10879401E0DD0401E2BD0801E29D0001F27D00838BA
:204F400025D0303821D0403802281ED91BE0C888FF2202A9FFF75DFEB8B10298800058F82F
:204F60000010012911D904290FD8002648F8006031462846FFF77AFB20680028C4BF401E52
:204F8000061C304656E0042112E0052110E0705D0121FEF737FA0120FFF730FD38880021DC
:204FA000801100F0FC0059F80020521C49F800202846FFF75BFBBDE8FE870921F8E70778C8
:204FC000002F3AD1BC4A40F284407843175837B1B74801EB4511405CFBF758F990B9206898
:204FE000616850EA01070BD1725DB449C1EBC21151F8042C0F68174304BF0120606010D0B1
:20500000032114E02068616850EA01070ED1725DA849C1EBC2110A68012707FA05F11142E3
:2050200004D12846FFF727FABDE8FE87042148F82510401C2060BDE8FE87052025210CE0F5
:205040003078012810D1009804EB8004D4F8A0000078012808D10B204E210022FBF76BF89C
:20506000514616E0F4F3000801980021FEF7CAF90120FFF7C3FC07F03F070A21B80092E7D3
:20508000514695E704EB8504D4F8A0000121017428212846FFF76DF8BDE8FE8770B50646D5
:2050A0008748006802282DD1864D2C46206980002118896D58350F2906D12018D0F8A000D8
:2050C000007CFBF7E3F898B9E068800029580F2918D12018D0F8A000007CFBF7D7F888B1B6
:2050E000E068012104EB8000C0F8C410E06806E02069012104EB8000C0F8C41020690021CD
:20510000FFF737F87078B168FEF7DDFF70BDC046D013010010EE00086A4890B5D0F80C119F
:2051200000EB8101D1F8E84000EB84018F6D00F1E80297B1516A4069491C884298BF002177
:205140000320516200F045F9832000F042F906F07FFD20460221FFF70CF890BD14FA000825
:205160002DE9F04F06467078FD2856D0554AD2F80C5102F1140102EB85000B68D0F8E840B8
:2051800002EB8400876D443102F1E80067B9D2F80811A94240F38980416A491C8B4298BFFC
:2051A00000214162BDE8F08F456A6D1CAB4298BF00254562B5786D0827D2A00001238218C6
:2051C000C2F8C43008580F281AD0092868D1D2F8A000007CFBF75AF8002861D138480068CA
:2051E000022804D12046FEF7DFFE002858D1364936480A68B16880182246FEF77DFE4FE000
:2052000020460021FEF7B5FF4AE0416A491E48BF591E4162FFF780FF42E0B07840083FD2E9
:20522000776817F0FF0F18BF002409D117F47F4F18BF082404D117F47F0F14BF1024182418
:20524000204D6869A0422BD94FF0010905F1580AC846CB4609FA04F10F421ED0A1005AF840
:2052600001000F280BD0092805D0052803D00A2818BF0B280BD16818C0F8C48007E068181A
:20528000C0F8C48000212046FEF773FF77680BFA04F04740776003D06869641C8442D9D358
:2052A0000848006808B1FFF77DF9BDE8F08FC046E0130100CCFEFF0420EC0008C8FEFF0449
:2052C00040F90008F4F3000810EE0008101601002DE9F047B84D074678009A4691468846D5
:2052E0004FF47A7620F4807040EAD710040103E0012006F0E3F9761E601B0168C90A47D227
:20530000002E47DD08F0FF06D14A40F808AC072E40F8049C08D111460C31096841F28A038C
:205320008B4238BF414602D348F48061601B082E01602AD1FEB2114636F07F0608D007F0A2
:205340007F02D00000EB4210081800F5907006E007F07F02D00000EB421008188030466ABF
:205360009EB1380A0DD3C86B00280CBF062005204FF07D42D36801210A308140594091606B
:2053800003E04FF07D418869C8610020BDE8F087002EADDC0220BDE8F087C2B232F07F01CC
:2053A000864A1ABF111CA031111C00F07F03DA0002EB43128918C96900220904134641F0FF
:2053C0000701FFF785BF42007D481E2106F0DEBD704770B5794C0546E8B230F07F0018BFB8
:2053E000A03405F07F01C80000EB41102418206A10B3E069002240F60811134641EA004158
:205400002846FFF765FF08B90020206206F069FD694C680020F4807040EAD510060142F29A
:20542000107503E0012006F049F96D1E301B0068C00A03D2002D03DD002070BD002DF1DC7A
:20544000022070BD2DE9F041814D0646F0B230F07F0718460B4607D106F07F04E10001EB87
:2054600044116C18803407E006F07F04E10001EB44116C1804F59074A3619968E160A26054
:20548000002767601A68010441F4837122603A46E0823046FFF71CFF5FEA00081BD1012025
:2054A00020622869032816D0454C04F108000068C0F3834002280ED1300A0CD320464FF491
:2054C000F0713A4606F062FD20464FF4F0714FF4807206F05BFD4046BDE8F081B54810B5AB
:2054E00000235B4C0168E3610068636201F5893100F5863008604B6008228A602320C8601B
:205500001846FFF79FFFE06A08B903F0FEF810BD30B50446E0B230F07F0014BFBF4D274D25
:2055200004F07F01C80000EB41102D18686A10B12046FFF74EFF0022204604211346FFF776
:20554000C7FE08B9012028610CB9FFF7C7FF30BD4006820DB2484FF47E7106F017BD70472B
:2055600070473B4810B50169032918D0C06DB0B1AB480C300068C0F38340032818BF0528E4
:205580000DD10F4C4FF4F0710022204606F0FEFC4FF4F0714FF48072204606F0F7FC10BDC1
:2055A000A049020A28BFA03120F08000C20002EB401008587047C046F437FF03B0F90008B4
:2055C00004C700FC2DE9F04FC7B2ADF1180D1C468C46039037F07F0702921D48019408D198
:2055E000039901F07F01CA0002EB41128518803508E0039901F07F01CA0002EB41128518A6
:2056000005F590752F6A00F10C010590002F18BF042040F0B980844A6046824204D0834AF3
:20562000824218BF002200D101226A62614BDDF80CA07F4A1B681AF0800A0BD1AF8A029C2D
:205640004032E419641EB4FBF7F4674303E0C04630F90008029F6E6AD84CDDF80CC0002E8F
:2056600004EA0C0403EB041422447AD0DDF814C0DCF83C403A46002C0CBF4FF400354FF44B
:205680004035DA480027BAF1000F08D1B03001F5F8714FF4003E4FF00808C0180AE001F5F2
:2056A000DA71C018002C14BF4FF4804E4FF4004E4FF00A08019E01EB870340F6110B0090DE
:2056C0006FEA0509340403F1040C4BEA940BCDF810B096458CBF151C75464B6BDDF814B06D
:2056E00009EA03034B63049BDBF80C4041F20A26521BA64207D1019E2EB1002F04BFBAF19A
:20570000000F23F00103002A14BF042402244E6B4FF0000B06607F1C1C43C0F804B04E6B90
:205720008560AB194B63C4601030CCF800501AB1B8450CF1040CCCD8B84509D1DDF800C0B5
:20574000C0F800C05F4647605E4686608123C360CF62019F0A60DC468F63009AC1F830C0A2
:205760000CE0019E10604FF0000C40F61300C2F804C03104976040EA9100D0601146039813
:20578000019B029AFFF75EFE06B0BDE8F08F10B501242046FFF71DFE44F08000FFF719FE83
:2057A000641C032CF5D910BD09040A0C00230221FFF78EBD10EE0008C84A70B512680D46EB
:2057C0000646042A0EBF4FF40070D94830F81200D8494FF4A063A1F89400C400A1F834014E
:2057E000224601210020FFF773FD2DB10020022101220346FFF76CFDDD4B06F01F068020CA
:20580000012144EA4642FFF763FD2DB18020022101220023FFF75CFD70BDC04650FA00089F
:2058200000C700FCC0F90008000010C0000014C0101201002DE9F04317460E460546FFF7E2
:20584000A6FFD04C4FF040414FF08042204606F09DFB2A462068C00FFCD2A04CDFF82093C7
:2058600004200025103C09F11003206165611868E5616FF31F40E06002B1226006B16660C6
:2058800007B1A760DFF848C3DFF8408304F10C0E04F168012A4641F8285F5600D0090D6193
:2058A00026F480774D61521CC1F8A0500743C1F8B05008EA0606C1F8B450032ACCEB071752
:2058C00040EA06003D604FEA001040F01000A0EB0C000560DFD9CC480068C3F8E4524FF40E
:2058E000007200F58531C3F8E01200F58530CEF82C02C44FC3F8E82241F21A06CEF830120D
:2059000001F50072C3F8EC521F21C3F8E075E768CEF83422BE42C3F8E81505D002216FF05C
:205920005F000A4606F032FBD948DA4FDFF85C83006848B9E06841F21A3181420BD94FF47C
:20594000806138460A4602E0D349D44A484606F01DFB404600683146F031814218D84FF464
:20596000802138460A4606F011FB484601212A4606F00CFB4FF4003138460A4606F006FB60
:205980004FF4803148460A4606F000FB404600687036864205D22846092102461346FFF7E2
:2059A00097FC28460121FFF707FF0120A062E062322005F055FFBDE8F083C0467FFFFF0F1E
:2059C000D748006810F007000ED0401E08D0401E08D0401E04D0401E14BF0420032070478E
:2059E0000120704700207047022070479012010070B5504C06462069032815D104EB860060
:205A0000C06D88B15F4D4FF4F0710022284606F0BDFA4FF4F0714FF48072284606F0B6FAA6
:205A200084F848600120606470BD77490B68002814BFDB49D849D94A1268002A19440CBFCE
:205A40000323042300220A604A601B018A6043F00303CB601346FFF7F5BC8C4BF0B5074690
:205A60000C46FEB2104636F07F0607D107F07F05E90001EB45115918743107E007F07F052D
:205A8000E90001EB4511591801F58A710E6A9C46002E18BF04201CD15B4B1D6847B9888ACC
:205AA000BD4B1118491EB1FBF0F61946704300E0BB4949190C60BCF88840002384424B60E8
:205AC00098BF201C886040F65300C8603846FFF7B9FCF0BD0023FFF775BDC04640F9000832
:205AE00010B5284C2068000821D3FFF750FE20464FF00041002206F049FA20464FF4F011BA
:205B00004FF4202206F042FA6048006841F28A01814208D94FF0804120460A4606F036FA80
:205B20002068C00FFCD24FF4FA7005F099FE10BDB0C3000830F900082DE9904188460022B7
:205B4000044603211346FFF7C3FB4146071C0BD1D04A600020F4807040EAD410C2EB0012F9
:205B60001068C0F3846008603846BDE89081C0460005000203484FF000410A4606F006BA9C
:205B800010C100FC04C700FC70B50446C2481546CA00A306260A42F0060243F4E06306D36D
:205BA00005F01F0543F00073A03042EA454224F08006F50005EB4615415320460121FFF7B7
:205BC00087FB20460121FFF7EFFD70BDFFFEFF0FF437FF0310B50022052104461346FFF7CE
:205BE00077FB68B9E0B230F07F0014BFAB48AC4804F07F01CA00002402EB41128018046188
:205C000010BDC0460400460010EE0008F0B50446A448006815469C46CA0042F004020328B4
:205C200008BF42F07072A048A306012D43F440730AD9C66841F20A2743F08073B74203D178
:205C4000260A0CD243F40053260A08D224F08007FE0006EB47168019A0F894100DE024F0E5
:205C600080070CF01F0CFE0043F0007342EA4C4206EB47168019A0F8341120460121FFF7D6
:205C800027FB20462946FFF78FFDF0BD3CF9000818EE0008C0C200FC0000F8FF0000307579
:205CA0002DE9F043804C04F110000068042870D07E4F4FF003091A49C7F800900868800C30
:205CC000FCD3FFF764FDE06841F28A01814205D27749002002460346FFF7FAFADFF8D48177
:205CE000206908EB4000018900220120FFF74CFF206908EB4000018901228120FFF744FF97
:205D00000120FFF767FF8120FFF764FF23690F25002B3DD0E06B0126012820D102E0C046A0
:205D20000CC700FC032B08BF022608EB4300018A012200230220FFF769FF0220FFF74AFF8F
:205D4000206908EB4000018A022332468220FFF75DFF8220FFF73EFF204603693F2508EB6D
:205D60004300018B324600234846FFF74FFF4846FFF730FF206908EB4000018B32464B46E3
:205D80008320FFF743FF8320FFF724FF45F0C0053D60BDE8F083C0465012010050F9000803
:205DA00010120100F0B544493F4A0D68010A10D2D2F82812364CD2F8FC31082705EB0111F5
:205DC00002F5FE756418590C18BF4FF40033D16B16E002F5E076D16BF36A384C0A2705EB6E
:205DE000031302F5E075E41829B93368DE0B18BF4FF4004304E033689E0B18BF4FF480437D
:205E0000002914BF4FF440364FF400362968002908BF01203AD0696BB14340F6110C2E68F7
:205E20006963F61AA96B2E604FEA01414CEA910C14BF042102216E6B266000266660A3602D
:205E400041EA0C01E160E96A05EB81014B60696B5B186B63E96A491C8F42E96298BFEE62C9
:205E6000D16841F29A028A420ED9154A410021F4807141EAD011C2EB0112116801F0FF018B
:205E8000072908BF301C01D0FFF787FAF0BDC04640130100F837FF03C4F9000850FA000828
:205EA000B0F9000840F9000830F9000820C700FC09000200B0C3000810EE000890120100AD
:205EC000F437FF03C94900B5087848B108460178491E0170007818B9FFF702FE06F05CF82D
:205EE00000BDE24800B500214FF4B67205F00AFFBE490020087005F0E1FD03F060FB00BDFF
:205F000002784178807841EA022140EA012070472DE9F841171C0E46054621D04FF00008AD
:205F200005F0FF04C4F58074BC4288BF3C1C4146CDF8008006200A46134605F0AFF840B9EF
:205F4000CDF80080022029463246234605F0A6F810B10120BDE8F8813F1B25442644DFD11A
:205F60000020BDE8F88110B500216C22044605F0C9FE9F4820609F4860609F48A0609F488D
:205F8000E0609F4820619F4860619F48A0619F48E06110BD2DE9F04F1027ADF5867D6E46EF
:205FA0000D784A788B78CC787F1E01F1040142EA052243EA022344EA032446F8044BEFD178
:205FC00001AC30272668656B54F8043C216AF2084FEA952C7F1E82EAF61219448CEA754CAF
:205FE00082EAB6428CEAF5430A441344E36304F10404E7D1C2688369C6690168D0F80490E5
:20600000D0F808E0D0F814B0DFF804C240274292E8464193026940965CF8045B58F8043BE7
:20602000DDF804A14FEAB21484EAF22484EA72645B19E418409B0BEA02062AEA020A8AEA43
:2060400006057F1E25444FEAB10A419CCDF804B10EEA090640948AEA713A93462B4409EAAF
:2060600001040EEA0105429ACDF808E1CE4685EA040589468AEAB15486EA05061A4426447C
:2060800006EB0301C8D10768036946688568C919D2180160C46802614E447544429947696A
:2060A0008369C2694660091985600BEB07044461419F409CC160F918816143B0A118C161D8
:2060C000BDE8F08F2DE9F0410546686A16460F4600EBC60290426A6202D9286A401C2862E3
:2060E000286A4FF0000800EB567028621BE0A86EC0F14001C0F140048E4238BF341C3946FE
:2061000022462818283005F01DFEA86E361BE7192018A866402806D105F128012846FFF700
:2061200039FFC5F86880002EE1D1BDE8F081B0B50446A06E8023421CA266201880F82830BE
:20614000A26E0D46382A0DD9A0180021C2F14002283005F0D7FD04F128012046FFF71AFF12
:206160000022A266A0180021C2F13802283005F0C9FD206A84F86300020C84F86120616ADD
:2061800084F867100F0E84F86470030E84F86030000A84F862000A0C84F8652020460A0A09
:2061A00084F8662004F12801FFF7F4FE2D1F0827E078A278617805F8040F14F8043B6A70DC
:2061C000A9707F1EEB70F3D1B0BDC0B51746002610F8013B11F8012B7F1E82EA030242EAD2
:2061E0000606F5D1002006B90120C0BDB0F0000867E6096A85AE67BB72F36E3C3AF54FA561
:206200007F520E518C68059BABD9831F19CDE05B34C200082DE9F04F051C92460E46ADF135
:20622000480D7FD06B78E81CFFF76AFE0746A81DFFF766FE834633F01F0003F01F0371D1A7
:20624000A87800286ED1687A00286BD15E4569D1DFF81890042B22D0052B63D156EA0B0045
:2062600060D14FF29E20B8425CD101E0B4F0000849468868002855D0C868002852D0086983
:2062800000284FD1FFE7091D00200422FFF740FE002837D1BB49052008700020F0E0ABF1D3
:2062A0000100000B3ED1BAF1000F3BD00BEB07054FF29E20A84235D367BB00214FF4B6725D
:2062C000484605F01FFD4C4604F11400FFF74BFE04F18000FFF747FE0026B0464146CDF82D
:2062E000008006200A46134604F0D8FE40B94246CDF8008020203146134604F0CFFE18B125
:20630000012020610D20BBE006F58056300CE5D00120A0604C46A06820B1206910B92068EB
:20632000B84201D00B20ABE004F1140651465A463046FFF7C7FE2A461196B2F5847F14D9B7
:20634000B7F5C47F11D2B7F5847F34BF4FF484733B1CB2F5C47F88BF4FF4C4721819D91B69
:20636000D21A1C38514405F0EDFC2A46B2F5C67F14D94FF29E21091FB9420FD904F18000A1
:20638000B7F5C67F34BF4FF4C6733B1C914238BF0A1CD91BD21A5144FFF794FE28463E4667
:2063A000B0F5C67F33D94FF29E21091FB1422ED9B6F5C67F34BF4FF4C6753D1C814238BF51
:2063C000081C8046A5F5C677A5EB0609042F10D2C5F5C876A8EB0500B04238BF061C0AEBB8
:2063E000090138193246001D05F0ACFC7519B144F719A8450BD90AEB0906A8EB0502384690
:206400003146FFF785FD002818BF0D2036D120684FF29E215844206081427FF43EAF1198EA
:2064200001A9FFF784FE04F1800009A9FFF77FFE8C4E01A8202206F11801FFF7C6FE0125EB
:20644000B8B904F1EC0031460822FFF7BEFE78B104F1F40009A92022FFF7B7FE40B104F2FF
:206460001312582112F8010F10B9491EFAD100E00025002DE5607FF410AF112001212161EB
:2064800012B0BDE8F08F4170091201707047C1700A0E02700A0C4270090A81707047B0B57F
:2064A00004461746101C15D0401E11D00F380DD0401E09D0401E03D00E3803D0401E0DD104
:2064C000102508E0182506E0052504E02C2502E0062500E012250CB18D4201D90020B0BD06
:2064E000204600212A4605F00DFC20463946FFF7CAFF281F81B2A01CFFF7C5FF6FB3012FC1
:2065000026D0102F0FD0112F0BD0122F07D0202F1CBF0120207333D1012108462EE00421AF
:206520002DE0012017E01427E775012020750021A175E1762023E177042223760227627600
:2065400004F12800A776BD49A777FFF7A0FF17E0012060710020207112E01127E7721021FA
:20656000617200202072A0722073A0732074122363732022E273212767740121A071E17100
:206580002846B0BDB0F00008F0B5071C144602D0B1F5017F01D20020F0BD00214FF40172E7
:2065A00005F0B0FB40F284454FF48076C22202217A700020B970C44BF87005FB043232F8F6
:2065C000020B761E78714FEA2021397107F10207F5D14FF40170F0BD70B5064615460024F5
:2065E000184601E0401C641C0278002AFAD12A68A018401C814238BF00200CD3B01819468B
:20660000224605F09FFB2868002324182C60611C33550120296070BDF0B50646069C0598FC
:206620001546844238BF201C5A1E002412F8017F1FB1401E04F10104F8D12A68A018401C49
:20664000814238BF00200CD3B0181946224605F079FB2868002724182C60611C37550120E0
:206660002960F0BDFCC100082DE9FE4F0C469649074640F2844390460520002F03FB081500
:20668000029005F50B7A05F5047B00F0D480BC2CC0F0D18038460021BC2205F033FBC020C3
:2066A0007870D5F88052404601F0CBFB0646214602AA73A33846FFF78FFF002800F0BB804C
:2066C0000298AC4600F109018C42C0F0B480DDF808E0DFF8B8911C2200212CFA02F303F037
:2066E0000F0319F803300EEB0105491C0829A2F104027B55F1D300F109010022083002919A
:2067000028253A54534621463846009502AA0195FFF782FF002800F08E8014200090214681
:2067200002AA5B4601903846FFF776FF002800F08280002E4AD1404604F043FAB8A60228F0
:2067400020D033463846214602AAFFF745FF002871D03846214602AA3346FFF73DFF002838
:2067600069D03846214602AA3346FFF735FF002861D03846214602AA3346FFF72DFF0028FF
:206780004ED158E000952020214602AA534601903846FFF741FF00284DD033463846214639
:2067A00002AAFFF719FF002845D03846214602AA3346FFF711FF00283DD03846214602AA0C
:2067C0003346FFF709FF00282AD134E0202500953846214602AA33460195FFF71DFF002857
:2067E00029D0009506F120033846214602AA0195FFF712FFF8B11025009506F14003384698
:20680000214602AA0195FFF707FFA0B1009506F150033846214602AA0195FFF7FDFE50B18A
:206820000299B81C091F89B2FFF72DFE0298411F3971BDE8FE8F0020BDE8FE8F00040180B8
:20684000B0B504AF3D780C46114622460446A018FFF719FEA4186021C570022D817007D0E2
:20686000E371180E20711F0C6771190AA17104E0241D99B22046FFF706FEA818001DB0BDBB
:206880004361727472696467653A00C004C200082DE9F84307460C4840F2844404FB0209A5
:2068A00009F5207090E83000002F4FEA45524FEAD42040EA020080465DD0202B59D0212B97
:2068C00026D00D2B57D101E088E90008102952D3FFE738460021102205F014FA0C21F9705A
:2068E0000026BE703E717E713E727E72BE720125FD720D2038700222FA717A734321B97162
:20690000397302F04DFC01461020F973BDE8F883742930D338460021742205F0F3F90026B1
:20692000702502242120BE703246FD7004213870134638468DF80040FFF782FF042501241A
:206940000146022C07D0032C05D00A2C14BF331C99F8633200E04346A2B28DF80050384659
:20696000FFF76EFF641C0D2C0146EAD97420BDE8F883382902D20020BDE8F8833846002129
:20698000382205F0BFF90026342502242020BE703246FD7004213870134638468DF800408F
:2069A000FFF74EFF804602F005FE0425034601228DF8005041463846FFF742FF01468DF867
:2069C0000050224633463846FFF73AFF014603228DF800403846FFF733FF01468DF80040F6
:2069E0002A4601233846FFF72BFF014605228DF8004033463846FFF723FF014606228DF82F
:206A0000004007233846FFF71BFF01461A468DF8004038463346FFF713FFBDE8F883C046ED
:206A200000C090B5071C01D02A2901D2002090BD00212A2205F066F92624FC7083207870C8
:206A400002233B7101227A712221F97105F09CF80446082207F1080004F10A0105F072F94D
:206A600007F11000102204F1120105F06BF907F120000A22214605F065F92A2090BD0000E6
:206A8000A349A2480968401810F8011C007840EA0120FEF79DBC10B59E4C04F1080000680D
:206AA000022812D36068032818BF03200ED19A4804F086FC9648B4F872200168002001F508
:206AC0008631FEF7CAFF002010BD012010BDF0B50E46014691480778D7B10024437899428C
:206AE00003D1641CA51A012D14D0212B0CD1222905D1641CA31A012B08BF38440AD0057A22
:206B0000C37943EA0523181838180778002FE5D10120F0BD06B130600020F0BDB0B57D4CF0
:206B2000A168B4F87070B4F86E50012003291ED1012F1CD8AFB9012D13D825B1012D04D19C
:206B400004F0FEFB01E004F011FC002121200A46FFF7BDFF08B903F085FAE41984F85B50AB
:206B600004E0012F03D115B984F85C500020B0BD684800B58168032903D1B0F8701001290A
:206B800001D9012000BD4018644990F85B00091F0A681070096880200122FEF75EFF002095
:206BA00000BD70B55B4DA868B5F86E100124022801F0FF061FD3012E1DD811F0FF0F11D0C5
:206BC00004F0D4FB002121200A46FFF780FF08B903F048FA03F073F910B9204603F0AAF8B2
:206BE000032000E00220A86085F85A6000245B3505F8014B2C70204670BD00B5C24AAC4850
:206C0000116800780870116880200122FEF725FF002000BD78B5212000226946FFF757FF4E
:206C2000061C1AD10098057AC47969462220FFF74EFF44EA0524061C0FD1B34D009928683D
:206C4000224605F07FF89A4818300288944298BF221C29688020FEF700FF304678BDB8B504
:206C6000212000226946FFF732FF071C10D10099A54D0C782868224605F064F88C48183063
:206C80000288944298BF221C29688020FEF7E5FE3846B8BDFCB50F2000226946FFF717FF46
:206CA000071C30D10098C178847844EA012400E0521C102001A9FFF70AFFA0B9019881787E
:206CC0000429F5D1002151F8842C51F8801C51EA020608D0026182EA0103C160DB438360B2
:206CE00001EA02064660884D00992868224605F029F86F4818300288944298BF221C2968FA
:206D00008020FEF7AAFE3846FCBDC046050C010010EE00083CF90008816A000868F8000849
:206D20002DE9FC4F8046784805680C46002269460220FFF7CCFE0028019418BF012067D10D
:206D400000990C782846224604F0FCFF00982018009007786519002F3ED04FF000094FF030
:206D6000400B4FF0020A00994E78042E06D0052E07D0212E05D0242E03D027E0C8796228F1
:206D800022D028463A4604F0DDFF052E11D1E87802280ED1B8F1020F07D0B8F1010F04BFB8
:206DA00085F804B085F8059003E085F8049085F805A0212E3C443D4408D10098027AC17903
:206DC00041EA0221091800E04431009100983F1800973F78002FC6D14B4D286884702968AE
:206DE000270ACF7029680A7AFA20B0EB820F02D9087A8000C0B2087203F058F828B1C848D3
:206E0000006810B1286804210172019804600020BDE8FC8F98B5C84C6068032808BF032096
:206E20001CD0022805D0012818BF012715D1022000E001206946FFF773FF071C0DD13248A4
:206E4000016807224A70B4F872200099914298BF0A1C01688020FEF700FE384698BDB8B583
:206E6000AF4C403C6068032808BF032018D0062069460022FFF72BFE071C10D10099224DB4
:206E80000A78286804F05EFF0098B4F8722000789042D8BF021C29688020FEF7DEFD38463B
:206EA000B8BD0A28ACBF37303030C0B27047C04696F900082DE9F84702460446694603207A
:206EC000FFF705FE5FEA000848D10F4D009928680A7804F037FFDFF8609299F83D00AA4697
:206EE000A0422FD128460068C178CA2900F10200054625D0002454F8847C54F8806C56EA93
:206F000007031FD002E0C04664F800082146202204F0F8FEAD1E082327FA04F000F00F008F
:206F2000FFF7BFFF014626FA04F005F8021F00F00F00FFF7B6FF241D5B1E2874ECD101E086
:206F4000002068700098B9F8722000789042D8BF021CDAF800108020FEF77FFD4046BDE841
:206F6000F8872DE9F847DFF8A482D8F800608246002269460220FFF7AAFD002818BF012098
:206F80004DD100990C783046224604F0DBFE0098201800900778A619002F2ED04FF00309F5
:206FA00000994D78042D08D0052D09D0302D07D0212D05D0242D03D019E0C879622814D03C
:206FC00030463A4604F0BEFE302D03D1F07808B186F80390212D3C443E4408D10098027A6B
:206FE000C17941EA0221091800E04431009100983F1800973F78002FD2D1454628688470E4
:207000002968270ACF7002F051FF28B14448006810B1286801210172CAF800400020BDE8B3
:20702000F887BA4818B50068032803D06946FFF777FE02E06846FFF794FF041C0BD13E49E6
:207040000098B1F87220904298BF021C6F4801688020FEF702FD204618BD98B50120002297
:207060006946FFF734FD071C1FD1684C009920680A7804F067FE30494868022818BF012824
:2070800008D120681022827020680223C37020684023C3712068B1F8722000789042D8BFC8
:2070A000021C21688020FEF7D8FC384698BD97486A3001880812401E1ED0401E1AD0401EDF
:2070C00015D0C01E11D0401E0DD0083809D0123805D0401E18BF032010D1FFF79BBDFFF71C
:2070E000BEBDFFF7D7BDFFF795BEFFF7B8BEC8B2FFF7E0BEFFF795BFFFF7AFBF704730B57E
:207100000D4DB5F86E402046FEF722FA00202A46211C85F85A000CBF01210221916030BDB1
:207120007CF90008A94980B5B1F86E7003207F1E0ED07F1E16D101E03CF9000891F86D20CE
:20714000032A0FD1B1F870000012A1F8580008E0CF6C3FB191F86D200020032A08BF0120A8
:207160000865002080BD30B5984C94F86D000025032808BF0125A068032802D1B4F8700024
:2071800008B1012030BDB4F86E00032130380BD0401E04D0401E04BF0020A06609E02846D7
:2071A000FEF7DDF9656603E02846FEF7D9F925660021084630BD30B5844CB4F8701001F068
:2071C0007F0001F0FF05032807D811F07F0F4FF0010004D0A168032901D0012030BDB4F8CE
:2071E0006E1091B994F86D0003280AD02846FEF7F1FC606B40B1206B30B9032D18BF832D92
:2072000002D12846FEF784F9002030BD64F800086E48B0B5B0F8702041681312032902F00B
:20722000FF0518BF03201DD1012D88BF012019D8B0F86E700021A7B9520A34BF0A1C01223C
:2072400000EB850462649A0808D3C76C27B1012D04BF0122426504D0012102E000EB850069
:2072600001650846B0BD59498868032805D0B1F87000002818BF012016D191F86C0010F046
:207280001F0004D0401E0DD0401E09D006E04868032801D0FFF746BFFFF765BF0320704708
:2072A000FFF789BFFFF7B4BF7047984800B5008820F08001032988BF012009D8FEF770F9EF
:2072C00000280CBF00210121914802680020117000BD3E4880B5B0F87030012B88BF012040
:2072E00012D842680021032A0AD100EB8302176D07B10221C76C1FB1012B08BF41F00101D9
:20730000834802680020117080BDC04640F900082DE98041DFF8B480B8F87000002818BF12
:20732000012022D102F0C2FD07460021404617B1076C07B101214268032A06D0C76C87B167
:20734000076D0FB141F002010BE0076E0FB141F00401476E0FB141F00801876E0FB141F0DA
:2073600010016B48026800201170BDE8808190B5674C2068002202702068144942708868FD
:20738000022802D0032803D104E0B1F8700008B1012090BD91F86C0010F01F000BD0401E81
:2073A00006D0401E18BF01270ED1FFF77EFF04E0FFF78FFF01E0FFF7ABFF071C04D12168DE
:2073C00080200222FEF749FB384690BD3CF900080C2804D9303813D0401E09D00EE0DFE860
:2073E00000F0211F0D1F0D1D1B111917151311C048480068032805D100207047012070470A
:20740000FFF749BB03207047FFF788BBFFF7B0BBFFF7C7BBFFF7F1BBFFF749BEFFF76FBEC4
:20742000FFF721BFFFF7A3BF7047F0B53B4E96F86C00002510F0600004D020380BD020385B
:2074400009D005E096F86D00FFF7C2FF08B9F0BD0120314C0EE00320FBE706F16C016319DD
:207460000A7893F86C3002F07F029A4201D10846B8476D1C38B1042D05D204F15C0151F8E0
:207480002570002FE9D1F0BD2DE9CC41012000226946FFF71CFBDFF8848030BB00990A7CBA
:2074A00040463D3001A902700320FFF710FBE0B904F06AFB061C18D0019801781A2914D361
:2074C000302181700198CA22C2700198017101980021417101980A27801C16F8012B4171EA
:2074E0007F1E027100F10200F7D1022069460022FFF7EDFA40B90098C1794746C1F3801253
:207500003A64C1F34011F964BDE8CC81ACF9000864F8000840F900088CFB00083CF900085B
:20752000F0B5071C14D1DC4E00246422002506EBC700214602FB07630C3080E8300003F157
:20754000140004F0DFFBB8003450801944608460F0BD2DE9F04F82468846A8F10100DFF8E3
:207560003CB35AF82000342196460026B1FBF8F39B1DA6EB0B065146474600254FEA960C3E
:2075800085EA0C0404F003040A685EF824907F1E05F101054FEA001484EA5014204406EBE8
:2075A000090480EA0400104441F8040BE8D15B1EDFD1BDE8F08F70B50D4604462822ADF104
:2075C000400D04F50B71684604F0BCFB08220AA804F5207104F0B6FBC6491022284604F0E2
:2075E000B1FB6E4603240CA83146102204F0AAFB0CA804212A46FFF7ACFF28460CA91022CF
:2076000004F0A0FB1036641EEDD110B070BD30B500220446FBF7FFF888B9002120460A4616
:20762000FBF7AFF958B9B44DE4010121002242F22833A5F11800201AFBF756F808B10220E3
:2076400030BD641B2168002011F0210F18BF012030BDF0B50F46D84DA84C296806464FF4CC
:207660000072A01EADF1340D4018002104F04AFB2A68204639468018202204F063FB002185
:207680003422684604F03EFB27218DF8001080208DF80100F2218DF80210012006904FF412
:2076A0000071304608916946FFF7B1FF0DB0F0BD2DE9F0410C46164680461D46ADF1340D8E
:2076C00000213422684604F01DFB8027314628464FF0270C0B0A8DF8017006060A0C050445
:2076E00033438DF800C0D4F874728DF804102A438DF8053040258DF806208DF8075001234D
:207700008DF80C3067B99DF80750090E00020143CAB202F00F02C8212A438DF807200BE0D3
:20772000051C020A090E8DF8095000028DF80A2001438DF8081025218DF802101D46D4F889
:20774000A4020595694608904046FFF760FF002100B929460DB00846BDE8F08110B54478DC
:2077600001788378C27841EA042040EA034040EA026010BDF8B50A0A0B0C8DF8001006468D
:207780008DF80120090E8DF8023000228DF8031016F8011B6C4602F00303E55C521CB2F591
:2077A000FE7F2944E154F3D39DF801709DF800409DF802609DF8035000F5FE70FFF7CEFF04
:2077C00044EA072444EA0644014644EA05620020914208BF0120F8BDF0B58C460423154673
:2077E000C4181A1827785678D178927842EA0122F10828BF142103D271082CBF0C210421CC
:20780000914247D8B2F5FE7F44D2D118B1F5FE7F40D2BC453AD116F0050F37D02F706E7074
:20782000F0086A800FD2700834D3201DFFF796FF00270646281D80E8C00004F10800FFF76B
:207840008DFF39461DE0201DFFF788FF074604F10800FFF783FF002600002B1D46EA0701FE
:2078600040EA060204F10C0083E80600FFF776FF074604F11000FFF771FF0100314346EA9C
:2078800007000C3585E803000120F0BDD318B3F5FE7FA5D30020F0BDB8F200084786C86165
:2078A00070B5BE4C06460325ADF1140D641E14F8011F30466A46FFF78FFF002818BF0120EE
:2078C00016D16D1EF3D1304603216A46FFF784FF012460B9304602216A46FFF77DFF30B9CD
:2078E00030461B216A46FFF777FF00B90024204605B070BDA0C30008E0FEFF041216010020
:207900002DE9F04F80468946ADF11C0D2A48D9F8A4C2C0490592109C0068BD4A0693BCF508
:20792000007F0494024403920144029140F0928009F5207090E8C000002F08BF002E00F061
:20794000898040F6FF741946E017814204BF0598A0427FD809F5207191E8000C0120002767
:20796000E617BAEB000A7BEB070BB34508BFA24570D3059D404649461E462A46FFF798FEE3
:20798000A24F15EB0A0546EB0B06DFF894A2DFF888B20346E11720462D1A8E410196A14E44
:2079A00000955BB9012138464BF82810C0EBC8100068400827D34DE010EE000806980028DD
:2079C00001BF05980028012046F82800904C9648924905686019FFF7CDFE68B10298214645
:2079E0004FF40072491904F0ADF9012004994AF82800029A0A602EE06019FFF751FF10B11A
:207A000001204AF82800019B009A40464946FFF74FFE38B9012138464BF82810C0EBC810BE
:207A2000006817E00698002801BF05980028012046F82800AA490398FFF79CFE00281CBFF4
:207A400003980290D1D10398FFF72AFF10B101204AF82800002007B0BDE8F08F2DE9F0430D
:207A600005460E4691461046984600211A4604F049F90424334629460F5D62185578D0789A
:207A8000927842EA0022E80828BF142003D268082CBF0C20042090421BD8B2F5FE7F18D230
:207AA0001619B6F5FE7F14D2BB420ED115F0050F0BD1121A904538BF424600190918484670
:207AC00004F040F90120BDE8F0831419B4F5FE7FD2D30020BDE8F08370B50E4605466422C6
:207AE000ADF1640D0021684604F00CF9062120236A463046FFF7B2FF0024A0B108AA3046DB
:207B000031212023FFF7AAFF68B110AA304605211023FFF7A3FF30B114AA30463521102359
:207B2000FFF79CFF00B944B1A548012164221891694602FB050004F005F919B070BD2DE919
:207B4000F04F8846814608F5207003C80027ADF11C0D084606BF002802251B250F4E0022EA
:207B60003B46144601A8009041464846FFF7C8FE002833D001994846FFF7AEFF0198294622
:207B800002AAFFF729FEC8B9032C27D0315D019802AAFFF721FE08B302E0C0468CC3000893
:207BA00003A890E80C0008F5207003C88B4208BF824213D2641C032CD4D90FE005A803C83E
:207BC00003AA0CCA8B4208BF824207D808F5207494E8000C594508BF504501D3002211E0F1
:207BE000774C801AA4F10804994108F51E7804EBC90484E80C0001221646361847EB0107DF
:207C000088E8C00007B01046BDE8F08FC8FEFF041016010010180100C0F20008785634121C
:207C2000BCF20008B8F2000810EE00082DE9F04FADF1A40D4FF0000C0127279000200DF1EA
:207C4000080A2891834602A880E8001801A800909AE80C0028992798FFF752FE002836D0AB
:207C6000279C01992046FFF737FF55496420604360310858002830D1774E042416F8011F1B
:207C8000019822AAFFF7A8FDF8B123A890E8060040F6FF700346DB179A4208BF814214D8C0
:207CA000102F12D2104657B13D466B46083393E80003814508BF884507D06D1EF6D10DEBDB
:207CC000C7007F1C083080E80600641ED6D10BF1010B0AF1080A5F45B8D829B0BDE8F08F2D
:207CE00021436587F0B5061C0F46ADF1300D10D1FFF716FC6FB1D7F8540250B907F520707A
:207D000090E83000002D08BF002C02D0D7F8A40208B902203FE0384608A9FFF74CFC4E494E
:207D200068460922491D04F00DF80DF1090007F50471142204F006F80DF11D00002103220A
:207D400003F0E0FF6846082108AAFFF702FC08A80021102203F0D6FF30466946FFF779FC79
:207D6000044600212022684603F0CCFF012C0DD054B930463946FFF7E2FE28B1304639463A
:207D8000FFF754FF002405E0022400E001243046FFF7C6FB20460CB0F0BD2DE900430028E9
:207DA000884691461CBF111C404607D1294901EBC00103C910EB080041EB0901BDE800836C
:207DC000CCF20008D0B5071C0E4603D116B1D6F8540208B1002432E03846FFF7A1FBD6F855
:207DE000A402B0F5007F09D140F6FF7006F52072C1170CCA8B4208BF824201D801241EE0AB
:207E000038463146FFF79BFE28B138463146FFF70DFF022413E01148B900405858B9104AE0
:207E200050184068002818BF032405D15058002818BF012400D100243846FFF771FB20462F
:207E4000D0BD28B9074A642101FB0020016E01B900207047C4F200088FC30008C0F20008F0
:207E6000B8F20008CCF2000800280CBF03208320FDF74EBB30B58B4D04462868022819D129
:207E80008948D0F80421D0F8F830D0F8F4109268C91A22F07F42F4305218002A026007DDBA
:207EA0000320FDF796FA2CB10320FDF731FB01E0002181618320FDF78CFA2CB12868012864
:207EC00002D18320FDF724FB30BD801E00B501282ED9801E012830D9C01E012828D9B949CF
:207EE000801E06D0401E1CD0401E1CD0801E18D000BD0846092102224160C169426289683B
:207F00008160880A02D10A1C02D100BD4FF48062AD4801680023032001F58731FDF752FBAD
:207F200000BD032005E008460B21001D016000BD8320FDF7EDFA022003E08320FDF7E8FACB
:207F4000002000F001F800BD02469E4890B5001D046A042C26D0C36981690769052C21D08F
:207F6000524C1C6000BF4C68002F5C600CBF141C01241C730468052C05D00B2C03D0092C29
:207F800005D1896802E044688968091B9960022A14BF042105210162C16900230D228320B2
:207FA000FDF710FB90BD8748002343624360C3601F220361C16943610320FDF703BB3C484C
:207FC0003C4A00B50021FBF78FFD00200146FBF785FD0020FFF74EFF374A002010603749F8
:207FE0000870FFF7E0FF00BDD0B5764C04F12800F9F7B0FB0746E069082F32D0606BE16994
:20800000092F0CD0002607B1012616B10120FFF731FF122F27D0F0B2FFF796FF23E0A060D1
:208020008A68824206D8824206D2072060608868A06001E005216160012141F21402216184
:20804000824288BF021C60481D49006809181AB90420FFF73AFF06E083200023FDF7B2FAEE
:2080600001E0C07B20703846D0BD134900B5002008601449832003F0D1F91349032003F081
:20808000CDF91249212003F087F94F4910484D4A0B681049C018C918D0610F48116203F011
:2080A000B9F900BDD8F300083CF9000855534253A58400087784000870F90008EEF3000876
:2080C00010260100A9830008DD80000807840008D0130100F0140100BF7F00082DE9F847B9
:2080E000384CDFF8E480676A0546002F40F01B816868E16900261F28A0610DD1A84A0868E2
:20810000824209D14F7B3FB98F7B102F04DC1FB1087B10F07F0F02D0002E00F0F98088689C
:20812000226ADFF880A29060487B40F2844909FB00A0D0F854520127ADB9E06969460F3031
:20814000F8F76AFB38B9009800280CBF0220381C6062E16912E0E16905280DD08D685DB184
:208160000D7B25B105E08D6835B10D7B0DB9022003E06762384601E0032060624A7B09FBB8
:2081800002A3D3F854521DBB8D683DB9012803D002281BD1032010E002200EE0097B8029A4
:2081A00006D0022812D0012814BF09200A2004E001280BD002287ED10820FFF786FEBDE8E6
:2081C000F887C046B4F3000810EE0008E1694A7B84F83820E06900F10F02A2628A7B84F8B2
:2081E00039208A68E2628968A160C07BF8F74EF8054604F11C0065BB00680F30F8F760F824
:208200006061A568606A022812D1290B02D12A1C02D10DE04FF480524046B4490068334633
:2082200009180320FDF7CEF9A568606A05B13746012802D1B5F5805F06D8002F00F0AE8085
:20824000FFF7D2FEBDE8F8878320FDF761F90120A2E0E169497B09FB01A2D2F854722FB973
:20826000006804F108020F30F8F782FA616AA068022929D0012940F0918070B1E1690831E7
:208280000A68824206D882420BD2072060600868A06006E00521616003E00420FFF715FEF5
:2082A000A06800287AD003F0EEFCFFF79DFE082874D1A2680AB904207FE79949832033460C
:2082C000FDF780F9BDE8F88770B1E16908310A68824206D882420AD20D2060600868A06058
:2082E00005E00B20606002E00920FFF7EEFD03F0BEFCFFF779FE082805D1A06800284DD055
:20830000884933463EE00320FDF702F9BDE8F8878320FDF7FDF80320FDF7FAF8824901203E
:208320000860BDE8F887216A022F2ED16A688868801A886000BF8868B8B960680D2812D0B3
:2083400009280ED0E069C07BF7F7A0FF18B96868E062FFF749FE2069002804BF0120E06008
:208360001CD0002018E00D2027E7B0F5806F02D818B9BDE8F8874FF480604146096800231D
:2083800001F58731024603209AE78320FDF7C0F80320FDF7BDF80220FFF7D6FDBDE8F88719
:2083A0005553424388E900085C4980B50B6A042B26D0052B24D0CA69012B17D14368906895
:2083C000C01A906000BF976867B90868072807D0CF68002F04BF0120886013D000200CE05E
:2083E000072000E00520FFF770FD80BD8320FDF78FF80320FDF78CF80220FFF7A5FD80BD01
:20840000FFF7D1FD80BDB0B501460A78012032F07F0711D14A78FF2A2CD14F88002F29D19A
:20842000CF883FBB8F882FBB00200146FAF7EAFFFFF7C5FD0020B0BD22F07F02802A19D13D
:208440004A78FE2A16D14F88A7B9CA88012A11D18F887FB93649354D024600240B682A60FC
:208460004FF48630C4540968802001F58631FDF7F4FA2046B0BD10B52E4CA068012803D035
:20848000022818BF03280CD10120FFF7F3FC2068C07BF7F7FBFE08B103F0DAFB0120FFF78B
:2084A00053FD10BD30B5244C0546A068616A00282DD0012918BF02292ED1A878400823D27F
:2084C000012919D12078F7F7E1FEA8B9E069A96882688A4288BF0A1C154804490068091812
:2084E00032B90420FFF7F1FC06E0C0461016010083200023FDF766F8E068002804BF01200B
:20850000206109D0002005E0FFF7B5FF30BDA87800F00100FFF718FD30BDC046B8F30008A3
:20852000000010C0000014C070F900084CF9000810EE0008D0F30008B4F300087D497C48CF
:2085400009680068032901D108B903E010B90C2001F00EBC0C2001F0EEBB774810B54FF463
:20856000F071002203F012FD724C0020241FA06004206060FFF7E2FF704803210068E16015
:2085800010B10146E068884710BD2DE9F0410146B44C694E6A48DFF8A481226841F20A1520
:2085A000954204D8C1F30347490D05D359E0314608310968C1F38347954202D9616803295D
:2085C0004FD0042F46D0032F31D0022F0DD04021002203F0DBFC4FF40E706FF0C301086059
:2085E0000C2001F0C5FBBDE8F081564B0022A03811460160D41A056824682D0C2404240CBD
:20860000AC4205D1491C121D0329F2D9BDE8F08130464FF4F071002203F0B8FC30464FF459
:20862000F0714FF4807203F0B1FCBDE8F08140210A4603F0ABFC0820E0620C2001F07BFBA6
:208640000020A168E060022954D341460968002950D04AE028466F38904248D3FFF77DFF80
:2086600045E03946891E42D0491E34D0491E1ED0081FB0D14FF40E706FF0C30108600C20BD
:2086800001F076FBA06B00283DD0304600F10C0100F110021268D20AFAD294F83C0008606F
:2086A0000027A76340F203464E60BDE8F08140210A4603F06BFC0C2001F05AFB20682946D6
:2086C0006F39814202D3FFF748FF2068F03D854214D3BDE8F0810C2001F04AFB0122414698
:2086E0000020E2620968E06021B1884702E00C2001F03EFB2068F03D854204D240F20320E5
:208700006FF0C3010860BDE8F08130B5554C0125A560FDF73CF80020FCF71AFF0221074841
:2087200025620068E16010B10146E068884730BD18EE000840F9000804C700FC38F90008AE
:2087400000C200FC003DFF032DE9F04FDFF81CB3444C4FF000084FF0050929E25FEA9A0708
:2087600000F02482D4F82C02011DC4F82C12D4F8342200688A429CBFD4F83012C4F82C1298
:208780007F1E410880F0B481C0F3440281082CBF80264646C0F383115508491E00F02D8106
:2087A000491E00F0DA80491E4CD0C91E20D0491E40F0F9812E43F1B2C0F3036C31F07F06C1
:2087C00008D001F07F01CA0002EB4112A11801F58A7106E001F07F01CA0002EB4112A11882
:2087E0007431BCF1060F04BFC0F30640C861DAE1400BC0F0D881206841F20A21814240F045
:20880000D281002E40F0CF812E43F0B230F07F0508D000F07F00C10001EB4011601800F5EE
:208820008A7006E000F07F00C10001EB4011601874308169C86840F00100C8603046FCF7F3
:20884000ACFDB0E146EA0501C9B231F07F030BD001F07F01CA0002EB4112A11801F58A718A
:2088600009E0C0463CF9000801F07F01CA0002EB4112A11874310B69002B40F09481002DE2
:2088800040F091812569000B314600F0030225B910F0030F54D048462061022A3CD0BF482F
:2088A0000568012A4CD1012D08BF002930D0022D08BF80292CD0A669E6B966691EB3032DCC
:2088C00018BF042D3CD1BE4801220068A26139B900F586310220B4F888202061404604E0F0
:2088E00010464146206142468020FDF7F3F82046056925E011B9D4F8946026B180291FD140
:20890000D4F83461E6B9484626462061356917E048462061256913E066694EB1802901D16E
:20892000E66F1EB921B9D4F81C610EB1C4F810902569052D04D00846FDF777F8974805683C
:20894000052D40F030814046FCF743FD8020FCF740FD4046FCF7DCFD25E1994801682E4368
:20896000F0B230F07F0508D000F07F00C20002EB4012A01800F58A7006E000F07F00C200AB
:2089800002EB4012A0187430320A05D28D4A04F5F8754FF0080C04E08B4A04F5DA754FF059
:2089A0000A0C51182A6B05EB820301EB02115B688A6822F07F429B1A320A03D30968834AA2
:2089C0005918116081684268A1EB030E9A18C0F808E0016842605B180360286B401C2863D8
:2089E000286B84459CBF404628632D68002D00F0DA803046FDF7D6F9D5E046EA0500C1B20D
:208A000031F07F0608D001F07F01CA0002EB4112A11801F58A7106E001F07F01CA0002EBA5
:208A20004112A11874310E6A002E00F0BC804E6AF6B1634A1568020A39BF04F5F872614B17
:208A400004F5DA72604B5B19156B03EB051302EB850252689D6825F07F45521B050A0DD3C4
:208A60001B685A4DD3182B6008E0C0460CC400FC8A69CE68936823F07F43F21A8B684E68EE
:208A80000D689B1A9619C1F8208052194E60504D8B6030F080062B680A6027D1020A0BD27F
:208AA000A269012A06D14E68002E18BFC4F810907FF44FAFC4F88480414A2669126826B1F6
:208AC00098472669002E6ED14CE002F5863104F16C00082203F036F9B4F87260404606B179
:208AE00001203C490968606188475CE098475AE010F0FE0F57D1384909680246C2F3032033
:208B0000002843D0401E30D0401E0FD0401E47D0401E48D16FF0C3024FF40E700126106017
:208B20000029E6603FD0304688473CE06FF0C3014FF40E700860FCF743FF14216060606818
:208B4000A162032814BF64213221022002F0CBFDFFF7F4FC40464146FCF72EFEE66916B336
:208B60004046E061FCF7BAFC1DE0C4F860800320C4F864802669CBF8140326B9FFF7C5FD29
:208B8000012020620FE0C4F820800CE0206841F29B01814207D2FFF7E0FC04E04CF9000805
:208BA0001046FFF7F2FC002F7FF4DCADCBF800A0DBF800A0BAF1000F7FF4D0ADBDE8F08FAC
:208BC00010EE000840130100901201000C0000FD34F9000830F9000838F900083A48006806
:208BE000704700B5FFF7FAFF00F031FE10B137490220086000BD354A3C3A116A002011B121
:208C0000516A01B901207047304A3C3A1168012011B9D16B01B900207047411A4FF000004C
:208C200058BF012070474FF07B40D0F83811D0F8340108434FF0010107D1254B102253F8EC
:208C4000040F10B9521EFAD10021002001B90120704790B50746642F88BF64271B4C04F1D7
:208C60001800007887420DD01FB9002002F016FF05E0394600204FF47A5202F0C1FE3C3C03
:208C800084F8547090BDBA4870B500250126C0F8D8520E4CC0F8DC623C3CA66025656662D2
:208CA000A562FF2084F8400000F0BFFC2846FFF7D0FF30462946A56401F010FD3046294623
:208CC00001F0F2FC70BDC04630FCFFFF08EF0008C8ED00082DE9F841FFF780FF054601F09C
:208CE000D4F8A24CE16981423DD1216A81423CD0216B6D1A642D38D310B1E76B002F34D14F
:208D0000206200256562A562E56210B1BB490F680FB90121A160FF2184F8401088B1E06B00
:208D200010B9012001F0A1F82846FAF70DFF0320A56329462065012001F0D0FC01200546EB
:208D40000DE000F072FC284601F033FF284601F08CF825650120294601F0C0FC01202946FD
:208D600001F0A2FC01E0E0612563FFF737FF054601F082F8E1687E4F814223D121698142BE
:208D800022D0A1696D1A642D1ED32061B8B16069D0B1FFF730FFB8B100F0A1FA002100B1AF
:208DA00001210025081C0BD0F7F760FA002804BF0120206004D0284601F02FFC00E0012535
:208DC000656101E0E060A561FFF708FF2169226A02F084FBFFF702FFD7F8D852616BD7F897
:208DE000DC62A94212D0656375B1226D0021FF23A163022A1CBF03222265606484F8403041
:208E0000012001F06BFC01E00120A060A06BB0420AD04DB9A663FFF7EEFE28B1E06B18B91A
:208E20000120314601F05AFC606828B10020606015B1012001F013FCFFF7D0FE0546FFF7E6
:208E4000E3FE00284AD1606B002847D0FFF7D3FE002843D0616C2846FFF7DFFE00283DD09F
:208E6000002001F070FD002831D0FFF7DCFE002834D09C4D4FF400162E61FFF7C5FE20BBEA
:208E8000FFF7D1FE08B30020694601F08EFF2E60A0B19DF80000FF2810D09DF800009DF860
:208EA00000102D2884F8401005D29DF80000282807D8012000E00220206502E0FF2084F8C1
:208EC0004000FFF78BFE054604E02E6006E0FF2084F8400042F2107040196064B24EE06C38
:208EE000356800284BD1A16D2846FFF796FE002845D005F54871206DA16502283AD1A06CC7
:208F000000282ED0401E2AD0401E38D0401E0FD0801E2FD1E16D2846FFF77FFE78B33220E6
:208F2000FFF797FE4EF6602101204919E16525E0E16D2846FFF771FE08B394F854006328CC
:208F40000BD80D30C0B2642888BF6420FFF781FE4EF660204019E06511E002200EE003202D
:208F60000CE0052105F16400A164F4E7CCEE000888E900080020FFF76CFE0020A064E16B7A
:208F800030688046A1B9206890B1FFF734FE002100B101210025081C08BF256056D000F089
:208FA000FAF9E5620120E063284601F058FBE16B012925D0022949D1404600F07FFC012897
:208FC0000CD0022842D1FFF75EFE00202060E0630121E16201F082FBBDE8F881FFF753FE0B
:208FE0000025E56225602846E563014601F076FB0121284601F058FBBDE8F88160EC0008DB
:20900000FFF711FE10B3D7F8D80290B100F03DFF78B14FF40015C6F81052FFF704FE0028B1
:2090200008BFC6F8005211D0002001F079FFC6F80052FFF728FEFFF7D1FD054602F099FD2C
:209040000146284600F018FC0220E063BDE8F881564901200860704778B5A8B9534C544E26
:2090600001204FF40015A06069463560042001F0CFFF46F8105C38B9BDF8000040F28A2123
:2090800081423CBF0020A06078BD48480121001D0160704718B94548012108300160704706
:2090A000424B00B5986A38B9FFF7A5FD20B14148006808B1D86B08B1002000BD0120986274
:2090C00000BD3A49886A18B1002201208A6270470020704735480830006870473348283031
:2090E0000068704730FEFFFF2F482DE9F043056800F0C2FE074600F0C8FE064602F039FDD1
:2091000080461FFA88F000F04BFE2848002404604FF00109C0F80890C76021460761446094
:2091200007B949464161C661046244628462C46244638463C4638464856122460563B8F103
:20914000360F45644FF0FF0180F8401008BF4A46002EC2640CBF221C0322026580F85410FE
:209160008565C5651FFA88F000F012FD204600F07CFE2046FFF76DFD4846214601F0AEFA27
:209180004846214601F090FA2046014601F0A6FA2046494601F088FA02F07EFABDE8F08337
:2091A000054800787047C04630FCFFFFCCEE000840FEFFFF60EC00080CEF000830B578222F
:2091C00056230A7034244B70001D8C7012220423CA7010F8012B03F003040D5D5B1C402B61
:2091E0002A440A55F5D330BD18B504466946FFF7E5FF22789DF80010002091420FD19DF8A6
:209200000110627891420AD19DF80210A278914205D19DF80310E278914208BF012018BDB9
:2092200030B5054600244FF47C314023ADF1480D032001AA009401F031FF00283AD101A835
:20924000FFF7D2FF20B901A82146402202F05AFD05F0030501A811A98DF81150FFF7AEFFCA
:2092600001A8042211A902F06DFD2146009406200A46134601F012FFE0B922460094202068
:209280004FF47C31134601F009FF98B92146009406200A46134601F001FF58B900940220B9
:2092A0004FF47C3101AA402301F0F8FE002808BF201C00D0012012B030BD30B50546012DA0
:2092C00003D0022D18BF0B2008D1AA4C2571FFF7A7FF002812BF0D200020657130BDA54893
:2092E00008300168002001B901207047A14830B505680024ADF1480D4FF47C31402301AACB
:209300000320009401F0CAFE002841D101A8FFF76BFF20B901A82146402202F0F3FC280A3C
:209320008DF809002B0C8DF808502A0E8DF80A3011A98DF80B2001A8FFF740FF01A804227D
:2093400011A902F0FFFC2146009406200A46134601F0A4FEE0B92246009420204FF47C3144
:20936000134601F09BFE98B92146009406200A46134601F093FE58B9009402204FF47C31B6
:2093800001AA402301F08AFE002808BF201C00D0012012B030BD774900B50868401C0860D2
:2093A000FFF7A4FF002814BF0D20002000BD0346C0B510460F46002B3ED09E78002E3BD11D
:2093C0005E79002E38D15E78052E05D120B9FCF787FB02F0E1FD31E006B90FB90320C0BD4A
:2093E000082818D13978802915D17E789EB9BE788EB9F97804290ED13E7966B97E7956B9F1
:20940000BE7946B9FE79012E05D8002006B9012001F05BF912E006280ED1387885280BD116
:209420007E784EB9BE783EB9F878042804D13879012801D8787908B10B20C0BD0020C0BDEF
:209440002DE9F04100280F4600F0B180002F00F0AE80467871097BD30178152927D0552928
:2094600040F0A58036F0110540F0A1808578002D40F09D80C578002D40F099800579002D35
:2094800040F095804579002D40F091808579002D40F08D80457A002D40F08980082AC0F0EC
:2094A0008680BB79F879082140EA03200FE036F011057CD18578002D79D1C578002D76D1EE
:2094C0004579002D73D1042A71D3F87804214018811C8A426BD3395C01F03F01312903D064
:2094E000332918BF342933D1C419611C0D7843199B1A13F1020F5AD1385CDFF8788006F04F
:20950000010600F03F00312836D0332823D034281ED10E2D1CD12779A07907F00707032F05
:2095200045D830F0020118BF032840D107B901274446277100B1A071002E35D03846FFF765
:209540006FFE002808BF67712ED00D20BDE8F0810320BDE8F0810878022828D14F7837BB01
:20956000897831F0010022D1664801F0010101601AE0C04680EF000808780E2817D1CD7879
:2095800035F01D0013D1680906D3280904D2FFF798FD60B125F010054446E07905F0180599
:2095A00000F0E7000543E5710020BDE8F0810B20BDE8F08154480068704701F004B830B572
:2095C000514C00210C22ADF1440D204602F09AFB01F0A0F801204FF47C3120714023607164
:2095E00001AA0220A07100200090032001F056FDC8B901A8FFF7F8FDA8B19DF809509DF885
:2096000008109DF811009DF80A309DF80B2041EA052110F0030041EA034141EA026121602B
:209620001CBF2071607111B030BD3748C01D017801F0E70101707047F0B516461D460746B8
:20964000332E05D0312E18BF342E07D1102400E004241FB18C4298BF032D01D90020F0BD5C
:209660000021224602F04EFBA01E3E70012D787025D02548312E1BD0332E0ED0022D07D0B3
:20968000032D14BF0179417939718179B97122E00121022039710146F8E7002D18BF032D7B
:2096A00019D118480068002100B1012108460EE0002D18BF032D0ED1C01D00780AE0312E17
:2096C00007D0332E1CBF0321081CE3D10120F87001E0182038712046F0BD10B50A4CE079A9
:2096E000000938BF00200BD3FFF7DAFCE079400905D3FFF7E6FCE07900F0E700E0710120AC
:2097000010BDC04688EF000880EF000800B500F0A3FB002100B90121B348016000BD00B573
:20972000012002F0BBF9002000F052FB322001F0C5FF012000F057FB00BD00B5002000F019
:2097400052FB322001F0BAFF01206421322202F057F900BDF0B50446A448026B476B91003C
:209760007F1C01EBC201014401F1380108BF01279F4A1568036852682E06002543EA1643D6
:2097800002F0FF0206790D6043EA02434C6043EA06638B600F60016B4763491C01F0070168
:2097A0000163F0BD30B5914C0D462060401E0728E5611FD8DFE800F03D3A422F2C0429231E
:2097C000FFF7A4FF002000F00EFB322001F076FFA089362834D0A089352802D0A0893728B4
:2097E00002D1012000F0F4FA01206421322202F007F925E0FFF793FF0020206023E0FFF785
:209800008EFF0020012120710DE0FFF788FF1AE0FFF785FF14E0FFF782FF0020207105F5F4
:20982000FA712161014600F059FF0CE005F1320008E0FFF76BFF002000F017FBFFF77DFFBC
:2098400005F5FA6020612846FFF784FF30BD10B5044600F001FB002818BF00200BD16349BD
:209860004C6100208861486A401C486201202146FFF798FF012010BD5C4B00221A71998109
:20988000014659619A61186A401C18620120FFF789BF411A4FF0000058BF0120704700B5D7
:2098A00000F0DAFA504920B10846006820B1012000BD084601210160002000BDF8B54B4D22
:2098C0000446286830B16869A969201A814238BFA8616C612868401E072879D8DFE800F0FB
:2098E000514941362D170F0400202860EC61E86A0226401CE8622046FFF72CFF69E0296989
:209900002046FFF7C6FF002862D001205DE0FFF7C6FF80B929692046FFF7BBFF002857D083
:209920002879401C2871287903284BD308202146FFF738FFD8E7072047E0FFF7B0FF002811
:2099400042D12869201A43D406203EE02869201A3ED400202860EC61A86A0126401CA8625D
:20996000C9E7FFF79CFF00282ED12869201A29D52EE0FFF794FF38BB2869201A28D4032042
:2099800023E0FFF78CFFF8B92869201A1AD500F07CFA07469648006800F00F010020032993
:2099A00008BF0120384313D10420694601F030FB77B928B9BDF8000040F28A21814207D331
:2099C000022002E0052000E004202146FFF7EAFE00263046F8BD01700A0A42700A0C827085
:2099E000090EC1707047C04628F2000820F2000838BCF7FFDFF8FCC12DE9F04F81464FF04D
:209A0000080E4FF00008ADF1600D5CF80C7F57B3DCF804B0DCF808A0DCF80000874222D161
:209A20004646B10001EB0D0201EB0D032032403369440AE000EB0D052D6A41F804496844D0
:209A400042F80459006C43F804092EB1761EB00050F80D403D1BEDD40F60C2F800B0C3F856
:209A600000A008F10108BEF1010ECED1B8F1000F12D04B46474610AE08AD1C1D55F8041B17
:209A80001846FFF7A8FF56F8041B2046FFF7A3FF083308347F1EF1D15FFA88F018B0BDE84C
:209AA000F08FB0B5071C01D0802901D00020B0BD024600218020401E02F8011BFBD152210B
:209AC000442039700124787058253C714D22BD704B4BFA70186878711879B87199894948D0
:209AE0003972091279720168434DB972426807F10C002968FA72FFF76EFF296A07F11000E8
:209B0000FFF769FF196907F11400FFF764FF596907F11800FFF75FFF996907F11C00FFF7CE
:209B20005AFFD96907F12000FFF755FF196A07F12400FFF750FF596A07F12800FFF74BFF21
:209B4000996A07F12C00FFF746FFD96A07F13000FFF741FF294B196807F13400FFF73BFFB1
:209B6000D96807F13800FFF736FF196907F13C00FFF731FF07F14000FFF73CFF0146204657
:209B8000F971B0BD1E480168002001B10120704790B51B4CA081FFF7C2FD002222601648F1
:209BA000A26004F11001227120300A600068606122636263A261E061226262620827A2621E
:209BC0002831E2627F1E41F80C2BFBD1FFF7C2FD90BD00B5FFF7A3FD094A00201060064990
:209BE0009060203110710868D061FFF7B3FD00BD280100FB4CF2000810FCFFFF088CF7FFA1
:209C000020F2000838BCF7FF014610B508291CD3082915D0092913D00A2918BF0B291AD1C0
:209C2000A848021F14680939012303FA01F2224202D01A46001D8A40114602F0A1F910BD14
:209C4000C44AC81F0146104600E0C348036801228A405A40026010BD082810B517D3082857
:209C60000AD0092808D00A2818BF0B2819D1A0F1090394480C3802E0C31FB64808380124F7
:209C800001FA03F204FA03F102F07AF910BDB24C012301FA00F203FA00F1A4F1080002F024
:209CA00075F910BDB0B508280F4625D3082812D0092810D00A2818BF0B2837D1814D093811
:209CC000012400228440214628460C3002F058F928460C380BE09F4DC01F012400228440B2
:209CE00021462846103002F04BF9284608382146002202F045F9B0BD974D01248440002256
:209D000028462146103002F041F9002228462146083802F03BF9214628460A46303802F026
:209D200035F92C3DAC602C6107B12C60B0BD0021FFF7B8BF70470246082A12D3082A0DD08F
:209D4000092A0BD00A2A18BF0B2A10D1A2F10900012202FA00F1AE480A4606E07D48D21F46
:209D600000E07D4801219140002202F009B970470246082A0DD3082A08D0092A06D00A2A1D
:209D800018BF0B2A0BD14F48093A03E07148D21F00E07148012191400A4602F0F1B8704746
:209DA00070B59F4D06460024382E2C6003D02046FFF7C1FF02E02046FFF7DAFF964801212A
:209DC0000A4602F0E3F8382E18BF01242C6070BD9349096831B110B90020FFF7ACBF0020B2
:209DE000FFF7C6BF704710B90320FFF7A4BF0320FFF7BEBF002100B901210846FFF7F3BF64
:209E0000014610B508291DD3082916D0092914D00A2918BF0B290ED17E4A1468A1F10900EC
:209E2000012101FA00F3234207BF5268181C926801FA00F00AE000210AE07A4AC81F01462D
:209E4000104600E0784802680120884000EA0201002001B1012010BD00B50220FFF7D0FF70
:209E6000002100B90121084600BD10B90B20FFF762BF0B20FFF77CBF00B50120FFF7C0FFE9
:209E8000002100B90121084600BD00B50520FFF7B7FF002100B90121084600BD6248183834
:209EA000026850F8101C11400160704700B50420FFF7A6FF002100B10121084600BD0120C7
:209EC0007047C04624F8F7FFF0B5574F0120FF25A7F13804206052486561002606604FF69E
:209EE000FF7020621C48C8210A4602F04FF8262138463246E5642C3802F048F8C8206063D4
:209F0000144806210A4602F03BF8464C06210A462046143002F034F8062120460A46001F7C
:209F200002F02EF8062120463246083802F028F83E4C04213246204602F022F8042120468E
:209F400032460C3002F01CF8324804210A4602F017F8F0BD48E5F7FF3CBCF7FF3449354B9C
:209F60002E4A0020411A0968C01A0068126801F00601C90100F00600400211430843704771
:209F80002B492C482C4B0022091F511A0968001F121A10681A6801F00601C90100F006003F
:209FA00040021143084370472148204A00211C305242081A891A02680868D101400281F40D
:209FC000407180F4406001F4407100F44060084340F0FF007047164916480F4B002210B553
:209FE0001831511A0C681830121A10681968E201400282F4407280F4406002F4407200F4CF
:20A00000406081F0FF0101F0FF010A43104310BD28F8F7FF18F8F7FF34BCF7FF4CBCF7FFD1
:20A020000CEE000844E5F7FF38BCF7FF14F8F7FFA81A0800D007080050BCF7FF504910B50A
:20A040000020C860088001244C804E49212001F0A3F94D49204601F0B6F94C49812001F017
:20A06000B2F910BDD3484A4AD14900681288002309180120FBF7A6BA428841490020891CCD
:20A080000A80704741883E4A00201180704710B50446404801F094F9C648C549E2880068C3
:20A0A00009180020FBF7D9FC002010BD70B5C14C334DBF4A2668AB7802F1400189190B70EE
:20A0C0006B88246841321B121355C288022AA8BF02228020FBF7C1FC002070BD00B5284A35
:20A0E000B44BB34912881B6840311212C9180A70C288022AA8BF02228020FBF7AEFC0020FB
:20A1000000BD0246B0B5AB4851880F120068C64900247F1E0BD0BF1E12D1602592230D547A
:20A1200009184B70D288022AA8BF022204E0D288092AA8BF092209188020FBF78EFC00E012
:20A1400001242046B0BD4178491E15D0491E11D0491E0DD0891F09D0491E05D0491E18BF7B
:20A1600001200BD1FFF788BFFFF78CBFFFF78FBFFFF79CBFFFF7B2BFFFF7C3BF7047C04633
:20A1800074FB000847A1000809A4000817A40008ECF9000819A400082DE9F8478246854C40
:20A1A000A24E83482768DFF890C2DFF87C92DFF88082A24BB168C01902780025521E0B2A4B
:20A1C00000F28580DFE812F07B0060004E002A000C0083001A018300F800BA009800850070
:20A1E000002900F00E814146C91911F802EC11F8032C11F801CC0F788E784878CC780B7934
:20A2000042EA0E2242EA0C4240EA062042EA076640EA044040EA03603060F2E0002900F009
:20A22000F0804146C91911F8027C11F8033C11F8016C0A7843EA0723042743EA064343EA59
:20A2400002631E6881F83C7080F8415080F84250330A80F84350320C80F84450310E80F892
:20A260004560B9E0002900F0CC802946009506200A46134600F012FF2946C7202A462B4630
:20A28000009100F00BFFBCE0BAF1000F0BD1294680200A461346FBF795F9664C2068C06867
:20A2A000400808D2B168002900F0AB80FBF718FC01F072FEA5E0012001F0D2FAEEE7002957
:20A2C00000F09F806046C05D7060358099E0012597E0DB19187813F8014C2E46012744EA6B
:20A2E000002407FA06F0044202D03046FFF71FFD761C0C2EF5D384E0DB191A7813F8014CCD
:20A30000997858782E46012744EA022440EA012807FA06F004420DD018EA000F03D13046A4
:20A32000FFF709FD02E03046FFF722FD30463946FFF792FC761C0C2EEAD362E02E462F4687
:20A340003846FFF75DFDB8407F1C06430C2FF7D3FFF741FE0746FFF727FE226849460A236B
:20A360008B542268414601F13D0398542268000A01F13E039854206801F13F031F54206865
:20A380003A0A01F140031A54206801F141073E5422684746300A07F142039854216807F187
:20A3A00043067554216807F144035D541AE0C0462436010010EE0008092180F840102B464E
:20A3C00080F8413080F8423080F8433080F84430072280F84530012180F8463080F84720CE
:20A3E00080F84810BAF1000F0BD02068494609222B4609188120FBF7E5F802E06046C05D0F
:20A40000B0602846BDE8F88700B50120FFF7C4FEFFF728FE00BD7047094800780B2802D0AE
:20A420000020FFF7B9BE70476436010078FB00082836010068FA0008253601002636010040
:20A44000A9F90008B24AC10001EB4011521860B9506828B1107800280CBF0422022200E09F
:20A460000622BA48062101F08BBD506828B1107800280CBF4022802200E0C022B448C021A3
:20A4800001F07EBD0246A24890B5D10001EB4211401887691FB1017B012940F08780017B98
:20A4A00002296DD0076A1FB10023036201274762012953D0877D07BB477DAFB9077D37B9E7
:20A4C0000169416087680021002F2CD00AE0017D491E01754768002107B9012141608768AF
:20A4E000002107B301211EE0417D491E41754768002307B90123012114E0817D491E2BD05A
:20A50000491E25D0491E1CD0491E11D0491E0CD1077D0FB3017D491E01754768002307B9CD
:20A5200001230021436001703CE00024012111E0002101704160C17D491C4B0005210375B0
:20A5400004E004210124002304704360817529E0012403212346F7E70221F3E707785FB178
:20A56000032F06D0012F1CBF0021012306D1022103E001210B4601E003210023017010E0AA
:20A58000077D3FB90021C7690173DFB1C1610121016290BD017D491E01754768002307B909
:20A5A000012343601046FFF74DFF90BD0021816181750227077341750122C26114240475A6
:20A5C0000162416290BD994900B5087C022806D00878401CC0B2052838BF087006D300202A
:20A5E0000870FFF74FFF0120FFF74CFF00BD01460020022938BF0120704700B50246FFF72C
:20A60000F6FF40B14249D000002300EB42100918486A4B6200BD002000BD00B50246FFF78C
:20A62000E6FF40B13A49D000012300EB421009180B6108224A7500BD00B50246FFF7D7FF94
:20A6400060B13349D000142300EB421009180B7502220A7301230B610023CB6100BD00B596
:20A660000246FFF7C4FF40B12949D000012300EB421009180B6106220A7500BD00B50A464F
:20A680000346FFF7B4FF114668B106290BD8204AD80000EB4310012312189375D175002307
:20A6A00093611362536200BD00B50A460346FFF79EFF114640B1002201B101225B49D80023
:20A6C00000EB431014310A5000BD002100B10121564A0846107482F838007047B0B5034663
:20A6E0000F46FFF784FF394680B1002001B101204F4C30B1D9002246012501EB431108328C
:20A700005550D900224601EB43115050B0BDC04630EF00080E48C021F0B50A4601F030FC90
:20A720000A4806210A4601F02BFC424DC02128460A46183001F024FC3F4C062120460A4649
:20A74000183001F01DFCC02104E0C04648E5F7FF3CBCF7FF28460A4601F012FC0621204681
:20A760000A4601F00DFC062100222046001F01F007FC2E4D00242746A5F1240606F8284F8C
:20A780007460B4603473346134757475B475F475B461F461346238467462FFF753FE7F1C3B
:20A7A000022FEBD32C70F0BD00B50246FFF71FFF68B11F49D00000EB4210091D0A181178F1
:20A7C0000120022904D0D16811B9516901B9002000BD1749091D0A780020012A04D191F854
:20A7E0002810012908BF01207047022808D21349C200012302EB401009188B6100224A62FA
:20A800007047022811D20A49C20002EB401008390022091801F10C038A7518698A6108B179
:20A820001A701A721A615A619A6170472CEF000838EF000834BCF7FF40E5F7FF30EF0008A0
:20A8400090B51F460B46114600B90FB9002090BDA14A02EB80021468012C07D10A4619462E
:20A86000FDF79BFA02460B46012007E01068022808BF181CF6D000200023024687E80C0045
:20A8800090BD30B500220446F7F7C5FF88B9002120460A46F8F775F858B9904DE4010121FF
:20A8A000002247F23053A5F11800201AF7F71CFF08B1022030BD641B2168002011F0210FA8
:20A8C00018BF012030BDB0B50446271CADF1340D03D111B1D1F8540208B1002031E08D880E
:20A8E00043F2C874AC4203D047F28C30A8421DD168460021342201F005FA802327208DF8D5
:20A900000130EF228DF8000069468DF80220072338468DF80330FFF7B4FF48B9AC4205D14C
:20A920003846F8F749FA002150B908E0012008E047F28C320021AA4202D1012800D1012159
:20A9400008460DB0B0BD002812BF0020A44951F82000704730B558B95F4982000024A14B29
:20A960009F4D8C50D158AC50491CD150FCF7D8FD30BD10B5B1F8A430B1F8AA2004464FF66B
:20A98000FF71ADF1340D994227D0580825D3914201D050081ED268460021342201F0B2F991
:20A9A00080238DF80130B0228DF8022027208DF800006946D8234F228DF8033020468DF83B
:20A9C0000520C2238DF80630FFF75BFF10B1401E03D005E00120014604E00021012001E01C
:20A9E000002108467E4A0DB042F8241010BD30B50024C1F8C0420546A1F8CC42FFF7B9FFC4
:20AA000018B13548012440F82540204630BDF0B5764A754E01F5207301F50B7C282701F568
:20AA200004741CF8015B7F1E86EA050602FB06F6F7D1142714F8015B7F1E86EA050602FB9D
:20AA400006F6F7D1082713F8014B7F1E86EA040602FB06F6F7D1624C8700241D3D192D1DBE
:20AA60002B6813B1E25996420BD0FDF73BF918B9002101202960F0BD012802D1E6510120CC
:20AA800028600020F0BD30B50C4605463422ADF1340D0021684601F035F9272080228DF84E
:20AAA0000000D4F874128DF80120002928460CBF402142218DF8021001248DF80C4040218A
:20AAC0008DF807106946FFF7DCFE002100B9214608460DB030BDC04638F30008E0FEFF0408
:20AAE000F0B5061C0F4662D1FFF734FF002F5ED0D7F8540200285AD107F5207090E83000D5
:20AB0000002D08BF002C52D0D7F8A40200284ED007F5207003C807F51E7282E80300B7F839
:20AB200000014FF6FF74844201D0C00806D230463946FDF747F9022806D050B930463946FE
:20AB4000FFF765FF002832D030463946FFF74FFFF0BD01282BD1B7F80001844227D010F0F9
:20AB6000060F24D1D7F8540208BB07F5207090E83000002D08BF002C19D0D7F8A402B0B1D0
:20AB800030463946FFF77FFF88B107F5207003C807F51E7282E8030030463946FFF7E9FEF1
:20ABA00028B1134A0221012042F82610F0BD0020F0BD28B90A49002201EB800042608260EB
:20ABC0007047002812BF0020094951F820007047002812BF0020034951F820007047C046A8
:20ABE00040F300083CF30008C59D1C819301000138F30008C84BF0B540F28442044602FB25
:20AC000004F0185800250E4668B1B7685FB12046FFF7D7FF874206D12046FFF7D9FF716830
:20AC2000814208BF01252846F0BDBC4940220A6008B1202008607047B84A10B560230446CC
:20AC400010321360FFF7D6FF002818BF012008D1CA480023C0EBC41003601846FFF7E5FF2C
:20AC6000184610BD2DE9F041061C0F4649D1002F47D0A94940F2844070430858002840D058
:20AC8000DFF8F882F401A8F12000251A69682868084336D13046FFF794FFB8603046FFF740
:20ACA00097FF786039463046FFF7C6FF48B355F8201CB3483960084045F8200C39463046B8
:20ACC000FFF798FF48B169682868084305D10120FFF7ABFF0120BDE8F08130463946FFF789
:20ACE00089FF38B940460021241A8C4F216040263E6006E039684046241A01202160FFF7B3
:20AD000094FF0020BDE8F0812DE9F0410C46064690461146FFF790FF214618B33046002209
:20AD2000F7F779FD071C05D1002130460A46F7F728FE07460120FFF778FF924D4FB9F40104
:20AD40000121002242F22833601BF7F7CDFC071C0BD0F401601B0068400806D3304601215F
:20AD6000F8F7D4FE0020BDE8F08130464146FFF763FF0028F6D001263FB980480C38241A30
:20AD8000206810F0210F08BF00260120FFF74DFF002006B90120BDE8F081784A0968C2EBB5
:20ADA000C01001600120FFF740BF2DE9F0470F1C8146ADF1400D07D04FF0FF080DA987F8D0
:20ADC0000080FFF74FFF08B9002050E068460021342200F097FF4FF0010A4F2627218DF867
:20ADE0000010B0238DF80230D0228DF8032080208DF80100634C8DF80CA0644D8DF805607E
:20AE0000C22128344FF400730DAA48468DF80610C4EBC914089369462560FFF775FF0DA9E2
:20AE2000064625604846FFF707FFF0B1C6B15948574903681E22444600200646C91811F8D3
:20AE40000C3FC22B09D00B78BE2B02D108B94C795046521EF3D118B100E04C793C7056469C
:20AE600048460DA9FFF799FF00E00026304610B0BDE8F08730B504460D46FFF7DDFE28B17C
:20AE800020462946FFF789FF012030BD002030BDF0B50646ADF1400D0DA9FFF7E3FE0028B3
:20AEA00008BF002035D068460021342200F02AFF394940F284402722802370438DF80020AC
:20AEC00008588DF8013000280CBFE721EA212F4C2D48F5010DAA8DF80210A41E2D1A3046A3
:20AEE00069462C60FFF710FF071C2C600AD0E0208DF8020069460DAA2C603046FFF704FFA1
:20AF000007462C6030460DA9FFF7B4FF00B90027384610B0F0BDC04660EC000830FEFFFF32
:20AF2000F0B50746ADF1400D0DA9FFF79BFE002808BF002020D068460021342200F0E2FEFB
:20AF4000E020802127228DF802000F4C8DF80110124D8DF80020C4EBC714384669460DAA1D
:20AF60002560FFF7D1FE06460DA938462560FFF781FF00B90026304610B0F0BDECFEFF045D
:20AF8000FCFFFFBFC8FEFF04F0FEFF04030000400616010010EE0008FCEB000801000040A8
:20AFA0009C490A68920AFCD340F08060C8620868400AFCD3086BC0B2704710B5954C964BE9
:20AFC0002268104218BF002005D11A68521AB2F57A7FF5D3022010BD30B50C4605461146AA
:20AFE0004FF40070FFF7E9FF2A4680B9894D4FF48070EA62FFF7E1FF48B9296B2868216046
:20B00000400903D310210120296030BD002030BDF8B584460F1C02D0BCF1070F01D901200A
:20B02000F8BD00247C483C807C4D06686946324628467F38FFF7D0FF88B928466946324699
:20B0400040EA0C10FFF7C8FF48B9009D744869463246FFF7C1FF05F00301090208B10446AF
:20B0600004E0009800F0FF00014339802046F8BDF0B56C4C17460E4605463C4302E0012072
:20B0800000F01CFB00F02DFF2046FFF789FF3846FFF786FF28408642F1D1F0BD2DE9F043C8
:20B0A00007460D4607985F494FF001091C4694464FF0000809FA00F00304384683F47F036C
:20B0C000801E03F47F0353D0401E30D0C01E27D01A3806D0A7381ED0113818BF4FF00308A4
:20B0E0006CD147EA030040F08050FFF759FF10264446022C34BF4FF08050404625FA06F105
:20B1000001F0FF0108431843FFF74AFF641C083E032CEED34DE043F0C700FFF741FF48E01E
:20B1200043F00600FFF73CFF0220014643E00846801E1843FFF734FF0327102625FA06F034
:20B1400000F0FF00184340F08050FFF729FF083E7F1EF3D194B3641E0CBF40464FF08050B7
:20B160001843FFF71DFF0CF8010B002CF3D125E00846C01E1843FFF713FF0327102625FA4F
:20B1800006F000F0FF00184340F08050FFF708FF083E7F1EF3D164B1641E0CBF41464FF0A3
:20B1A00080511CF8010B19430843FFF7F9FE002CF2D1484641461A46FFF75AFF4046BDE82C
:20B1C000F08370B5184E40F6036101200325A6F114040A4620603046656000F0D1FE40F2E3
:20B1E000016130460A46001D00F0CAFE0F48A064E564042020630E4820650E484FF08071A6
:20B200000A4660650020E0603046103800F0B8FE70BDC04610F8F7FF10FCFFFF8000051184
:20B22000000005010500001014F8F7FF0000020208030101082400018F4800B50068052892
:20B2400008D10020FAF7C5F88020FAF7C2F80020FAF75EF900BD10B5874C103CB4F87200D5
:20B2600040B194F86C0020F07F00802814BF0220012000E003202061FCF7D7F808B1052074
:20B280002061FFF7D9FF10BD10B57B4C216801290AD0032906D1B4F8480008B1FAF793F84D
:20B2A00000200EE005200CE08268002A08DDC1684368994204D101688020FAF70BFC01E010
:20B2C00004202060FFF7B8FF10BD90B56A4C2168022906D0042902D00520206012E0002015
:20B2E000FBE78268002A03DDC1684368994205D063490F6807B1B8470320EEE70168002099
:20B30000FAF7E8FBFFF798FF90BD70B55C4C064604251C3C54F8040F20B101463046884729
:20B320006D1EF7D170BD574B024600B50846110A38BF1033920022F400729958884700BDB4
:20B3400010B5504C022004F108018B6A0A6B0B60401E0A6101F10401F7D14B4901200860F2
:20B36000FAF79EFC54342068804710BD10B5454C022004F108018B690A6A0B60401E0A618C
:20B3800001F10401F7D1404900200860FAF788FC50342068804710BD3C4A1368042B28BFB1
:20B3A00001200CD202EB83035966116800F07F00511881F8740011680020491C11607047F8
:20B3C0002F49086070472F4A030A38BF1032800020F40070115070472A49543108607047E4
:20B3E000284A030A34BF3832303220F08000800008381150704725490A1D1268042A28BF83
:20B40000012006D201EB820290644A680020521C4A6070471B49503108607047020A34BF2B
:20B42000184A1A4A20F0800080000838283211507047124810B500214FF40E7200F062FC33
:20B44000124C0021702204F1080000F05BFC10491248104AA16100680F49A26000F586301B
:20B460000860FCF711F800F0EFFC0D480D490E4AFAF7E0F910BDC0464CF900083CF9000863
:20B48000E4FB00088CFB00086CF9000884FB0008CBB2000889B2000864F8000810EE000810
:20B4A00057B2000827B300080BB30008411A4FF0000058BF0120704701467D4801700020AD
:20B4C000FFF7DCB810B504460020FFF79AF9002C0CBF002007207749086010BDF0B5754C91
:20B4E000164622680F460546002E40F095803AB1072A05D06169FFF7D9FF002840F08F8063
:20B50000101C7DD0401E6ED0401E6AD0401E59D0401E4CD0401E26D0401E01D0F7B181E0F1
:20B520000020FFF76AF800287CD0207A60B1012804D006280CD100F02FFD0EE00220FDF74C
:20B54000BCFEF7F7C8F802E00120FDF7B6FE207A012802D8A561032060600FB9002059E031
:20B560000722104656E0E1680A461FB12846FFF79DFF78B128461146FFF798FF002851D0E9
:20B58000207A06282EBF0020401CC0B2FFF794FF03203FE041F288304EF6602140192061B3
:20B5A000491961610020FFF720F90622D9E73FB121692846FFF77AFF002833D001202FE09E
:20B5C000052027E0002F2DD041F2883105F57A734EF660204919E360042221614019606115
:20B5E000BFE7FFB9D4E74FB121692846FFF75EFFC0B10020FFF760FF02200BE000200FE0E5
:20B6000087B141F288304EF6602140192061491961610120206005E022B1072A02D038466A
:20B62000FFF750FF206A30B1E1692846FFF73EFF08B1002020626268002A2CD0022A25D003
:20B64000A1692846FFF732FF28B3012A16D0032A0BD0042A1FD100206060FAF78BFA05F5E9
:20B66000FA65E56101202062F0BD6EB9FAF738FA11480568042005F57A750AE026B96D1C66
:20B68000A56103206060F0BD0220FBE71EB901206D1C6060A561F0BD06490020086048609D
:20B6A000C860086148618861C861086208727047B0EE0008A8EE000830FCFFFF10B57349B4
:20B6C000734B0C681A688218904208D91868824205D20868844202D318688242F9D31868B3
:20B6E0008242FCD810BD70B5694D0E46C300012105F1740201FA00F4A3F56C7314601A6809
:20B70000800081402846B218001F1A600A465E6000F036FC214628460A46703000F030FC06
:20B7200070BD10B55B485A4C03684FF47A7104F1240200201060594342F8040C491E51608C
:20B740004FF4FA71FFF7CFFF0120FA21FFF7CBFF02206421FFF7C7FF4FF4802120460A467E
:20B76000703000F00DFC022120460A46103800F007FC10BD494A464910684FF48023401C73
:20B78000106078310B607047404A414910684FF40033401C106078310B60704710B53E4C86
:20B7A00000212160C4F880103A48616100682161401EA06136484FF400310A46703000F03C
:20B7C000DFFB012120460A4600F0DAFBFFF7A9FF10BD334810B50068FDF7EFFEFAF772FBA0
:20B7E000304C206818B930490120086003E0FDF74CFC00202060264804217830016010BD4A
:20B8000023480221783001607047284870B5016841F21A028A421ED1274CA4F11806244A3E
:20B82000316805468A4202D02248884201D100F0B3FBD5F89C0170B10720F0602168490E00
:20B8400009D3D4F89815C90AFBD2C6F8AC0540F20C40C6F8B005104801218830016070BDD3
:20B8600010B50E4A0C49136830310C680419A04208D90868844205D21068834202D3086897
:20B880008442F9D308688442FCD810BD30F3000810FCFFFF14EE000800FCFFFF34F30008D7
:20B8A0000CC700FC78E900081CEE00083CF90008401408014214C8007CC100FC2DE9F04106
:20B8C0003B4F3C483C4C4FF40E71002640F28442C7F80C1131460660204600F013FAD7F807
:20B8E000C0013146400C18BF0121344D0028A9600CBF4B202820686000F042FAFFF761FC54
:20B90000FFF74CFFFEF7E0FA2868EE214FF4A03200F0F8F900F0C4F9F4F7E1FCFDF7E4FB3A
:20B92000FFF787FDFCF7A1FBF9F70EF9F7F70AFDFAF720F9FDF755F900F0C0FA4FF40018C1
:20B9400000F0CFFAF7F7BCFFD4F8400404EB8000D0F84404F8B1D4F8402404EB8200930019
:20B96000D0F83C13C7F8108003EBC200201800F55F708847D4F8400404EB8000C0F8446407
:20B98000D4F84004C7F80080401C1028C4F8400428BFC4F84064FDF79DF9E8680028CFD0DC
:20B9A000FDF732F90028CBD1EE6030BFC8E7C04630FEFFFF10ED00E088E9000810EE00082A
:20B9C000642988BF64213A4AC2EB80200268642389B2B2FBF3F25143416070473449091FEE
:20B9E000C1EB8021096800290CBF64210021FFF7E7BF2F4901220831C1EB8020026070471A
:20BA000030B50346642988BF64212A4C2848246810250C3089B26243C0EB832064240560A1
:20BA2000B2FBF4F3C26059430161012540F8045C12240460456030BD64214FF47A62FFF7CE
:20BA4000DFBF0146F0B51C48194B46688A0200F10804D11A07682568096876B954F8274023
:20BA600085687F1C1E2F0760A5EB040401FB04F1B1FBF5F40ED101210BE07F1E076054F830
:20BA80002740A5EB040401FB04F1B1FBF5F401D1002141601B1FD21A1460F0BD04491022C7
:20BAA0000C31C1EB80200260002101617047C046EC77080014EE000828EE00082DE9FC4175
:20BAC000334D344E2222AF1C311D384600F03AF905F12404382100204FF480732246298088
:20BAE0004FF4783100900320FFF7D8FAB84600283DD130680421261D019016F8010B01AA55
:20BB000001F00303D75C491CC019D054080AF4D09DF804002178884229D19DF8050061785A
:20BB2000884224D19DF80600A17888421FD19DF80700E17888421AD104F1080140460A227E
:20BB400000F000F908F10A0004F11201082200F0F9F808F1120004F11A01102200F0F2F8BF
:20BB600094F8A51094F8A40040EA01202880BDE8FC810748008828B14FF6FF71814218BF40
:20BB8000012800D1372070470148801C7047C0468CEF000864C3000827482849C0F800139E
:20BBA0002749C0F804134FF4E021C0F8241CFF210160704770B5FFF7EFFF224D4FF0FF30EC
:20BBC000A5F1440420604FF4B0126060002044F8300C4FF47F0144F82C0C0A2044F8380CC9
:20BBE000284600F0CDF9184E4FF47F414FF4A062304600F0C5F94FF47F414FF4A0522846A9
:20BC000000F0BEF94FF47F414FF4C0622846001D00F0B6F94FF07F414FF02062304600F0C5
:20BC2000AFF90A4844F8100C202044F8100C402044F80C0C70BDC04600E100E0E0C0A080B2
:20BC40006040200084FEFFFF94FEFFFF530F600000204FF07D41254B8860254AC3F8E821AA
:20BC6000C860244AC3F824228861C861704700214FF07D400161214A42611F4B81611D4A24
:20BC80001A60C161704700224FF07D4106230A6019484B60164B8A603C380360CA60704790
:20BCA0004FF07D41002205200A604FF40042486012480A61401E4861FFF7CABF4FF07D4062
:20BCC000F021416400214164006C70474FF07D41086C086470470A480068C0F300107047FD
:20BCE00007480068C0F340107047C0463CF90008000010C0000014C060FB00080600008003
:20BD0000400000FDC0B5844686181CF0030F10D141EA012041EA002326F00302604641EA84
:20BD20000323824205D0121A97107F1E40F8043BFBD1864204D0361A761E00F8011BFBD131
:20BD40006046C0BDC0B58E1841EA0002034612F0030F0BD126F003028A4207D0521A97106E
:20BD600051F8042B7F1E43F8042BF9D18E4206D0761A11F8012B761E03F8012BF9D1C0BD0D
:20BD800030B5184D154901202C1F2060002008604860042002210A46E0632846383000F03F
:20BDA000EFF80F484FF080710A466060284600F0E7F80E480C4900684FF4E1334FF4613288
:20BDC00001FB00300721B0FBF2F0A162401E8021E0620A46284600F0D3F830BD50F300088D
:20BDE0002200020204E5F7FF48E8010014EE000830B58188552902D14188372901D00120A9
:20BE000030BD017821F07F02802A4FF0010119D14278702A16D1C088022813D10D480C4D16
:20BE20004FF48634026829606023A3540A4B016892255D540168022201F586318020F9F7A8
:20BE40000CFE0021084630BD04494020FFF7A4BA4CF9000810EE0008010C0100F1BD000864
:20BE60001449B1F1FF3F12D00868091D78B151F8042B28B111F8013B401E02F8013BF9D1F0
:20BE8000C91C21F0030151F8040B0028EFD170474FF00060016881F3088807494FF00060B6
:20BEA0000860FFF7DDFF00F059F8FFF783FEFFF705FDC046A8BF000808ED00E00E490D48A2
:20BEC00009684843400B40F6FF71401E814238BF081C0A4908600A4B41F8043C1F224A60C5
:20BEE000704706484EF21A51083001604AF25C310160704748CA060014EE000894FCFFFF68
:20BF00001253EDAC0A4801684AF6DC428A42416004BF4AF6BA310160001D704704480168C5
:20BF20004AF6BA328A4204BF4AF6DC410160704720EE000800BFFDE700BFFDE700BFFDE7D2
:20BF400000BFFDE700BFFDE700BFFDE700BFFDE700BFFDE700BFFDE700BFFDE700204FF409
:20BF6000807240F8300C054940F8302C4FF0FF30086648668866C8660860704740E0FFFF96
:20BF800003680A408B431A430260704703680A408B431A43026070474FF400406FF01F01AD
:20BFA00008607047FFF7F8BFC500000068F8000812010003000000095A1A050007010102E5
:20BFC00003010A061002000000400100040309041203540041004E004400420045005200D1
:20BFE000470022035200440058002000200020002000200020002000200020002000200087
:20C00000200020001A0330CA30003900380037003600350034003300320031003000050F78
:20C020002A0003071002020000000A1003000E00010A0A0014100400001122334455667774
:20C040008899AABBCCDDEEFF09022600010100C000090400000208065000070583020004CF
:20C060000006300F0000000705030200040006300F000000000000008000000028EE000883
:20C080000000000000000000001000006E0F0000D80E0000100E0000E40C0000500B0000C4
:20C0A000C409000000080000A805000000040000D4020000000200006A010000FF000000B8
:20C0C000B4000000800000005A000000400000002D0000002000000017000000100000001E
:20C0E0000C000000080000000600000004000000030000000200000001000000000000001C
:20C100000D00000080F300080000000900808389B0B1B2C0C2C046C01200000090F300080A
:20C12000700000000000000A00000000000000000000C0460E000000A4F30008090C0000BD
:20C140000000000000000000000000001400000074E9000800000000000000000000000066
:20C1600000000000000000001000000010EE0008000000C0000000000000000000000000E9
:20C180000400000030F30008000000000400000034F30008000000001000000058F30008DA
:20C1A000000000000000000000000000000000000C00000030F90008000000000000000042
:20C1C000000000000800000084FB00080000000000000000040000000CEE000800000000CA
:20C1E0000400000020EE0008BAAB0000040000004CF3000800000000000000004F50454E43
:20C20000524458313031323334353637383941424344454673D528801AEFC032D3A536378D
:20C22000B035F65D72809151B2F127C6B2050E9BACC76F3B982F8A4291443771CFFBC0B596
:20C24000A5DBB5E95BC25639F111F159A4823F92D55E1CAB98AA07D8015B8312BE8531242D
:20C26000C37D0C55745DBE72FEB1DE80A706DC9B74F19BC1C1699BE48647BEEFC69DC10FD4
:20C28000CCA10C246F2CE92DAA84744ADCA9B05CDA88F97652513E986DC631A8C82703B0DB
:20C2A000C77F59BFF30BE0C64791A7D55163CA0667292914850AB72738211B2EFC6D2C4DE6
:20C2C000130D385354730A65BB0A6A762EC9C281852C7292A1E8BFA24B661AA8708B4BC284
:20C2E000A3516CC719E892D1240699D685350EF470A06A1016C1A419086C371E4C77482745
:20C30000B5BCB034B30C1C394AAAD84E4FCA9C5BF36F2E68EE828F746F63A5781478C88458
:20C320000802C78CFAFFBE90EB6C50A4F7A3F9BEF27871C6303130303031303754492D4485
:20C3400053470000545553423932367854414E444245524752445820202020202020202097
:20C3600020202020785634123733363032343238383954414E444245524752445820202083
:20C3800020202020202020202020000004060B000304060B50617373776F72643A000000A3
:20C3A00042FBA7FB2B0932005E1BBEC2DB8245160800400040000002080040004000400035
:20C3C00000004000000200040000400000020004FFFFFFFFFFFFFFFFFFFFFFFFFFFFFFFFE1
:00000001FF
