:020000040800F2
:2000000038E90008E9CA000895CB0008A5CB00089DCB0008B1CB00088DCB000891CB000864
:2000200091CB000891CB000891CB0008ADCB0008A9CB000891CB0008A1CB000899CB000854
:20004000FDCB0008FDCB0008FDCB0008FDCB00082FC40008B5390008453C0008FDCB000816
:20006000ADC3000899C30008F7C3000815A60008FDCB0008FDCB0008FDCB0008FDCB0008DF
:20008000FDCB0008FDCB0008FDCB0008FDCB0008FDCB0008B185000825C40008FDCB000851
:2000A000FDCB0008FDCB0008FDCB0008FDCB0008FDCB0008FDCB0008FDCB0008FDCB0008C0
:2000C000FDCB0008FDCB0008FDCB0008FDCB0008FDCB0008FDCB000825C90008FDCB00087A
:2000E000FDCB0008FDCB0008FDCB0008FDCB0008FDCB0008FDCB0008FDCB0008FDCB000880
:20010000B44A10B502F11C0090E818001069C018D268B14B127C4FF0000141EB040140F2C5
:20012000844404FB02320CCA994208BF90428CBF0C20002010BDF0B5A84E0C461546074681
:2001400070210422F01C317000210CF007FC0021042206F108000CF001FC347375733846CF
:20016000B070F0BD90B5071C4FF000041FD19A4940F28440784360310858C0B138460BF0A8
:20018000DCF8A0B138460BF0DFF892491431096881420CD1AA49F801401A016801F00F0109
:2001A000032904D150F8180CC00938BF0124204690BD2DE9F047874C824604F10C000068E9
:2001C000DFF88082057C4FF060092846C8F81090FFF7C8FF30B92846002103F0A9FC0E2054
:2001E000BDE8F087E168087C8A7C514602F025FB0026071C1BD19AF80200612803D06028BA
:2002000018BF371C00D101272846FFF7ABFF40B1E168087C897C3A4602F0C5FB30B90827A0
:2002200005E02846314603F083FC01260E27A6B92846FFF797FF70B9E16881488A7C103844
:20024000C0EBC51001682846D14001F0010103F06FFC0E2707E0C8F80090062F02D0072F3C
:2002600001D1F6E70D273846BDE8F0879C48006870470A3806D0203804D0603818BFB0F1AA
:20028000200001D1012070470020704788280ADC882811D008380FD0801E0DD01E380BD0CB
:2002A000801E09D00AE08A3806D01E3804D0801E18BFB0F1140001D1012070470020704770
:2002C00002461078B0F185014FF0000018BFB1F11C0103D19178890928BF0120704710B55F
:2002E0003C499A4C41F21403002297484B6023688A60C018086005F006FE10BD0346B1B177
:20030000774A121D10680068807802090FD310F0030F0CD0086A50B1B0F5805F07D8042B35
:200320004FF0010004D0062B02D00A2B00D00020704710B5002469B18A78EC2A0AD10428A8
:2003400008D10420FFF7DAFF20B1086AB0F5007F08BF0124204610BD024680B5002059B1A4
:20036000032A09D1774A12681268927812F00F0F02D10F6A07B9012080BD10B5024681B1EE
:200380008878B0280DD148794F280AD18879C22807D1C878D03801280AD9401F08D0401FE7
:2003A00001D0002010BD1046FFF7D6FF04460FE0042A4FF000040BD10420FFF79FFF38B137
:2003C000087B012804D1086AB0F5007F08BF0124204610BD54F30008D4EB000888F300084E
:2003E000C0B5071C21D0574802681168887800F00303022B19D1C00817D30B78387B852B4D
:2004000005D14978490824BF797B40EA012060B1137CC24A40F28441594356582EB14FF0C7
:20042000FF31B1FBF6F1814201D20020C0BD3A6A70430021904208BF01210846C0BDC046C2
:20044000D8FEFF0430FEFFFF30B50546FFF771FF18B92846FFF791FF08B1012030BD887875
:2004600040280CDC402815D020382AD0001F28D0401E16D0801E0DD0801E22D00FE04238BE
:2004800008D082381DD0001F0BD01D3818BFB0F1130004D12846FFF75FFF04461EE0002004
:2004A00030BD0024062D18BF0A2D08D12846FFF725FF20B10846FFF793FF00B101242046A6
:2004C000EBE7042D4FF0000408D10420FFF716FF20B10846FFF784FF00B10124204630BD0D
:2004E0005CF30008B0B5044616480068007C0F4630B92FB10AF021FF01280ED0022801D07A
:200500000020B0BD08F01AFD20B120463946FFF79BFF00E00120054611E020463946FFF7E1
:2005200008FF012558B92046FFF727FF38B9B878E52803D12046FFF70FFF00B90025284643
:20054000B0BDC04660F3000810260100E4ED00082DE9F041AF4CE16808684078ADF1340D2B
:20056000C0F3430838F0010000F0DC80B8F1030FC0F2D680A64DB8F10C0F10DDB8F10F0FDA
:2005800040F0CE80206829460E220CF007FA2068E1688860E16809200E22CA60C7E06846DF
:2005A000002134220CF0DAF98020294627224FF0000CE3688DF80100891C8DF800201868B7
:2005C00081F800C00278A12A30D000791A688DF8030090798DF80C00107A8DF80400907A63
:2005E0008DF80500107B8DF80600507B8DF80700907B8DF80200D57B501C8DF80F50067854
:200600000627042576082FD380788DF80B0050798DF80D00D0798DF80800507A01268DF8D5
:200620000900D27A0E708DF80A201AE0C07819688DF8030008798DF80C0048798DF80400A1
:2006400088798DF80500C8798DF80600087A8DF80700487A8DF80200C87A032504278DF8D2
:200660000F00E3681868401C40781968C0F340100590887810F0030025D0401E08D0401EE7
:200680001FD14878400838BF3D1C04D33D4604E04878400801D2485D05E04A19485D12F85D
:2006A000011C40EA0120089018688078C0080CD3197C1A4A089F40F28440484310587843D7
:2006C00002E0586800E0604608909DF80200EC2812BFA1284FF400700890089F604627B1A5
:2006E00019688978090938BF0120069069464046FFF7F8FE68B9E068007C0AF01EFE022872
:2007000005D108F01BFC002818BF15200FD10A200DE06846FFF74DFD09E0C046FCEB0008FD
:200720000B2004E0087C012103F002FA00200DB0BDE8F08102460846111C00D108B90020AD
:200740007047AB4A40F2844303FB012211684FF4F813B3FBF0F051B9516A19B1B049096885
:20076000012904D0B0F5807F88BF4FF480707047F0B5144602780025083A0ED0921E0CD05C
:200780001E3A20D0921E1ED05E3A13D0921E11D01E3A0AD0921E08D004E007790FB94FF43E
:2007A000807714E02F46012511E08279C379067A477A03E0827AC37A067B477B43EA022399
:2007C00046EA032601E0C679077A47EA0627954840F2844202FB0102906B10B1166816B9E3
:2007E00010E04FF400764FF0FF32B2FBF6F2BA4208D328B108463146FFF79CFFB84201D377
:200800007E4301E00026032526602846F0BDC0469CF3000854F30008F0B50F1C08BF0120A3
:2008200000F0BA80067800213246552A43DC552A00F091801E2A24DC1E2A00F0A880122A75
:2008400012DC122A00F0A180002A00F0A080D21E00F09B80521E00F09280121F00F0958080
:20086000961E00F096808EE0B2F1150600F08480761F00F08A80761E00F08980B21E76D06C
:2008800081E02F2A0CDC2F2A00F08180B2F123067BD0B61E79D0F61E77D0B21E79D072E072
:2008A000B2F1350673D0B61F5AD0F61F53D0B6F10B026AD067E0A22A19DCA22A30D08F2A65
:2008C0000BDC8F2A63D0B2F15A065ED02B3E32D0F61E5AD0B21E5CD055E0B2F1910656D0DA
:2008E0000D3E2FD0B61E50D0721E24D04BE0E02A0ADCE02A49D0A83A47D0921E49D0521FC5
:2009000045D0921F0CD03EE0A2F1E106012E3ED9B61E022E39D9F61E39D0B21E35D032E03D
:200920008479C279037A457A224313431D432ED0A22E2AD02DE0807810F0030F27D0000949
:2009400023D226E0847AC27A037B467B224313431E431AD11BE0C279067A164317D018E02E
:200960008379C279067A1A43164310D011E0C278067916430BD00CE0067946B109E0407849
:20098000400904D305E0012105E0802002E0052101E0084638600846F0BD90B50446081C2E
:2009A0001BD0722067492070087800F00F006070887AA0700020CA7A20716071A071E270F0
:2009C0008F7A87B9C97A1D290DD10E2204F10800E149E2710BF0E2FF06E0E0492046122238
:2009E0000BF0DCFF0A20E07100BFE079083090BDD0EB000800780A380ED020380CD0001F5B
:200A00000AD0143808D0483806D0001F04D01C3818BFB0F1040001D101207047002070473E
:200A20006CF90008FCEB00082DE9FC470021044634220BF093FFCA48CA4A0068103001786C
:200A400040F2844A0AFB01F15758002F0CBF402142212722A170E54D22708021617090F81A
:200A6000008095F8212095F82030EE7FAF7F95F81DC095F81CE0D017D9174FEA0029100E66
:200A800049EA0000120201431343180E0A021B02F117024311431E43F8170A02330E360290
:200AA0001A4310433743634601023E02380E43EA06020143130E16024FEAEC704FEAEE72FA
:200AC00040EA010738021843774602436B4647EA060140460AF070FA002808BF00202FD06C
:200AE0009DE80C009DF8000020719DE80300170E1E021A1C62729DE80C00000A0906084373
:200B000060719DE803001A0A000C0904A2720843A0714021E17147EA0600C0B22072EA688F
:200B2000CA4F127C0AFB0272D2F874721FB900F00F000143E171287C2073697C0120617367
:200B4000BDE8FC878AF300082DE9F04FDFF810B2ABF10C04E06807683A7800210925252A47
:200B600000F0A5809E2A40F0A080FA7BD20828BF0B257A78102A40F0E880092D40F0E68052
:200B8000BE7AFA7A3B7B7F7B42EA062243EA022357EA032A00F08780DFF8B0C2027C40F2F5
:200BA000844E0EFB02C202F51E720CCA0126B046B2EB0802174622684FF0000973EB0903DC
:200BC0001E0E167022681E0C567022681E0A967022681E1CD6701E023A0E32432668327119
:200BE0003A0C1E04324326681B0672713E0A46EA030223689A712268D771027C23687746DB
:200C000007FB02C292F8A3221A72027C236807FB02C292F8A2225A72027C236807FB02C27B
:200C200092F8A1229A72027C236807FB02C292F8A022DA720A4621680A73037C216807FB94
:200C400003C393F8A8324B73007C07FB00C000F52B73B0F8B4021E68301A00B2864201D061
:200C6000002800D51046C0F305268E73C8735F695FB19F694FB18E7B46F080068E73DF6919
:200C80001FB1887B40F04000887301F11000114610220BF063FEBAF1200F2CBF2021514692
:200CA0005846006852E00D4650E00A254EE07A7AD20828BF0B253A7A520828BF0B25BE78DC
:200CC0003B79FA787F79324313431F433DD1092D3CD1017CE04A40F2844303FB012C9CE829
:200CE000C0004FF0000901239846B6EB0806314677EB0907002F08BFB1F1FF3F24BF4FF05A
:200D0000FF314F4626683B020A0E1A43327026683B040A0C1A43727023680A0A3E063243B2
:200D20009A702268D17022689CF82B10117122689CF82A10517122689CF829109171236805
:200D40009CF828200821DA7100E00B2522688260C1602846BDE8F08F9CF3000888F30008FA
:200D600060F30008D0EB00082DE9FC4F1F4CE16808682768467836F0080640F00C81827898
:200D8000DFF8C8800026931112F03F0F02F03F09019300F0B780B9F1310F00F0B380B9F16E
:200DA000330F00F0AF80B9F1340F00F0AB80B9F13F0F18BFB9F1080F40F0A280087C40F232
:200DC000844909FB0080D0F8D80248B108F0BAF830B907F04DFE18B9E068007C09F087F944
:200DE000E068006801781A2932D001E054F30008427A4178D20828BF0B260025C379027A11
:200E00003D701A207870BD70E068007CC1F3001B42EA032209FB0080D0F888020092002862
:200E20000CBFAA464FF0100A08F088F800280CBF281C802040EA0A00F87087F804B07D7192
:200E4000BD714FF0080AFD7123E0C0465CE900084179C90828BF0B260079009017213970C2
:200E600000257D70E068007C09FB0080D0F8880200280CBFAA464FF0100A08F05FF8002813
:200E80000CBF281C802040EA0A00B8704FF0040AFD70002E40F0DD800AEB070B2946142226
:200EA00058460BF05BFD08211220019B07F80A10012B0BF10101087013D0E068007C09FBE4
:200EC0000080B0F8AA00800934BF281C04204870E068007C09FB0080B0F8AA00C0090AD265
:200EE00008E04D70E068007C09FB0080B0F8A400C00900D320250AF11400CD72C0B29DE09B
:200F00000B26A6E001781A2942D0417AC90842D2C57990F808A03146082238460BF01EFD09
:200F200008F00CF84AEA052ACDF800A000280CBF301C8020F870E06800684078C0F300107B
:200F40003871E0680068407800091FD2082207F108003146FA710BF001FDE068007C40F28B
:200F6000844101FB008090F8A2027873E068007C01FB008090F8A102B873E068007C01FBC3
:200F8000008090F8A0021025F8733AE0082538E04179C90802D30B20BDE8FC8F00793146FD
:200FA0000422009038460BF0D9FC07F0C7FF00280CBF301C8020B870E068006840780009F8
:200FC0001ED20822381D3146FA700BF0C7FCE068007C40F2844101FB008090F8A2027872B6
:200FE000E068007C01FB008090F8A102B872E068007C01FB008090F8A0020C25F87200E077
:2010000004256168B9F1000F0BD0019BE819491B4A4608F05DFA2818C0B2854208BF0B26F9
:2010200000E02846E168096809781A2904D000213970851E7D7001E0411E39704EB9009F27
:201040002168E2688742916098BF381CE1680926C8603046BDE8FC8FD4EB0008714BF0B5EA
:2010600040F28442044602FB04F0185800250E4668B177685FB120460AF05FF9874206D1F4
:2010800020460AF061F93168814208BF01252846F0BDF0B5071C0E4606D12EB1614940F284
:2010A00084407843085808B90020F0BD38460AF044F9706038460AF047F960245D4D3060C8
:2010C000314638462C61FFF7C9FF594A50B15749F801131DC31A801A196000220BF082FDD7
:2010E000012004E00020C2EBC711086040242C60F0BD2DE9F0434C4FDFF83C911446884691
:201100000646082C0AD148460068827C0121C7EBC6109140002201F0F9FA0446F5017CB192
:2011200048460168EB1B8A7C1868012101FA02F2024205D0304602F0FBFC0E20BDE8F0835D
:201140003C4F6020414638613046FFF787FF0646374846B13CB9A0F10C01691A096811F028
:20116000210F18BF0D24314A011D691A0A601EB900200E24486004E02D1A114628460BF0F5
:2011800031FD402038600EB1202038602046BDE8F083F0B5074628480068047C0D46002F48
:2011A000ADF13C0D08BF002039D01E4940F2844060430E5836B320460AF0BFF8022821D1D6
:2011C0006846002134220BF0C9FB27268DF800608DF80C7001218DF80310062006918023DE
:2011E0008DF802003A0A8DF801308DF80D2040268DF807607902089135B120460DA9FFF75E
:2012000048FF08B90E200AE06846FEF7D2FF02462DB120460DA942F21073FFF76AFF0FB023
:20122000F0BDC04634EC0008C8FEFF0401000040ECFEFF0430FEFFFF60F300082DE9FF4FF1
:20124000DFF84883D8F80C30DFF844B31A68191D501C0C7B1E7CC77940F2844A0AFB04B4D0
:20126000D279D4F8C05247EA0227002D40D00278520829D2007AC00826D2002F00F02681DF
:20128000082F21D3B7F5006F1ED8086887421BD8DFF83093A44DA34CD9F800003A462918DA
:2012A000241820460BF07AFBA178E07840EA012010F00F0F08D1083F874205D34146C968C9
:2012C00049680839814201D20B2000E10009019000F0FC80484601680AFB06BA0AF51E7A21
:2012E000BAF8540000266D18042803D2834618B90A20ECE04FF0040B4FEA4B2228463146D3
:2013000002920BF02BFB08344FEA8B10019F0090002F00F0D38000200390217A607AA37A21
:20132000E77A40EA012043EA0021237857EA01274FEAE3714FEA0122617894F807804FEAA1
:20134000136042EA00024FEA03204FEAE17343EA020341EA00014FEA03224FEA116042EA71
:201360000002A0784FEA01214FEAE07343EA020340EA01004FEA03224FEA106142EA0102D8
:20138000E1784FEAE17343EA02034FEA032223794FEA002041EA00014FEA116042EA0002DE
:2013A0004FEAE37040EA02004FEA01224FEA0020194641EA02014FEA116240EA0200627980
:2013C0004FEAE27343EA00034FEA0320A3794FEA012142EA01024FEA126140EA01004FEA3D
:2013E00002224FEAE37141EA000118464FEA012140EA02004FEAE8734FEA106241EA0201BE
:2014000043EA01094FEA0022434643EA02084FD09AE80300894508BF80450AD29AE803001B
:201420000022B0EB080071EB09018A4208BF874201D90C204BE00098B0420BD158460121CE
:20144000FFF7A7FE002842D1029A284600210BF085FA00264FF6FF7005EBC603B84288BF3D
:20146000381C4FEA18214FEA096283F8008011434FEA09425970761C4FEA18413F1A114395
:201480004FEA092299704FEA18611143039AD970494619714FEA19215971014618EB01084A
:2014A00098714FEA102149EB0209002FD971C2D101981034401E01907FF42FAF36B106F173
:2014C0003F040021A009FFF764FE00E000200090BDE8FF8F2D4A10B5D3681C7CADF13C0DEE
:2014E00002F11C0383E80300012010616846FFF79BFA20B120460DA9FFF7CBFD08B90E2007
:201500000DE06846FEF755FE02460DA94FF4FA632046FFF7EEFD00281CBF0E2810200FB0DB
:2015200010BDC046101E0100101601002DE9F04F164CE068DFF85880017C40F2844909FB54
:201540000181D1F8D872ADF5C07D3FB107F0FAFC002700B10127E068002F23D001680978E6
:2015600003291FD012291DD04D291BD01A2919D05A2917D0152915D0552913D01E2911D085
:201580001B290FD0A2290DD004E0C04654F300085CE900083B2905D0FFE71D2918BFA029F5
:2015A00040F047850068FFF725FA30B107F0C6FC002818BF152040F06287E168DFF854B3A4
:2015C00002E0C046E4ED0008D04D0868DFF840A30378DBF800C05F951A463B2A3DDCFFE73D
:2015E0003B2A00F0DD831B2A1DDC1B2A00F0AA84FFE7002A00F01487D21E00F0F386521E31
:2016000000F0E386121F00F04781921E00F04481083A00F01085D21E00F03483501F00F066
:20162000298700F01FBF1D3A00F04A84521E00F02E84521F00F0D783921E00F01887D21E1B
:2016400000F02A81921E00F02781521F00F0C080921F00F0EF8200F005BF912A1CDC912AD2
:2016600000F0E882423A00F008870B3A00F06883083A00F00783521F00F0FC862B3A00F001
:20168000F386D21E00F00881921E00F00581521F00F09E8000F0E6BE9E3A00F0E886921E49
:2016A00000F07E82521E00F0DF86521E0BD0921F00F0F280921E00F0EF80521F00F088809F
:2016C000921F40F0CF868679C179027AC57A477A41EA062142EA0122E90847EA022723D23E
:2016E000A22B4FF0000620D1417820291DD1057935F07F0525D18378C2786168206842EA28
:20170000032292B204F030FF30B95F9859460068D1F800C0006808E02168E268B8429160BF
:2017200088BF381C0746B0E30B26057935F07F0507D19C48B84238BF0B2607F2FF10450AA1
:2017400005E04FF6FF70B84238BF0B263D46002E3CD16E0250460021324660440BF0FEF8DC
:2017600002A8002134220BF0F9F8272080238DF808008DF8093077B1E16808680278A22A00
:2017800014BF5F225D228DF814508DF80A202A0A8DF80C200BE0E1685B2208688DF80A2029
:2017A00003780022A22B08BF01228DF81020407809688DF80B00C8788DF80D0088780A96F5
:2017C0008DF80E0002A8FEF7F4FC06463046E5E12F3B4FF0000703D0603B23D0203B46D1DC
:2017E000384684F8210084F82000E06800688178E177C178A17701796177417921770178C3
:20180000AF2906D0417AC90828BF0B27C379007A29E0C17AC90828BF0B27C279037A8179DF
:20182000407A1CE0C17BC90828BF0B2786780EB9C67806B10C27007984F82100E068006819
:20184000417984F820108179E177C179A177017A6177417A2177C27A037B817A407B42EA3C
:20186000012243EA022340EA0320206100E00127381C40F09381FEF743FC002840F08E81EA
:201880002169002900F08A8129A8FFF7CDF8002800F0818129A87BE1083B4FF0000767D007
:2018A0009B1E65D01E3B0AD09B1E08D05E3B33D09B1E31D01E3B18BFB3F1020374D1417849
:2018C000090904D301212046A161C06800688078E077E0680068C178A177017961774179A9
:2018E00021770178A82908D0AA2906D0417AC90828BF0B27C279007A37E0C17AC90828BF21
:201900000B278379027AC179407A2AE060F3000810160100E4ED0008C17BC90828BF0B279E
:201920004178090904D301212046A161C068006886780EB9C67806B10C27007984F82100E8
:20194000E0680068417984F820108179E177C179A177017A6177417A2177837A027BC17A72
:20196000407B41EA032142EA012240EA022012E04179C90828BF0B27407800F01F00A0774E
:20198000E068006881786177C17821770679266116B94FF4807020613FB9266906B90B27F4
:2019A00003E0C04600FEFF010127381C40F0F680FEF7A6FB002840F0F180E068007C27696B
:2019C00009FB0081D1F8A4623146FEF7B3FEB842C0F0E380DFF85CA3DAF8000004F11C05CB
:2019E00048B9D6480068806806FB07F188423CBFB0FBF6F0206152A8002134220AF0AEFF90
:201A0000E76838680078FEF734FC8023064627208DF8480168798DF84931C117020E030269
:201A2000287909021143C2170A43184311020302020EE8781143C2170A43184311020302B0
:201A4000020EA8781143C2170A4311026A781843030E19430302D01708431A430002110E6A
:201A6000084329781302CA170243387C19436B468DE8060009F0A0FA002800F08C809DF8B7
:201A800000008DF84C019DE80300000A090608438DF84D019DE80300000C090408438DF844
:201AA0004E019DE80300050E080205439DE80300081C8DF851019DE803004027E3688DF8A8
:201AC0004F7110338DF85051080A8DF8520100208DF85701197809FB018101F51D714F6AA2
:201AE0004FF0010C1FB1DAF80020012A27D0A7692EB90A68002A0CBFC821252108E00A68CF
:201B0000002A08BFCA2103D0002F14BF3D2135218DF84A118DF84B0121698DF853018DF8C7
:201B2000541142B9ECB29DF84F218DF8550104F00F0414431BE00A0A8DF8552119E0002E38
:201B400014BF6122602221698DF84A21A7698DF84B110A0A8DF853219A788DF85501D20076
:201B60008DF854212FB19DF84F4144F080048DF84F418DF856015896CDF864C156901A786D
:201B800009FB0282D2F8A422579052A851435A91FEF70FFB02E00E2000E00B20074647E03F
:201BA0008779C179027AC37A457A867841EA072142EA0122D90845EA022534BF00270B2750
:201BC000C17802794378407919430A43104318BF0B27022E2BD8102D29D34FBB20680026B4
:201BE0000670206846702068867020680821C1702068374646602168062201EBC7010E7241
:201C000001F10A004F7231460AF0A8FE7F1CF2D02068E16888602068C01C01780831A942D9
:201C20009CBF05780835E0680927C56000E00B27384684E1352B07D0912B03D1C07BC00833
:201C400005D379E00A207AE1407AC00874D20FA8002134220AF082FE272180208DF83C10A5
:201C6000E7688DF83D00387C09FB0080D0F8740200280CBFE720EA208DF83E000FA8FEF76A
:201C800098FA5CE15546152B654405D0C179077A467A47EA012701E00779467929463A4639
:201CA00007F01AFB032840F04A81F00880F0D883E06801684878420880F0D28340093BD358
:201CC000002F4FF0000000F03A810978152905D0AB79E979082241EA032101E0E9780422F0
:201CE0007F1A8918BF1A0D4440F329814FF027094FF08008EF2629786C7801F03F01082971
:201D000014D145A8002134220AF028FE8DF814918DF815818DF81661287B800934BFAA2030
:201D200055208DF8170145A8FEF743FA3F1BBF1EE1DC04E16CF900080B2000E1D0F3000855
:201D40004778C279057A002F45EA022540F08883C778002F40F084830779002F40F08083C3
:201D60004779002F40F07C838779002F40F07883427AD20880F07483837866680A7C206817
:201D8000314603F03F0304F0D5FD002800F068832168E268A842916000D80546284638E374
:201DA0004A7C0A2A40F05C834F68002F08BF002505D009F0EEFA05462046C168086882784E
:201DC0004D2A0BD104F0B0F8002840F03281E168086849682A4609F068FD50E349682A467D
:201DE00004F03CFA4BE3427AD20880F03983C279077A57EA022761D02068002505702068C8
:201E000045702068857020681022C01C0270097C002609FB018303F51E7106C9002E11467A
:201E200006BF0029D3F878124FF0FF310A0E427022680E0C567122680B0A93712068C1715E
:201E400020680226067220684572E0682168007C09FB008090F8A1028872E0682168007CD8
:201E600009FB008090F8A002C8722168082201F10C00091D0AF092FD20680574E168206848
:201E8000142F8860A8BF142087DA384685E74279D20880F0E582007900F0010540080CD32F
:201EA000087C09FB0080D0F8D802002800F0C18007F048F8002840F0BC80A5600020DEE26F
:201EC0004179C90880F0CC82C378027955466544294642EA032207F0B3F9014603292FD1E9
:201EE000E0680268501CC778D278174340F0B882007800F00F00042822D100200021FFF7AA
:201F0000E9FA011C1CD1E068007C09FB008000F51E7003C801220023801A9941FFF7DAFABA
:201F2000011C0DD1E068007C09FB008000F51E7003C8CA07400849081043FFF7CBFA014651
:201F4000084640E24279D20880F08A820079820855D2087C09FB0080D0F8D802002868D0CC
:201F600006F0F0FF002864D138A8002134220AF0F5FC27218022E0688DF8E01001688DF848
:201F8000E1200979490822D2017C09FB0181D1F87472002F0CBFE721EA218DF8E210007CC7
:201FA00036A9FFF776F8002843D038A8FEF701F90246E068007C36A947F23053FFF799F8A6
:201FC000002840F00082E0208DF8E20013E0002084F8210084F82000E077A0770F276077F9
:201FE0000126277738A82661FEF71EFD002808BF0E2000F0E88138A8FEF7DBF8E3E140087B
:202000000CD2FEF733F938B907F0B3FA00287FF455AF06F051FF51E7142030E2087C09FB41
:202020000080D0F8D80220B106F08CFF00283FF445AF0E2023E24279C37805798778D2085D
:2020400045EA032B80F00C824078DFF894A340085AD2002F40F09B812546286800214022F2
:202060000AF07CFC20688021417020680627877020680227C77020683B260671206808226E
:20208000564606F1180108300AF088FC2068102206F1200110300AF081FC2068331D042257
:2020A000194620300AF07AFC2068382180F8241020680322D9A125300AF070FC206880F892
:2020C00028702068572180F829102068502680F82A602068042380F83A302068602280F8A4
:2020E0003B20206880F83C302068C02780F83D702068172680F83E60216830232A4681F8E5
:202100003F30D068402654E120686668B02F02460EDCB02F6DD0002F00F04081803F00F06B
:202120001D81FF1E00F03581B81F00F0C0802EE1B13F3BD07F1E15D00E3F09D0BF1E40F078
:2021400026810A7C314604F087FA061C08D02DE10B7C31461A4604F0EFFA061C40F026812A
:202160000D2030E12068002108220AF0F7FB2068B221417020680427C01C0770E168097C82
:2021800009FB018101F530710F686FB1802282704F684FB1827842F0020282708F681FB157
:2021A000817841F0040181700826FFE02068002140220AF0D3FB2068002101702068B122AA
:2021C00042702068817020683C27C770E1680A7C09FB0282D2F8D872002F66D0B2F8CE2248
:2021E0008280097C09FB0181B1F85011871D39805BE02068002140220AF0B0FB2068B02127
:20220000417020683C27C77020680126C671E068007C09FB0081D1F8A012FEF78BFA22683D
:202220005FFAB0F1117223685FFAA0F55D7226685FFA90F7B7722668F07226683173216897
:202240004D7321688F732168C873E068007C09FB0080B0F8CC22900A18BF4FF48062E568AE
:202260009005A0EB8210030A00F47F46020603F47F4342EA0622134343EA10634B61287C8B
:2022800009FB0080D0F8C0721831002F0CBF00237F231A0A180603F47F4502F47F4240EADA
:2022A0000520024342EA13620A6040267EE0206800214FF40F720AF051FB20680021017018
:2022C0002068892747702268564643F6020306F1080102F10800538006220AF05FFB2068D9
:2022E000082206F1100110300AF058FB20680422514620300AF052FB2068342180F82410BA
:20230000E168097C09FB0182D2F8D8721FB392F80112C90924BF402180F82510263002F2D8
:2023200002210C220AF03AFBE068007C09FB0080D0F8540200280CBFEC20A120216881F8F5
:202340003800E1682068097C4FF400723C3009FB01810AF023FB4FF40F7627E000231370BB
:202360008027477083701422C270097C09FB0181D1F8D87227B9001D20210AF0EFFA04E081
:20238000001D01F504710AF009FB18260EE00B2019E0314604F0D0FA064607E00D2E88BF7D
:2023A0000D262068374932460AF0F8FA5F9825460068296808305E45016098BFB346E2684D
:2023C00009205946D160014608E042790B21D20804D2407810F0170F08BF002108464EE0FC
:2023E000C4CF000841790579C90839D2417831F0010735D18778002F32D1C77887BB20680C
:2024000001F00101FEF7C9FA2168E268A842916000D80546E1680920CD6030E052445800A3
:202420004079C0081CD2087C09FB008101F53871086888B91CA8002134220AF08FFA2720CF
:202440008DF8700080278DF87170E5268DF872601CA8FDF7AEFE12E000220F200A600EE019
:202460000B200CE00A200AE0FEF772F807E0FEF76BFB04E0FEF778FC01E0FEF7DFFE60B080
:20248000BDE8F08F78F300082DE9F0430546287CADF1380D002818BF012040F02581974CB1
:2024A0000021182204F10C000AF058FAE560287C08F04AFF296860610878E02804DBE82881
:2024C00002DC687C06286FD0DFF83492287C40F2844808FB0090D0F85402002861D0E0683C
:2024E000017C08FB0191D1F8D872002F57D000680178A12902D1407A00284DD185294BD01A
:2025000001A8002134220AF029FAA027FF268DF8067080208DF809607A4D8DF80A6027210B
:202520008DF805002B688DF8041003F108000168202912D30122E1688DF80720097C08FBB2
:202540000191D1F8707247B10079802805D19DF8070040F004008DF80700E26811680878B0
:20256000FDF787FE07900878FDF790FE074608979868099047B9B0F5805F02D8187B80282B
:2025800002D14FF480500990527C0AA80AF006FA01A8FDF70EFE70E0FDF7DAFF6DE00E24FD
:2025A0008DE0FEF7C3FF68E0E068036822681878E03854D0C01E4CD0401E44D0401E3DD0CF
:2025C000401E35D0401E17D0401E2FD15F78002F2CD19F7857BBDF7847BB1F7937BB587915
:2025E000802823D11046802107F0A7F9F0B12068E168886080203DE0002000905E78DD78BF
:20260000197998785B7940EA062045EA0025032041EA052107F0B4FB30B92068E1688860E4
:20262000E1680868407926E00D2026E00A2024E003F068FA0AF0DCFA00201EE02E4801788F
:202640000120117013E00A201070216801274F700CE06020107020689221417006E00AF013
:202660007DFA0146206802220AF098F902202168E2689160E168C8600920002804462DD076
:2026800009380C282FD8DFE800F0292624201D1A17120E2E2E0A07C02721002205E0532116
:2026A000022205201DE074210822072019E0122404203E21032214E00620282107E00220AB
:2026C0003A2104E00420442101E005202121002207E0242100E020210022E2E70020014629
:2026E0000246FDF728FD20460EB0BDE8F0830649002008607047C04640F9000854F3000819
:202700005CE90008D0F300085CF300082DE9F041002B17460E4605460EDD1C464FF0000848
:2027200028683040874209D04FF47A7009F0D8FD0AF003FA641EF3D14FF002084046BDE84B
:20274000F0810B461146AD4A10B5C2EBC01004681A1C084618BF147008B1210A017010BDBA
:2027600098B504460DF101016A46FFF7EAFFA44A40F284416143501800F534704768002FCB
:2027800041D19DF801305B0842D39DF8007037F07F0734D19DF80030DB0923D29DF80000FF
:2027A00080091CD29DF80000400915D29DF8000000090DD29DF80000800806D29DF80000D6
:2027C000C00825D300210A461BE002203A211CE006205A21012219E00520212115E0062015
:2027E000282112E0007801EB80015218D2F80803002807BF032011210720272105E047217B
:2028000003220B2002E0042044210022FDF793FC98BD10B5794C04F108010022C1EBC014D9
:20282000012120460AF0DEF94FF4004100224FF4FA632046FFF76AFF10BD2DE9F84F0F46B5
:202840006F499046034640F2844202FB03F0081800F527718E6B002E18BF062040F0A18097
:202860000978414538BF0120C0F09B8063491839C1EBC31151F8044C09684FF0010B0BFA97
:2028800008F221430A4240F08B80CA4E31687A695C024FEA082504EBC32400EB8803611836
:2028A000681803F53A71009100F581300A60394614220AF073F8A146B878BF4CAA46A02860
:2028C0000BD131682046494440380AEB010207F12401801810220AF061F83D6AD6F800E091
:2028E00085B309EB0E005044201847B3F9693368002429B1BE69002E0CBFB04AB04A01E0E8
:20290000B04AD218002914BF4FF4F8114FF48051A94214D3D7F818C02E462146B6F5783FC1
:2029200034BF331C4FF4783302604160641C5D1E8160F61AC56000F11000EFD106E058460E
:20294000BDE8F88FD7F818C000210C4609EB0E024FEA48104FF480350526831803F5803333
:2029600080182E501868BCF1000F40EA044408461C6003D01C6844F040041C60009CC4F826
:2029800020C0BC78A02C03D11C6844F020041C605244596002F581329A60D960BDE8F88FD3
:2029A0000720BDE8F88FCB4BF0B517460A46014603F11C04C801041B246864081BD33FB93B
:2029C000CD4E40F2844501244D43944072550DE0CA4D012440F28446C71A944006FB015560
:2029E0003C60D5F83C132143C5F83C131B1FC11A00200C60F0BD0120F0BDC046E0FEFF04AC
:202A00005CE9000890B50F4604463422ADF1340D0021684609F0A2FFEF22802027238DF867
:202A2000022003218DF801008DF80030B44A8DF80310002067B940F28441121D6143515ACA
:202A40008A0803D2490828BF0B201CE00C201AE040F2844101FB04214F885FB90F8897B1A4
:202A60000220012200E0401E02FA00F10F42FAD0203008E00620012200E0401E02FA00F11F
:202A80000F42FAD040308DF80C00694600222046FFF7D3FEC0B9002120460A46FFF783FF54
:202AA00090B98C48E401012100224FF4FA63001F201AFFF72BFE214630B9C24A891A096848
:202AC00011F0210F18BF01200DB090BD30B50C4605463422ADF1340D0021684609F03EFF07
:202AE000272080228DF80000EF218DF80120002C8DF802102C4614BF1020902000226946F9
:202B00008DF8030002208DF80C002846FFF795FEB8B9002128460A46FFF745FF88B9A94DC2
:202B2000E401012100224FF4FA63A5F11800201AFFF7ECFD28B9641B216811F0210F18BF14
:202B400001200DB030BDF0B59E4D07464FF0FF336622FC01A5F11000211A0B6005F108008D
:202B60000A64201A01210A460AF03CF8964840F2844101FB0706F06FA8B1306F98B17068B7
:202B800038B938460021FFF73DFF38460121FFF739FF306818B138460121FFF797FF1035D3
:202BA0000120641B20600020F067C6F8C000F0BD00207047E4ED000880020100000010C050
:202BC000000014C010160100F0B50C46002A014614BFA578E57BB54B40F2844202FB01301C
:202BE00000F53470067802FB01F707EB86029B18D3F8E8724FB147683FB96A0805D2012066
:202C000000211D22FDF797FA0DE0406805F00107074305D1002001460246FDF78CFAF0BD47
:202C20000846FFF79DFD6949E0784870607B8870207B0B78C870580834BF0020207A087145
:202C400020794871580834BF0020607A88716079C871580834BF0020A07A0872A079F02793
:202C600048725B48E27907708A72CD72E1780571C170E1794171217B8171677B002F0CBF74
:202C800000214021257A627AA77A5219BF180CBF0022202241EAC3110A430272A179417218
:202CA000617981722179C172F0BD10B5D64C0A01FF2142F00102C4EBC014204609F092FF13
:202CC000052009F0DFFB0F210022204609F08AFF10BDC046CCFEFF043E4A40F28443102170
:202CE00003FB002252F8040F002818BF012002D1491EF7D1002070472CEC000848E9000805
:202D0000B8EB00082DE9F84F0646C048F401211A0F680022A4EB000B4021584609F062FF9B
:202D2000B949002507F04009884608F10400A4EB010A201A009050460F21012209F052FFCA
:202D4000052009F09FFB50460F21002209F04AFF00980F2103223223FFF7D8FCDFF878C076
:202D6000071C14D028460C2800F10105E3D3604640F28441903801FB0600D0F8845035B114
:202D80000021C0F884100122C0F888200160414640F284424FF08060B9F1000F4FF0010546
:202DA000A1F1040102FB06C6A4EB0104206004D0402158460A4609F015FF35603846BDE8B7
:202DC000F88FC046E0FEFF04C4EB00089EF3000888F300089CED000840EC00082DE9F04F98
:202DE000324C40F2844AADF1400D0AFB00FA0F905444D4F8D80238B184480F990022C0EB64
:202E0000C110022109F0EEFE68460021342209F0A5FD272080218DF80000D4F854728DF895
:202E20000110002F0CBFEC20A1204FF40072DFF83C838DF80200CE4F0D923968089208EBFE
:202E40000100002109F08AFD0F9869460022FFF7F4FC0E90002840F0B9810F9800210A462A
:202E6000FFF7A1FD00280E9040F0B0810F98664DC6010121002241F65833A5F10C00301A84
:202E8000FFF744FC0346002B0E93304640F09E81E049411A096811F0210F1CBF01210E9160
:202EA0000E9E3968002E40F0918101E05CE900081C350222401B02600D9A464671182046D3
:202EC00009F06CFD002504F52378A4F86052A946C4F870523F68C4F894520822A4F85E525D
:202EE000404684F86392294684F8629209F036FDC346F619A4F8B4520A27C4F8BC52DFF844
:202F00006CC3C4F8B85206F11402A4F8CC52308884F8A8920CEB0A01C0F3C010C4F85802EC
:202F200032F8020B03067F1E4FEA202040EA134021F8020BF4D10CF1140006F12E02042770
:202F4000504432F8021B0B067F1E4FEA212141EA134120F8021BF4D1604606F136021427E4
:202F60001C30504432F8021B0B067F1E4FEA212141EA134120F8021BF4D1B06F002104F54F
:202F80001E7282E80300D4F8540240B1B6F87C7028466FF30E0707B10120C4F87002B6F8ED
:202FA0007E00A4F85C02B6F86A00800824BFB6F88000A4F86002B6F88A10B6F89600C1F3AA
:202FC0008032C4F8C42200F01F0084F89D02C1F34011C4F8C8120728A8BF0720B6F89810C5
:202FE000012784F89C02C1F30023C1F34022C4F898320320C4F864220A4607FA00F1114222
:2030000006D1401EF9D105E0D4FEFF04ECFEFF0484F86302B6F89C10B6F89E00B6F8A03005
:203020004FF6FF78C1F38001C0F38010C4F868129845C4F86C021CBF002B84F86232B6F85B
:20304000A600B6F8A810C0F38022B6F86A30C4F87422C1F38011C4F88812D80824BFB6F869
:20306000B000A4F85E02D4F8740280B16FF0704004F51E71C31706C99A4208BF814206D1B4
:2030800004F51E7006F1C801082209F087FCB6F8A800400A10D306F1D801C4F89472584690
:2030A000082209F07BFCB6F8D8006FF30B00B0F5A04F18BFC4F89452DFF8A8C20F98C4F8D2
:2030C000AC7240F2844E0EFB00C404F51E7090E8000CB6F8D400C10B4CD3C113C903B1F543
:2030E000004F47D0400B0CD3B6F8EC10B6F8EA006FF0004240EA0140411E8A4288BF45003B
:203100000D950D98C4F8A002B6F8D400810B3CBFD4F8A002C4F8B0023CD300F00F000F9F69
:2031200084F8A8020EFB07C494F8A8124846814214D8D4F8A002D4F8AC22B6F8A211424324
:20314000C4F8B022CA0B25D3CA13D203B2F5004F1CBFC1F30D01A4F8B4121BE0D4F8AC22D8
:20316000401C5200C4F8AC22E1E7C04610160100E4ED0008D4F85472002F0CBF0D984FF4D5
:203180000060C4F8A0020F9FC4F8B0020EFB07C4D4F8A002C4F8A40204F5207080E8000CB4
:2031A000B4F8B402A4F8B602B6F8520110F00100C4F8C00205D0B4F8D20000B94046A4F8AB
:2031C000CC02B6F8B201A4F8CE0205E00020C4F8D8020127C4F8DC72D4F8D80238B1C048F0
:2031E0000F99C0EBC11002210A4609F0FBFC0E9810B0BDE8F08FB949C1EBC0100068C0F325
:2032000003107047B748012100224FF47A730160FFF77CBAE0FEFF04F0B50F46514940F23D
:2032200084420446002502FB0410C0F8D8520126C0F8DC62204607F049FF204605F05EFEED
:20324000A748AA49A84AA300C0EBC410C9180560202414600C6814B12FB1374601E0A54816
:20326000C550A348C7500E60F0BDC0466CEB00083C4A40F2844180B5484310270021831887
:2032800003F244437F1E43F8041BFBD18018C0F83C14C0F8401480BD2DE9F04F05463148ED
:2032A00040F2844780466F4308EB070404F52674C0192668D0F8D8A28B46002E04BFEE01AE
:2032C0004FF0000904D08D48EE01301AD0F800902846FFF79EFA82480C38361A306800F08A
:2032E000880049EA00005BEA00000ED02846FFF709FD18B10020206401266664BAF1000F6E
:2033000003D028460121FFF787FF2846FFF71BFC79480068032823D1BAF1000F20D02846F3
:20332000FFF7DAFCE0B9D4F89C00C8B1D4F8A41107EB81014144C1F83C03D4F8A40101263D
:2033400007EB800708EB0700C0F84464D4F8A401401C1028C4F8A40124BF0020C4F8A401D0
:20336000BDE8F08F5CE900082DE9F04FDFF884A1CB4C5F49DFF874B100273846524627600C
:203380005B4643F8047B42F8047B401C41F8047BF7D05B4808F023FDDFF8688101254FF05E
:2033A0007B464FF48031F56040460A46C038376009F018FC102140460A4609F013FC082159
:2033C00040460A4609F00EFC07210222404609F009FCFFF717FF08BB02207060DFF8FC8030
:2033E000D6F80C903E4605FA06F019EA000F13D0304600F08DF860B1C8EBC610006800F018
:203400000F00032808D0B0004BF800504AF8007002E02068401C2060761CE4D02168384612
:2034200001B92846BDE8F08F2DE9F04FDFF8DCA040F28442064602FB06A505F53675286877
:203440008B4670B3DFF89880F4014FF00009A4EB0807C7F8009009F05DFA3046FFF708FF9C
:2034600030465946FFF718FF2D68F868002D0CBF4A46254A414610F0880FA4EB010422600A
:203480000AD01A4850F8260030B98548006808B1CAF8D892FFF768FF062029210322FCF79A
:2034A0004AFEBDE8F08F2DE9F0417D4C924F8046402620683E6170B10025B8F1020F18BF85
:2034C000B8F1030F04D128460021FFF7ADFF20686D1C8542F1D33E60BDE8F081D8FEFF0402
:2034E000ECFEFF04040000FB40FEFFFF3CE9000844E9000840E9000844F90008CCFEFF04FF
:20350000A7340008780100FB5F0000795CE9000863492DE9F04F40F284424FF00009ADF150
:20352000180D1431039002FB0018C8F8D8920446C8F8DC9207F0CAFD204607F005FF059023
:20354000204605F0DBFC6D4A2046C401A51A6A4A20211161C5F80090402145F8041C012104
:2035600081400291C44A5160C14969600221FFF79CFB4CF21101DFF8FCA26868CDF81090BB
:2035800001421FD0FFE70398FFF743F988B9B74810214A46251A284609F024FB28464FF4CF
:2035A00080414A464FF4FA630090FFF7AFF8071C0CD00398FFF7A6FB0746AC48201A0090B1
:2035C00027B111E0A9484F46201A009050461038211A48680E68064303D00398FFF792FB59
:2035E00007460FB9C8F8D492BC4E039930684D024FF4807205EBC1254946281800F5803084
:2036000009F0ACF9DFF8D0B2306849464FF480722818584409F0A2F901953168019B504686
:203620002430201A6A1802F5803202605D465918C0F8049069188160009810210A4609F09B
:20364000D1FA17B10398FFF75DFBC7480F210322FA23201A8346FFF759F80746DFF880A2DD
:203660000498401C0228049002D8002FEAD100E0C7B9504689214A4647F23053201AFFF7B4
:2036800045F8071C40F0BE807A484FF6FF7140F201120A23201AFFF739F8074605E0C046DA
:2036A00048E900080120C8F8DC02002F40F0AA800398FFF748FA6F483168201A0268019829
:2036C000403501275FFA92F65FFAA2F3012E084405444FEA126102D0D0B2012806D153EA7D
:2036E00001060DD0EB2908BF142B01D05FB110E03846C8F8540205E030FEFFFFECFEFF0469
:20370000C8F854924F4608F500702946102209F045F9002F76D1D8F8540228B100984FF0DD
:2037200080710A4609F05EFA0398FFF757FB071C05D10398414607F082FC00B901279C48BF
:203740004FF470614FF44072201A09F04BFA002F58D198F8630202283ADB0398FFF74BFD83
:20376000022835D2039D2846FFF753F82846FFF7C9FA2846FFF73FFD02281BD2FFF742FDB6
:2037800002253D4939480D603949201A0160FA2008F0A6FD03982946FFF787FA0098102172
:2037A0000A4609F01FFA58460F2103223223FEF7ADFF074637BB504689214A4647F23053F3
:2037C000201AFEF7A3FF071C1CD10398FFF7BBF903984946FFF716F9071C13D103980121D0
:2037E000FFF710F9071C0DD10398C8F86892414607F032FD002808BF012703D0039807F04B
:20380000A3FD05901B491C4B029A4FF0FF306FF040060C39651A2860002F45F8206C4FF076
:20382000010A5A6040D1039EC8F8E0A2304605F047FBBD48BD490861304607F085FD059921
:2038400081421BD155F8080C00F00F00032815D155F8200CC00911D2C8F8D8A2C248B349E3
:2038600045F81C0C60260E601AE0C046E8FEFF0402000400DCFEFF04040000FB3A48201A68
:20388000006800F00F00032802D0304607F04DFD30464946FFF7C0FCA44940205746086004
:2038A0004FF40010086067B1BC49039851F82000C8F8DCA208B94FF04009B9484946241AD7
:2038C0002160D8F8380310B1014603988847384606B0BDE8F08FC04600010100E4ED0008B1
:2038E000E0FEFF042DE9F04F05F0C2F800284DD1AA48DFF80093002635464FF0010B2F46E0
:20390000A0F10408BA4658F8040F00283AD0A54CA41923682BB13846FFF7DEF9002831D1EB
:2039200025603846FFF7D8F950BBBF4880190368E3B10D49C1EBC711096801F00F0103299B
:203940000DD1C8F80050056038462560FFF7E0FDC0B9D9F80000401CC9F8000012E0384667
:2039600007F0E3FC0EE0C046D8FEFF04C0F800B03846FEF74EFF08F0CDFFC9F800A001E076
:20398000C4F800B07F1C06F10406BCD0BDE8F08F10B5A64C4FF480710A46204609F022F9BA
:2039A0004FF480710022204609F01CF910BDC046D4FEFF04F0B509F0C0F89D4D686DC0F3CD
:2039C0000327002F00F09B8006F028F8894C002863D1286800F00F0004285BD02169022F9B
:2039E00056D9944A1068401A032898BFA06802D9116800202161401C08284AD30027106820
:203A0000A760401A032845D8D4F8EC0204F1140640B9286930B10120C6F8DC023846FEF799
:203A2000F8FE37E0D6F8D8523846FEF7F2FE3846FFF768F910B1642008F024FD1DB138469F
:203A40000121FFF7E9FB3846FFF77DF8E068401CE060FDB13846FFF73FF9D8B9D6F83403AD
:203A6000C0B1D6F83C1406EB8101C1F83C03D6F83C14012506EB8101C1F84454D6F83C0436
:203A8000401C1028C6F83C0428BFC6F83C7401E00020A060FFF77CFFF0BD2868D4F8EC7266
:203AA00004F1140500F00F00032802D0002007F03CFC00200121FFF7AFFBFFF769FF002647
:203AC000A660E7B13046FFF707F9C0B9D5F83403A8B1D5F83C1405EB8101C1F83C03D5F8B2
:203AE0003C14012705EB8101C1F84474D5F83C04401C1028C5F83C0428BFC5F83C64F0BDDC
:203B00004D4B40F2844250431950704703464A4880B500270C380360416082607F1C00F274
:203B20008440F8D080BDC0466000200030FEFFFF70B504460846B4B9404D19496022002649
:203B40002A61C1EBC4110E6038B108F0E3FE2046FEF75FFE2046FFF7D5F820463146FFF775
:203B60005BFB4020286070BD5F00007990B598B9314A324C324B40F284414143603A575832
:203B8000236127B90121FFF747FB402000E0602020604FF40010206090BDC0463CE90008D4
:203BA000ECFEFF0444E9000890B54FF07B404FF08061104CC0F83011D4F8EC72D0F8280114
:203BC000143400F00F00032802D0002007F0ADFB00203946FFF720FB2FB3C94800680328AC
:203BE00021D10020FFF778F8E8B9D4F83403D0B102E0C04648E90008D4F83C1404EB81017A
:203C0000C1F83C03D4F83C14012704EB8101C1F84474D4F83C04401C1028C4F83C0424BF07
:203C20000020C4F83C0490BD40E90008780100FB280100FB30FCFFFF94EC000830FEFFFF74
:203C4000600020002DE9F84FAE4E30684008C0F05481DFF8C092D6F808010127CB46D6F81F
:203C60000C51C6F808010540E80980F03E81A648284240F02881A8480346D0F800C01C6845
:203C8000280942D31846DBF85014DFF880E203684FF0000888000EF1180E00EBC10000EB1A
:203CA0000B020BF1140182F8908340180EEB0302FD2380F87D33127880F87E23D6F82C21FD
:203CC000DBF83C335A40C0F88023DBF84033DBF83C039043CBF83C03BBB1D1F83C24D1F822
:203CE0002C0301EB8202C2F83C03D1F83C0401EB8000C0F84474D1F83C04401C1028C1F8F1
:203D00003C0424BF4046C1F83C04E80834D3DBF850148800002300EBC10000EB0B027B49C0
:203D200082F890333E3961440B780BF11402801803F01F0C0B6980F87DC34946C0F88433B5
:203D4000D1F84433BBB1D2F83C34D2F8300302EB8303C3F83C03D2F83C0402EB8000C0F8E4
:203D60004474D2F83C04401C1028C2F83C0424BF0020C2F83C044F60680846D363480146CC
:203D8000D9F85084005D3A46891E0919C0F34010C9F8E8020020FEF717FF4FEA880000211D
:203DA00000EBC800484400F56470017099F8E412564B4170195D584C554B8170216899F8EC
:203DC000E42201EB42115C5809F1140184600CB158464760D1F82C43ACB1D1F83C0401EB6B
:203DE0008000C0F83C43D1F83C0401EB8000C0F84474D1F83C04401C1028C1F83C0424BFAE
:203E00000020C1F83C0444480468A80852D33F4859465A464F60223800EB0408D2F85014C8
:203E200098F80F30584600F11404880033F07F0300EBC100204400F55F7A3BD194F8D01287
:203E4000D6F830010142FBD1002041460246FEF7BBFE00208AF8000094F8D0022E4B8AF8BC
:203E6000010098F802002A4A8AF80200186894F8D01200EB41101058CAF80800D4F82C0360
:203E8000A8B1D4F83C1404EB8101C1F83C03D4F83C0404EB8000C0F84474D4F83C04401CF1
:203EA0001028C4F83C0424BF0020C4F83C040220C6F80801680E1AD30020FEF7AAFC0020A8
:203EC000FEF741FE13E0280F0AD2E80F08D300200DF101016A46FEF734FC0020FEF740FC90
:203EE00000200146FFF7D8F901E0FFF75DFED6F8080100287FF4B3AE3760BDE8F88FC046C6
:203F000044F90008080000FB10000078420101000400010048E90008E4ED00082DE9D0434D
:203F2000144681460F1C08BF00204DD0C148DFF890820068032818BF002309D14046A03082
:203F400050F824004088030203F47F4343EA2023832049463A4601F047FB061C2DD0042EC9
:203F600031D1404600EB84025832116805292AD000F51A710B6800EB8303C3F8E891D0F8BD
:203F8000683200EB8303C3F80872D0F8683200EB8303C3F84842D0F86842012700EB8404BC
:203FA000C4F82872D0F8683240695B1C984298BF00230B600520106005E0404609210461DB
:203FC00000EB840081653046BDE8D083F0B50746BF480168BD4C7A484FF0000CBE0005469D
:203FE00001EB4711AA19641884F801C08119D1F8A010926D891C0B8858303618092A6380CB
:204000000DD0072A0BD00B2A09D00A2A05D0082A03D00C2A18BF012034D1072200E0062237
:204020002270AB683BBB2278062A0BD1D5F86C2205EB8202D2F8482250F822000B2801D1CD
:20404000974218D17B480068032818BF634605D10888030203F47F4343EA2023822021462B
:20406000042201F0C1FA00B9EF6108B90121A960042801D0F0BD04202178062914BF0C21E3
:204080000B213160F0BD6B4BF0B51B6814460D460646032B18BF002308D18B4850F824009F
:2040A0004088030203F47F4343EA2023032031462A4601F099FA074641487FB1042F12D160
:2040C00000EB840158310A68062A0CD04663856304640122C26306260E6004E0C4600A215B
:2040E00000EB840081653846F0BDF0B5514A7A4D7A4C12680F460646022A02D1FFF766FFFE
:20410000B0B9744850F8260008280BD00A2809D0072818BF09283DD1284639463246FFF756
:20412000FDFEF0BD204639463246FFF7ACFFF0BD04282FD1224A02EB8600806D0C2824D00C
:204140000B2827D102F51A70016802EB8101C1F8E851D2F8681202EB8101C1F80872D2F839
:20416000681202EB8101C1F84862D2F86832012402EB8303C3F82842D2F868125269491C6E
:204180008A4298BF00210160F0BD5463976316640120D063F0BD2DE9F04F094E4C4A4B4CC8
:2041A00082460F464FEA8A0906EB09011068CB6F002500EB4A10241823B927B908E0C04619
:2041C000F4F30008022706EB09000121C0F8C41020462946222208F0C1FB032109EB060034
:2041E000217000F1A008A771D8F800004088AB466080022FA4F80EB00BD104F11000294639
:20420000FCF7CBFB0546A8B22906001240EA1140E081D6F89C0106EB8000D0F8580106F52B
:20422000AC7758BB034800681035032818BF5B460AD101E040F90008D8F800004088030213
:2042400003F47F4343EA2023822021462A4601F0CBF908B9C6F81CA070B9FFE706EB0900C3
:2042600010218165706950452CD9706A401C00F03F007062BDE8F08F042823D106EB09003F
:204280005830026801210D2A13D00D220260D6F8980147F82010D6F8980107EB8000C0F8F8
:2042A00020A0386C401C0828A8BF58463864BDE8F08F786C401E48BF07207864D6F89C0192
:2042C00047F82010BDE8F08F94F40008F0140100E4ED00084CF40008000010C0000014C0F1
:2042E0002DE9F04FCF4C064631192C31B54B0A78B700381900F1A00984F85420D9F8000076
:20430000A2191030606492F82C5040F284426A439D588A46002D06BF002184F8561084F8FD
:2043200056600078E02803DBE828D8BF062000DD102084F855003D194FF0000B04F14400E5
:20434000C435C5F800B0FEF79FF88046B8F1080F00F08280B8F1090F31D0B8F1000F0AD09F
:20436000E019806D092803D00A2804D1032000E0832001F040F8012028606269B8F1120F3F
:204380000ED0E419A06D0A2800F08580B8F1000F14BF022159463046FFF7FDFEBDE8F08F36
:2043A00004F58470016804EB8101C1F8E860D4F80811491C8A4298BF59468B4669E0CC48FB
:2043C0004FF001080068C5F80080022818BF584602D13046FFF7FAFD0028216DC54BAB4862
:2043E0002DD0E219926D0B2A55D11A68D4F8685204F5F473821804EB850541F214008842DF
:20440000C5F8E82188BF081CD4F8681203EB81010862D4F8680203EB80000666D4F8680205
:2044200003EB8000C0F840806169D3F88000401C814298BF5846C3F88000BDE8F08F41F2DB
:2044400014028A4288BF0A1C1B681146C0183246FFF764FDBDE8F08F9AF80010C24A40F288
:20446000844000FB0120D0F8980228B1D9F80000007CFBF70BFF70B904F58470016804EB6A
:204480008101C1F8E8606269D4F80811491C8A4200D859460160BDE8F08F2DE9FC4F614CAE
:2044A0000746BD006019D0F8A06001A906F110094846FCF7B1F906F1100B8046B8F1000F3C
:2044C000484619D1E1193F4B91F82C2040F2844606FB02F15E581EB10078FBF7D7FE28B976
:2044E000019800280CBF0A20092009E0019800280CBF0820072003E0B8F1050F02D10F2077
:2045000061198865B8F1010F51D05846FBF7D8FE3E192C366119DFF850A2C867307840F2EF
:20452000844909FB00A0D0F89802A0B99BF80000FBF7ACFE78B1317809FB01A0D0F8D80207
:2045400048B158466A46FCF713F958BB00993846FFF7CBFD26E06019806D0A2822D16448F0
:204560000068022803D13846FFF730FD8046614801689948B8F1000F0CD0B8F1040F1FD13B
:20458000401860634FF48056A66327640125E563BDE8FC8F40183A464FF48051FFF773FD63
:2045A000BDE8FC8F3846FFF79BFEBDE8FC8F052020210022FBF7BFFD38460221FFF7EBFDD9
:2045C000BDE8FC8FF4EB0008F0B5164CA06A656A002814DD04F55C7604F1580306EB850139
:2045E0000A6853F82270032F33D0042F07D0401E05F10105A06205F03F056562EEDC04EB18
:20460000850101F55C710A6804F1580656F82230032B1ED0042B38D167682FB16D1E30D45A
:2046200030E0C046F4F300086C4F07EB85000068FFF733FF20686D1C05F03F05401E20608B
:2046400023D007EB8500016856F821100429EED0F0BDA318624A93F82C30C2EBC31252F856
:20466000043C17681F430AD1676847B9012060600868FFF712FF2068401E2060F0BD6D1E79
:2046800000D53F256562401CA062F0BD10260100F0B50E461749C54D09680746082201EB99
:2046A000471000212D18284608F058F9C04C04202946BD00087064192068801C02884A80BD
:2046C0000B4ACE711268032A18BF002305D10088030203F47F4343EA20238220082200F05D
:2046E00083FF0646CD489EB3042E3BD104E0C04640F90008E4ED00084219583211680E29AF
:204700000ED1D0F8E41100F5D0724B1E0029D8BF07235364D0F8E411012742F82170F0BD5F
:204720000E2300F5F07113600A68012600EB8202C2F8A061D0F8E02100EB8202C2F8C07199
:20474000D0F8E001401C0828A8BF00200860F0BDC7612368012241191A741027C1F8C420F6
:2047600040198765F0BDC0465CE9000830B50446CD488E490068A94D00EB44100918CB4808
:20478000CA89CB890068120202F47F42032842EA132202F1100218BF002309D12846A0309C
:2047A00050F824004088030203F47F4343EA2023822000F019FF68B928461022C46100EB1C
:2047C00084018A654169A14204D9416A491C01F03F01416230BDC0461016010064F700089A
:2047E000C8FEFF04F0B58D4C04F11C052A6890002118896D3C35102953D12118D1F8A0108B
:20480000097C04F1A006012913D00027A7603058007CFBF73BFD50B1E269A018BE4990F87C
:204820002C3040F2844058430B580BB101E0E2696760900021186769D1F8C4306BB30023E2
:204840002B506169914228D931584888C0F3052004EB8006D6F8700204F51C7C891C401EC5
:20486000C6F8700204D50888C0F305204CF8203004F5A870016804EB8101C1F83021D4F872
:204880005021012604EB8202C2F81061D4F85011491C8F4298BF191C0160206808B1FFF75B
:2048A00093FED4F89C0104F5AC7281005758002F6ED1D4F8E40104F5D0728000175857B166
:2048C00011180027096A1750506C401C0828A8BF381C506400E0012773480068002F4DD080
:2048E0007248006802285FD1A06800285CD1E06B20B1206C55F820100C2933D0D4F86C0248
:2049000080000119D1F8481255F8211004F5F4760B2949D13018006EFFF758FB002843D170
:20492000D4F86C0206EB8000006E052145F82010D4F86C0280008219116A3058126EFFF7FD
:20494000EDFA88BBD4F86C02002106EB800001646269D6F88400401C824298BF081CC6F886
:204960008400F0BDFFF732FBF0B9606BA16B226CFFF789FB08B90020E063F0BD0B4A00EB4A
:204980004110D21D125C08461146FFF781FEF0BD50180023006A5350516C491C0829A8BF50
:2049A000191C5164FFF7E2FEF0BDC046F014010094F400085849F0B5086C28B108680028C4
:2049C0001CBF0879401C00D10820144C0021482204F588756061284607F0C0FF616901266F
:2049E00004F154070022134657F8040F012810D099423A600DD9D4F8500105EB8000036234
:204A0000D4F8500145F82060D4F85001401CC4F850015B1C092BE7D3F0BDC046F4F300082F
:204A200030B50446032000F0E6FC832000F0E3FC07F062FFC54D0021482205F5AC7007F0DE
:204A40008DFF0021882205F5F47007F087FF0021102205F1340007F081FF0021242205F1D3
:204A60007C0007F07BFF00214FF4807205F51C7007F074FF0021242205F1C40007F06EFF7E
:204A80000021282205F1E80007F068FF0020A8606860286028626862A862E86028610CB10B
:204AA000FFF788FF30BDC046E4ED000840F900081948F0B54438006808B108F099F8FFF74A
:204AC00079FFAF4AD7682FBBA0480446D4F8541100F588708900475867B143181D6AA561C4
:204AE00000264650416C6369491C8B4298BF311C416400E0A569A448A2491288006800231C
:204B000000EB45100918022000F06EFD04EB85040120A065F0BDC046F4EB000810B58B4CE3
:204B20000021242204F1580007F018FF0021482204F5D07007F012FF022000F05CFC8220DB
:204B400000F059FC0020FFF76BFF90489049914AFEF7DCFF90490020FEF7D2FF8F4908682D
:204B600008B9486808B1FFF7A3FF10BD8C4930B5822007F029F98B49022007F025F98A4953
:204B8000832007F021F98949032007F01DF9884807F016F97C4D7B4C286800214FF4907203
:204BA000201807F0DBFE834829684FF490724018002107F0D3FE65492A680920A031A41815
:204BC00041F8044B401E04F12004F9D130BDB0B50F4601460B784FF0FF320024981125D069
:204BE000401E1DD0401E17D0181103F00F0300F00305012B08BF10F0030F17D0022B09D10C
:204C0000012D07D14B788878CA7840EA032042EA00220CE001240AE04A7802F01F0206E038
:204C20004A78180200F47C50024300E04A7807B13A602046B0BDF0B55F4F604C00231D4647
:204C400057F8046F7688B04209D1E658012E06D9102E04D2AA421CBF0D60012004D16D1CB5
:204C60001B1D092DECD30020F0BD704770B5374D06462C46E06880002118896D58350A2965
:204C800018D12018D0F8A000007CFBF7FFFA20B97068A064E068FFF723FBE0688200A11890
:204CA000D1F8C410002904BF0F20A85002D00021FFF771FAE06B58B1226C55F82200062871
:204CC00006D1606BA16BFFF7DEF908B90020E06370BDF0B51D4C04F1100528688100621865
:204CE000926D4835092A0AD16218D2F8C470002F04BF0F20685002D00021FFF74CFAD4F8DE
:204D00006C028100081900F50A70076804F5F476D7B1006A55F82000052815D18A19705865
:204D2000116A126EFFF7FAF870B9D4F86C02002106EB800001646269D6F88400401C8242F9
:204D400098BF081CC6F88400F0BDC046F4F300080246CD4890B543690121092B0ED200EB85
:204D60008300C3F10904543050F8047F27B1641E03F10103F8D101E013600021084690BD75
:204D800014FA0008D0130100E4ED000885510008C15000083D510008B14A000834EC000888
:204DA000E5470008C14D0008D34C00086D4C00081D4B0008F014010090F400084CF4000878
:204DC0002DE9FE47B0490C461431A06963690A684E68834221D8D4F8543104F588719B004F
:204DE000CF58D7B1CA180025176ACD504A6C6369521C934298BF2A1C8600A76104EB8700F9
:204E00004A64A119D0F8A000D1F8A010202207F0C5FDA01985656269A66904F158084FF03D
:204E2000020A48F826A0C34FDFF80C93D4F8540104F5887151F82030354633B904F11800B8
:204E4000FFF786FFF0B9A6690DE0D4F8540180000B181E6AA66100230B50486C401C82428D
:204E600098BF181C48644946C54A086812880023394600EB46100918504600F0B5FB0120F8
:204E800048F826006069A84240F20E81206A494604EB80000A68C0F87053206A3E4602EBC8
:204EA0004512B618401C00F03F0020623078CC46012818BF052840F0F58006F1080001A98B
:204EC000FFF785FE0198012807D13078012804D1307CA02804BF0020019070888111821114
:204EE00001F0FC0102F0FC026318A218D3F870E2D2F87012071204F51C79BEF1000F4FEA98
:204F0000006301F1010147EA1347C2F8701206DD69462A46FFF78FFE002840F0A3809DF8DE
:204F2000041028192C3001703278DCF8001004F12C06012A55D0052A40F0B48004EB850043
:204F40009DF80430D0F8A010002B01F1020746D10879401E0DD0401E2BD0801E29D0001F08
:204F600027D0083825D0303821D0403802281ED91BE0C888FF2202A9FFF75DFEB8B10298A8
:204F8000800058F80010012911D904290FD8002648F8006031462846FFF77AFB2068002843
:204FA000C4BF401E061C304656E0042112E0052110E0705D0121FEF737FA0120FFF730FDBC
:204FC00038880021801100F0FC0059F80020521C49F800202846FFF75BFBBDE8FE87092125
:204FE000F8E70778002F3AD1BC4A40F284407843175837B1B74801EB4511405CFBF746F9FD
:2050000090B92068616850EA01070BD1725DB449C1EBC21151F8042C0F68174304BF01205F
:20502000606010D0032114E02068616850EA01070ED1725DA849C1EBC2110A68012707FA6C
:2050400005F1114204D12846FFF727FABDE8FE87042148F82510401C2060BDE8FE870520BE
:2050600025210CE03078012810D1009804EB8004D4F8A0000078012808D10B204E2100229F
:20508000FBF759F8514616E0F4F3000801980021FEF7CAF90120FFF7C3FC07F03F070A21A1
:2050A000B80092E7514695E704EB8504D4F8A0000121017428212846FFF76DF8BDE8FE87F5
:2050C00070B506468748006802282DD1864D2C46206980002118896D58350F2906D12018AF
:2050E000D0F8A000007CFBF7D1F898B9E068800029580F2918D12018D0F8A000007CFBF748
:20510000C5F888B1E068012104EB8000C0F8C410E06806E02069012104EB8000C0F8C41060
:2051200020690021FFF737F87078B168FEF7DDFF70BDC046D0130100E4ED00086A4890B5E7
:20514000D0F80C1100EB8101D1F8E84000EB84018F6D00F1E80297B1516A4069491C8842EA
:2051600098BF00210320516200F045F9832000F042F907F099FB20460221FFF70CF890BD8A
:2051800014FA00082DE9F04F06467078FD2856D0554AD2F80C5102F1140102EB85000B6872
:2051A000D0F8E84002EB8400876D443102F1E80067B9D2F80811A94240F38980416A491C10
:2051C0008B4298BF00214162BDE8F08F456A6D1CAB4298BF00254562B5786D0827D2A00040
:2051E00001238218C2F8C43008580F281AD0092868D1D2F8A000007CFBF748F8002861D1E6
:2052000038480068022804D12046FEF7DFFE002858D1364936480A68B16880182246FEF7A1
:205220007DFE4FE020460021FEF7B5FF4AE0416A491E48BF591E4162FFF780FF42E0B07878
:2052400040083FD2776817F0FF0F18BF002409D117F47F4F18BF082404D117F47F0F14BF0F
:2052600010241824204D6869A0422BD94FF0010905F1580AC846CB4609FA04F10F421ED0A3
:20528000A1005AF801000F280BD0092805D0052803D00A2818BF0B280BD16818C0F8C4806E
:2052A00007E06818C0F8C48000212046FEF773FF77680BFA04F04740776003D06869641C43
:2052C0008442D9D30848006808B1FFF77DF9BDE8F08FC046E0130100CCFEFF04F4EB0008AD
:2052E000C8FEFF0440F90008F4F30008E4ED0008101601002DE9F047B84D074678009A46BE
:20530000914688464FF47A7620F4807040EAD710040103E0012006F0E3FF761E601B016847
:20532000C90A47D2002E47DD08F0FF06D14A40F808AC072E40F8049C08D111460C31096840
:2053400041F28A038B4238BF414602D348F48061601B082E01602AD1FEB2114636F07F0691
:2053600008D007F07F02D00000EB4210081800F5907006E007F07F02D00000EB4210081830
:205380008030466A9EB1380A0DD3C86B00280CBF062005204FF07D42D36801210A30814075
:2053A0005940916003E04FF07D418869C8610020BDE8F087002EADDC0220BDE8F087C2B2C4
:2053C00032F07F01864A1ABF111CA031111C00F07F03DA0002EB43128918C96900220904C7
:2053E000134641F00701FFF785BF42007D481E2107F0F8BB704770B5794C0546E8B230F04B
:205400007F0018BFA03405F07F01C80000EB41102418206A10B3E069002240F6081113464D
:2054200041EA00412846FFF765FF08B90020206207F083FB694C680020F4807040EAD51030
:20544000060142F2107503E0012006F049FF6D1E301B0068C00A03D2002D03DD002070BD13
:20546000002DF1DC022070BD2DE9F041814D0646F0B230F07F0718460B4607D106F07F043A
:20548000E10001EB44116C18803407E006F07F04E10001EB44116C1804F59074A3619968AA
:2054A000E160A260002767601A68010441F4837122603A46E0823046FFF71CFF5FEA0008CF
:2054C0001BD1012020622869032816D0454C04F108000068C0F3834002280ED1300A0CD30D
:2054E00020464FF4F0713A4607F07CFB20464FF4F0714FF4807207F075FB4046BDE8F08172
:20550000B54810B500235B4C0168E3610068636201F5893100F5863008604B6008228A60A3
:205520002320C8601846FFF79FFFE06A08B903F020F810BD30B50446E0B230F07F0014BFF8
:20554000BF4D274D04F07F01C80000EB41102D18686A10B12046FFF74EFF00222046042125
:205560001346FFF7C7FE08B9012028610CB9FFF7C7FF30BD4006820DB2484FF47E7107F046
:2055800031BB704770473B4810B50169032918D0C06DB0B1AB480C300068C0F38340032825
:2055A00018BF05280DD10F4C4FF4F0710022204607F018FB4FF4F0714FF48072204607F042
:2055C00011FB10BDA049020A28BFA03120F08000C20002EB401008587047C046F437FF036C
:2055E000B0F9000804C700FC2DE9F04FC7B2ADF1180D1C468C46039037F07F0702921D4835
:20560000019408D1039901F07F01CA0002EB41128518803508E0039901F07F01CA0002EB07
:205620004112851805F590752F6A00F10C010590002F18BF042040F0B980844A6046824284
:2056400004D0834A824218BF002200D101226A62614BDDF80CA07F4A1B681AF0800A0BD143
:20566000AF8A029C4032E419641EB4FBF7F4674303E0C04630F90008029F6E6AD84CDDF892
:205680000CC0002E04EA0C0403EB041422447AD0DDF814C0DCF83C403A46002C0CBF4FF4A9
:2056A00000354FF44035DA480027BAF1000F08D1B03001F5F8714FF4003E4FF00808C0183A
:2056C0000AE001F5DA71C018002C14BF4FF4804E4FF4004E4FF00A08019E01EB870340F68A
:2056E000110B00906FEA0509340403F1040C4BEA940BCDF810B096458CBF151C75464B6B3A
:20570000DDF814B009EA03034B63049BDBF80C4041F20A26521BA64207D1019E2EB1002F4E
:2057200004BFBAF1000F23F00103002A14BF042402244E6B4FF0000B06607F1C1C43C0F86F
:2057400004B04E6B8560AB194B63C4601030CCF800501AB1B8450CF1040CCCD8B84509D1BD
:20576000DDF800C0C0F800C05F4647605E4686608123C360CF62019F0A60DC468F63009A96
:20578000C1F830C00CE0019E10604FF0000C40F61300C2F804C03104976040EA9100D0603C
:2057A00011460398019B029AFFF75EFE06B0BDE8F08F10B501242046FFF71DFE44F080007E
:2057C000FFF719FE641C032CF5D910BD09040A0C00230221FFF78EBDE4ED0008C84A70B5B8
:2057E00012680D460646042A0EBF4FF40070D94830F81200D8494FF4A063A1F89400C4002F
:20580000A1F83401224601210020FFF773FD2DB10020022101220346FFF76CFDDD4B06F0A0
:205820001F068020012144EA4642FFF763FD2DB18020022101220023FFF75CFD70BDC0460C
:2058400050FA000800C700FCC0F90008000010C0000014C0101201002DE9F04317460E46B1
:205860000546FFF7A6FFD04C4FF040414FF08042204607F0B7F92A462068C00FFCD2A04CD7
:20588000DFF8209304200025103C09F11003206165611868E5616FF31F40E06002B1226099
:2058A00006B1666007B1A760DFF848C3DFF8408304F10C0E04F168012A4641F8285F56003D
:2058C000D0090D6126F480774D61521CC1F8A0500743C1F8B05008EA0606C1F8B450032AC0
:2058E000CCEB071740EA06003D604FEA001040F01000A0EB0C000560DFD9CC480068C3F892
:20590000E4524FF4007200F58531C3F8E01200F58530CEF82C02C44FC3F8E82241F21A067B
:20592000CEF8301201F50072C3F8EC521F21C3F8E075E768CEF83422BE42C3F8E81505D0B6
:2059400002216FF05F000A4607F04CF9D948DA4FDFF85C83006848B9E06841F21A318142E8
:205960000BD94FF4806138460A4602E0D349D44A484607F037F9404600683146F031814237
:2059800018D84FF4802138460A4607F02BF9484601212A4607F026F94FF4003138460A46D2
:2059A00007F020F94FF4803148460A4607F01AF9404600687036864205D2284609210246E8
:2059C0001346FFF797FC28460121FFF707FF0120A062E062322006F055FDBDE8F083C0463C
:2059E0007FFFFF0FD748006810F007000ED0401E08D0401E08D0401E04D0401E14BF0420BC
:205A0000032070470120704700207047022070479012010070B5504C06462069032815D1DA
:205A200004EB8600C06D88B15F4D4FF4F0710022284607F0D7F84FF4F0714FF4807228469E
:205A400007F0D0F884F848600120606470BD77490B68002814BFDB49D849D94A1268002A17
:205A600019440CBF0323042300220A604A601B018A6043F00303CB601346FFF7F5BC8C4B3A
:205A8000F0B507460C46FEB2104636F07F0607D107F07F05E90001EB45115918743107E096
:205AA00007F07F05E90001EB4511591801F58A710E6A9C46002E18BF04201CD15B4B1D6843
:205AC00047B9888ABD4B1118491EB1FBF0F61946704300E0BB4949190C60BCF88840002327
:205AE00084424B6098BF201C886040F65300C8603846FFF7B9FCF0BD0023FFF775BDC046E2
:205B000040F9000810B5284C2068000821D3FFF750FE20464FF00041002207F063F8204683
:205B20004FF4F0114FF4202207F05CF86048006841F28A01814208D94FF0804120460A4629
:205B400007F050F82068C00FFCD24FF4FA7006F099FC10BD64D0000830F900082DE9904188
:205B600088460022044603211346FFF7C3FB4146071C0BD1D04A600020F4807040EAD410A8
:205B8000C2EB00121068C0F3846008603846BDE89081C0460005000203484FF000410A4673
:205BA00007F020B810C100FC04C700FC70B50446C2481546CA00A306260A42F0060243F49A
:205BC000E06306D305F01F0543F00073A03042EA454224F08006F50005EB46154153204693
:205BE0000121FFF787FB20460121FFF7EFFD70BDFFFEFF0FF437FF0310B5002205210446E5
:205C00001346FFF777FB68B9E0B230F07F0014BFAB48AC4804F07F01CA00002402EB411215
:205C20008018046110BDC04604004600E4ED0008F0B50446A448006815469C46CA0042F0F5
:205C40000402032808BF42F07072A048A306012D43F440730AD9C66841F20A2743F08073F4
:205C6000B74203D1260A0CD243F40053260A08D224F08007FE0006EB47168019A0F89410F9
:205C80000DE024F080070CF01F0CFE0043F0007342EA4C4206EB47168019A0F834112046CD
:205CA0000121FFF727FB20462946FFF78FFDF0BD3CF90008ECED0008C0C200FC0000F8FF13
:205CC000000030752DE9F043804C04F110000068042870D07E4F4FF003091A49C7F8009067
:205CE0000868800CFCD3FFF764FDE06841F28A01814205D27749002002460346FFF7FAFA87
:205D0000DFF8D481206908EB4000018900220120FFF74CFF206908EB400001890122812083
:205D2000FFF744FF0120FFF767FF8120FFF764FF23690F25002B3DD0E06B0126012820D12F
:205D400002E0C0460CC700FC032B08BF022608EB4300018A012200230220FFF769FF0220C6
:205D6000FFF74AFF206908EB4000018A022332468220FFF75DFF8220FFF73EFF2046036965
:205D80003F2508EB4300018B324600234846FFF74FFF4846FFF730FF206908EB4000018B75
:205DA00032464B468320FFF743FF8320FFF724FF45F0C0053D60BDE8F083C046501201002B
:205DC00050F9000810120100F0B544493F4A0D68010A10D2D2F82812364CD2F8FC31082786
:205DE00005EB011102F5FE756418590C18BF4FF40033D16B16E002F5E076D16BF36A384C6D
:205E00000A2705EB031302F5E075E41829B93368DE0B18BF4FF4004304E033689E0B18BF41
:205E20004FF48043002914BF4FF440364FF400362968002908BF01203AD0696BB14340F684
:205E4000110C2E686963F61AA96B2E604FEA01414CEA910C14BF042102216E6B2660002623
:205E60006660A36041EA0C01E160E96A05EB81014B60696B5B186B63E96A491C8F42E96287
:205E800098BFEE62D16841F29A028A420ED9154A410021F4807141EAD011C2EB01121168B5
:205EA00001F0FF01072908BF301C01D0FFF787FAF0BDC04640130100F837FF03C4F9000869
:205EC00050FA0008B0F9000840F9000830F9000820C700FC0900020064D00008E4ED00084A
:205EE00090120100F437FF03D14900B5087848B108460178491E0170007818B9FFF702FEAC
:205F000006F076FE00BD10B5CA4C00214FF4B672201D06F023FD00202060C549087006F084
:205F2000DFFA03F098FA10BDC24AD168506901434FF0010005D1BE49097811B9116801B959
:205F40000020704702784178807841EA022140EA012070472DE9F841171C0E46054621D0DD
:205F60004FF0000805F0FF04C4F58074BC4288BF3C1C4146CDF8008006200A46134603F00A
:205F8000FFFE40B9CDF80080022029463246234603F0F6FE10B10120BDE8F8813F1B2544AA
:205FA0002644DFD10020BDE8F88110B500216C22044606F0D3FCA0482060A0486060A0480E
:205FC000A060A048E060A0482061A0486061A048A061A048E06110BD2DE9F04F1027ADF57A
:205FE000867D6E460D784A788B78CC787F1E01F1040142EA052243EA022344EA032446F890
:20600000044BEFD101AC30272668656B54F8043C216AF2084FEA952C7F1E82EAF612194496
:206020008CEA754C82EAB6428CEAF5430A441344E36304F10404E7D1C2688369C6690168C9
:20604000D0F80490D0F808E0D0F814B0DFF808C240274292E8464193026940965CF8045BD6
:2060600058F8043BDDF804A14FEAB21484EAF22484EA72645B19E418409B0BEA02062AEAF4
:20608000020A8AEA06057F1E25444FEAB10A419CCDF804B10EEA090640948AEA713A934651
:2060A0002B4409EA01040EEA0105429ACDF808E1CE4685EA040589468AEAB15486EA0506A2
:2060C0001A44264406EB0301C8D10768036946688568C919D2180160C46802614E447544ED
:2060E000429947698369C2694660091985600BEB07044461419F409CC160F918816143B0E8
:20610000A118C161BDE8F08F2DE9F0410546686A16460F4600EBC60290426A6202D9286AAD
:20612000401C2862286A4FF0000800EB567028621BE0A86EC0F14001C0F140048E4238BFA6
:20614000341C394622462818283006F027FCA86E361BE7192018A866402806D105F128014C
:206160002846FFF739FFC5F86880002EE1D1BDE8F081B0B50446A06E8023421CA2662018EA
:2061800080F82830A26E0D46382A0DD9A0180021C2F14002283006F0E1FB04F12801204608
:2061A000FFF71AFF0022A266A0180021C2F13802283006F0D3FB206A84F86300020C84F8D1
:2061C0006120616A84F867100F0E84F86470030E84F86030000A84F862000A0C84F86520F7
:2061E00020460A0A84F8662004F12801FFF7F4FE2D1F0827E078A278617805F8040F14F83B
:20620000043B6A70A9707F1EEB70F3D1B0BDC0B51746002610F8013B11F8012B7F1E82EAA9
:20622000030242EA0606F5D1002006B90120C0BD8CF0000890F0000867E6096A85AE67BBBD
:2062400072F36E3C3AF54FA57F520E518C68059BABD9831F19CDE05B94CE00082DE9F04F42
:20626000051C0F46ADF14C0D119200F069816C78E81CFFF767FE0646A81DFFF763FE8346C0
:20628000287804F01F083B2840F05A8134F01F0040F05681687A002840F052815F4540F0AA
:2062A0004F8105F025FA002840F04A81AC4CA9782068532900F03281084340F04181B8F131
:2062C000040F28D0B8F1050F40F03A8157EA0B0040F036814FF29E20B04240F03181E068BD
:2062E000002800F02D812069002800F029816069002840F0258104F1080100200422FFF78C
:2063000029FE002818BF0D2040F0228195490520087000201CE1ABF10100000B40F0108156
:206320001198002800F00C810BEB06084FF29E204045C0F0058166BB251D00214FF4B67262
:20634000284606F00BFB05F11400FFF72EFE05F18000FFF72AFE0025A9464946CDF800901B
:2063600006200A46134603F00BFD002840F090804A46CDF8009020202946134603F000FD0E
:20638000002840F0858005F58055280CE5D00120E060E068002800F0D3806069002840F0B3
:2063A000CF806068B04240F0CB801199251D05F114075A463846FFF7A7FEB8F5847F12974A
:2063C00016D9B6F5C47F13D2B6F5847F34BF4FF48471311C4246B2F5C47F88BF4FF4C472A3
:2063E00048198B1B521A11991C38C91806F0D6FA4246B2F5C67F15D94FF29E21091FB14208
:2064000010D905F18000B6F5C67F34BF4FF4C673331C914238BF0A1C119F991BD21A79189E
:20642000FFF772FE42463746B2F5C67F32D94FF29E20001FB8422DD9B7F5C67F38BF4FF4B1
:20644000C676904238BF021CA6F5C6799046A6EB070AB9F1040F11D2C6F5C877A8EB060094
:20646000B84238BF071C119909EB05003A465144001D06F093FABE19B944BA44B04509D907
:206480001199A8EB060248465144FFF763FD08B10D2040E060684FF29E2158446060814251
:2064A0007FF437AF129801A9FFF763FE05F1800009A9FFF75EFE9F4F01A8202207F1180174
:2064C000FFF7A5FE012608BB05F1EC0039460822FFF79DFEC8B105F1F40120270DF1240C44
:2064E000002311F8012B1CF8010B7F1E80EA020040EA0303F5D143B905F21312582112F88A
:20650000010F10B9491EFAD100E00026002E26617FF4FFAE11200121616119E0B8F1020FCD
:206520000ED1012E08BFBBF1000F3FF4F2AE3EB9BBF58C7F04D1E768002F08BF002801D033
:206540000B2005E011984FF48C71224604F068FF13B0BDE8F08F4170091201707047C0469E
:2065600090F000088CF00008B0B504461746101C15D0401E11D00F380DD0401E09D0401EFA
:2065800003D00E3803D0401E0DD1102508E0182506E0052504E02C2502E0062500E0122510
:2065A0000CB18D4201D90020B0BD204600212A4606F0D4F920463946FFF7CDFF281F002F11
:2065C000E0704FEA1021A17031D0012F2AD0102F0FD0112F0BD0122F07D0202F1CBF012029
:2065E000207337D10121084632E0042131E001201BE0202727760122227584F82920142194
:20660000E1750020A07504236376E076E07784F82A3084F82B000227A776A777802284F843
:20662000282017E0012060710020207112E01127E7721021617200202072A0722073A07387
:206640002074122363732022E273212767740121A071E1712846B0BDF0B5071C144602D08D
:20666000B1F5017F01D20020F0BD00214FF4017206F074F940F284454FF48076C2200222E0
:2066800078700021BA70CB4BF970381D05FB043232F8021BFFF75FFF761E00F10200F7D1D3
:2066A0004FF40170F0BD70B5064615460024184601E0401C641C0278002AFAD12A68A018B5
:2066C000401C814238BF00200CD3B0181946224606F064F92868002324182C60611C335543
:2066E0000120296070BDF0B50646069C05981546844238BF201C5A1E002412F8017F1FB149
:20670000401E04F10104F8D12A68A018401C814238BF00200CD3B0181946224606F03EF93D
:206720002868002724182C60611C375501202960F0BDC0465CCE00082DE9FE4F0C469D49A7
:20674000074640F2844390460520002F03FB0815029005F50B7A05F5047B00F0D880BC2CF4
:20676000C0F0D58038460021BC2206F0F7F8C0207870D5F88052404605F0AAFB0646214678
:2067800002AA88A33846FFF78EFF002800F0BF800298AC4600F109018C42C0F0B880DDF8B8
:2067A00008E0DFF814921C2200212CFA02F303F00F0319F803300EEB0105491C0829A2F189
:2067C00004027B55F1D300F109010025029108303D5402AA534628202146814600903846DA
:2067E000CDF80490FFF77FFF002800F0908014200090214602AA5B4601903846FFF773FFB5
:20680000002800F08480002E4BD1404604F095FD67A5022820D02B463846214602AAFFF7E8
:2068200042FF002873D03846214602AA2B46FFF73AFF00286BD03846214602AA2B46FFF720
:2068400032FF002863D03846214602AA2B46FFF72AFF00285BD064E0484620260090214629
:2068600002AA534638460196FFF73DFF00284ED02B463846214602AAFFF715FF002846D0FC
:206880003846214602AA2B46FFF70DFF00283ED03846214602AA2B46FFF705FF002836D094
:2068A0003FE0202000908046214602AA3346CDF804803846FFF717FF48B3CDF8008006F18D
:2068C00020033846214602AACDF80480FFF70BFFE8B110200090804606F14003214602AA4F
:2068E000CDF804803846FFF7FEFE80B106F1500140462A464B1E13F8016F1EB1401E02F16C
:206900000102F8D102981618701C844202D20020BDE8FE8F0298381806F040F8BD55701CB5
:2069200002900298011FF970461F3E710A0ABA70BDE8FE8F05F05EB890B5071C01D032297F
:2069400001D2002090BD0021322206F007F82E24FC708320787002233B7101227A712A211A
:20696000F97105F03EFE0446082207F1080004F10A0106F013F807F11000102204F11201C5
:2069800006F00CF807F120000A22214606F006F807F12A00082204F1220105F0FFFF3220B5
:2069A00090BDC0464361727472696467653A00C000C046C05CE9000864CE0008A349A248D2
:2069C0000968401810F8011C007840EA0120FEF711BD10B59E4C04F108000068022812D320
:2069E0006068032818BF03200ED19A4805F0DCF99648B4F872200168002001F58631FFF7D7
:206A00003EF8002010BD012010BDF0B50E46014691480778D7B100244378994203D1641C37
:206A2000A51A012D14D0212B0CD1222905D1641CA31A012B08BF38440AD0057AC37943EACD
:206A40000523181838180778002FE5D10120F0BD06B130600020F0BDB0B57D4CA168B4F865
:206A60007070B4F86E50012003291ED1012F1CD8AFB9012D13D825B1012D04D105F054F9D0
:206A800001E005F067F9002121200A46FFF7BDFF08B903F0A3FEE41984F85B5004E0012FCF
:206AA00003D115B984F85C500020B0BD684800B58168032903D1B0F87010012901D90120E4
:206AC00000BD4018644990F85B00091F0A681070096880200122FEF7D2FF002000BD70B5FB
:206AE0005B4DA868B5F86E100124022801F0FF061FD3012E1DD811F0FF0F11D005F02AF950
:206B0000002121200A46FFF780FF08B903F066FE03F091FD10B9204603F0C8FC032000E0CC
:206B20000220A86085F85A6000245B3505F8014B2C70204670BD00B5C24AAC481168007822
:206B40000870116880200122FEF799FF002000BD78B5212000226946FFF757FF061C1AD17F
:206B60000098057AC47969462220FFF74EFF44EA0524061C0FD1B34D00992868224605F0AE
:206B80000DFF9A4818300288944298BF221C29688020FEF774FF304678BDB8B521200022B6
:206BA0006946FFF732FF071C10D10099A54D0C782868224605F0F2FE8C4818300288944293
:206BC00098BF221C29688020FEF759FF3846B8BDFCB50F2000226946FFF717FF071C30D1CE
:206BE0000098C178847844EA012400E0521C102001A9FFF70AFFA0B9019881780429F5D170
:206C0000002151F8842C51F8801C51EA020608D0026182EA0103C160DB43836001EA020672
:206C20004660884D00992868224605F0B7FE6F4818300288944298BF221C29688020FEF784
:206C40001EFF3846FCBDC046050C0100E4ED00083CF90008BD69000868F800082DE9FC4FBB
:206C60008046784805680C46002269460220FFF7CCFE0028019418BF012067D100990C7812
:206C80002846224605F08AFE00982018009007786519002F3ED04FF000094FF0400B4FF0F6
:206CA000020A00994E78042E06D0052E07D0212E05D0242E03D027E0C879622822D02846DC
:206CC0003A4605F06BFE052E11D1E87802280ED1B8F1020F07D0B8F1010F04BF85F804B01A
:206CE00085F8059003E085F8049085F805A0212E3C443D4408D10098027AC17941EA0221A7
:206D0000091800E04431009100983F1800973F78002FC6D14B4D286884702968270ACF704C
:206D200029680A7AFA20B0EB820F02D9087A8000C0B2087203F076FC28B1C848006810B1B8
:206D4000286804210172019804600020BDE8FC8F98B5C84C6068032808BF03201CD002286A
:206D600005D0012818BF012715D1022000E001206946FFF773FF071C0DD1324801680722E9
:206D80004A70B4F872200099914298BF0A1C01688020FEF774FE384698BDB8B5AF4C403CEB
:206DA0006068032808BF032018D0062069460022FFF72BFE071C10D10099224D0A782868DA
:206DC00005F0ECFD0098B4F8722000789042D8BF021C29688020FEF752FE3846B8BD0A2865
:206DE000ACBF37303030C0B27047C04696F900082DE9F8470246044669460320FFF705FEE9
:206E00005FEA000848D10F4D009928680A7805F0C5FDDFF8609299F83D00AA46A0422FD1E1
:206E200028460068C178CA2900F10200054625D0002454F8847C54F8806C56EA07031FD03C
:206E400002E0C04664F800082146202205F086FDAD1E082327FA04F000F00F00FFF7BFFF07
:206E6000014626FA04F005F8021F00F00F00FFF7B6FF241D5B1E2874ECD101E00020687003
:206E80000098B9F8722000789042D8BF021CDAF800108020FEF7F3FD4046BDE8F8872DE9F1
:206EA000F847DFF8A482D8F800608246002269460220FFF7AAFD002818BF01204DD1009937
:206EC0000C783046224605F069FD0098201800900778A619002F2ED04FF0030900994D7881
:206EE000042D08D0052D09D0302D07D0212D05D0242D03D019E0C879622814D030463A4665
:206F000005F04CFD302D03D1F07808B186F80390212D3C443E4408D10098027AC17941EA2E
:206F20000221091800E04431009100983F1800973F78002FD2D14546286884702968270A47
:206F4000CF7003F06FFB28B14448006810B1286801210172CAF800400020BDE8F887BA489A
:206F600018B50068032803D06946FFF777FE02E06846FFF794FF041C0BD13E490098B1F8E7
:206F80007220904298BF021C6F4801688020FEF776FD204618BD98B5012000226946FFF780
:206FA00034FD071C1FD1684C009920680A7805F0F5FC30494868022818BF012808D120689C
:206FC0001022827020680223C37020684023C3712068B1F8722000789042D8BF021C216843
:206FE0008020FEF74CFD384698BD97486A3001880812401E1ED0401E1AD0401E15D0C01E0F
:2070000011D0401E0DD0083809D0123805D0401E18BF032010D1FFF79BBDFFF7BEBDFFF72E
:20702000D7BDFFF795BEFFF7B8BEC8B2FFF7E0BEFFF795BFFFF7AFBF704730B50D4DB5F8A8
:207040006E402046FEF796FA00202A46211C85F85A000CBF01210221916030BD7CF9000888
:20706000A94980B5B1F86E7003207F1E0ED07F1E16D101E03CF9000891F86D20032A0FD1FF
:20708000B1F870000012A1F8580008E0CF6C3FB191F86D200020032A08BF012008650020E9
:2070A00080BD30B5984C94F86D000025032808BF0125A068032802D1B4F8700008B1012098
:2070C00030BDB4F86E00032130380BD0401E04D0401E04BF0020A06609E02846FEF751FA32
:2070E000656603E02846FEF74DFA25660021084630BD30B5844CB4F8701001F07F0001F00F
:20710000FF05032807D811F07F0F4FF0010004D0A168032901D0012030BDB4F86E1091B936
:2071200094F86D0003280AD02846FEF765FD606B40B1206B30B9032D18BF832D02D1284664
:20714000FEF7F8F9002030BD64F800086E48B0B5B0F8702041681312032902F0FF0518BFBE
:2071600003201DD1012D88BF012019D8B0F86E700021A7B9520A34BF0A1C012200EB850464
:2071800062649A0808D3C76C27B1012D04BF0122426504D0012102E000EB850001650846EA
:2071A000B0BD59498868032805D0B1F87000002818BF012016D191F86C0010F01F0004D0C8
:2071C000401E0DD0401E09D006E04868032801D0FFF746BFFFF765BF03207047FFF789BF7E
:2071E000FFF7B4BF7047984800B5008820F08001032988BF012009D8FEF7E4F900280CBF87
:2072000000210121914802680020117000BD3E4880B5B0F87030012B88BF012012D842685F
:207220000021032A0AD100EB8302176D07B10221C76C1FB1012B08BF41F0010183480268F8
:207240000020117080BDC04640F900082DE98041DFF8B480B8F87000002818BF012022D1F4
:2072600003F0E0F907460021404617B1076C07B101214268032A06D0C76C87B1076D0FB1ED
:2072800041F002010BE0076E0FB141F00401476E0FB141F00801876E0FB141F010016B480B
:2072A000026800201170BDE8808190B5674C2068002202702068144942708868022802D086
:2072C000032803D104E0B1F8700008B1012090BD91F86C0010F01F000BD0401E06D0401E0A
:2072E00018BF01270ED1FFF77EFF04E0FFF78FFF01E0FFF7ABFF071C04D12168802002220F
:20730000FEF7BDFB384690BD3CF900080C2804D9303813D0401E09D00EE0DFE800F0211F40
:207320000D1F0D1D1B111917151311C048480068032805D10020704701207047FFF749BB00
:2073400003207047FFF788BBFFF7B0BBFFF7C7BBFFF7F1BBFFF749BEFFF76FBEFFF721BFA9
:20736000FFF7A3BF7047F0B53B4E96F86C00002510F0600004D020380BD0203809D005E034
:2073800096F86D00FFF7C2FF08B9F0BD0120314C0EE00320FBE706F16C0163190A7893F84F
:2073A0006C3002F07F029A4201D10846B8476D1C38B1042D05D204F15C0151F82570002FEA
:2073C000E9D1F0BD2DE9CC41012000226946FFF71CFBDFF8848030BB00990A7C40463D304C
:2073E00001A902700320FFF710FBE0B905F0F9F8061C18D0019801781A2914D33021817046
:207400000198CA22C2700198017101980021417101980A27801C16F8012B41717F1E0271DC
:2074200000F10200F7D1022069460022FFF7EDFA40B90098C1794746C1F380123A64C1F3D1
:207440004011F964BDE8CC81ACF9000864F8000840F900088CFB00083CF90008F0B5071CA6
:207460000FD1DA4E0024002506EBC7000C3080E83000384604F00EFDB80034508019446039
:207480008460F0BD2DE9F04F82468846A8F10100DFF83CB35AF82000342196460026B1FB9B
:2074A000F8F39B1DA6EB0B065146474600254FEA960C85EA0C0404F003040A685EF824906D
:2074C0007F1E05F101054FEA001484EA5014204406EB090480EA0400104441F8040BE8D1CF
:2074E0005B1EDFD1BDE8F08F70B50D4604462822ADF1400D04F50B71684605F04FFA0822BD
:207500000AA804F5207105F049FAC7491022284605F044FA6E4603240CA83146102205F0E7
:207520003DFA0CA804212A46FFF7ACFF28460CA9102205F033FA1036641EEDD110B070BD40
:2075400030B500220446FBF778F988B9002120460A46FBF728FA58B9B44DE4010121002210
:2075600042F22833A5F11800201AFBF7CFF808B1022030BD641B2168002011F0210F18BFE3
:20758000012030BDF0B50F46D84DA94C296806464FF40072A01EADF1340D4018002105F02C
:2075A000DDF92A68204639468018202205F0F6F900213422684605F0D1F927218DF80010FF
:2075C00080208DF80100F2218DF80210012006904FF40071304608916946FFF7B1FF0DB04F
:2075E000F0BD2DE9F0410C46164680461D46ADF1340D00213422684605F0B0F98027314600
:2076000028464FF0270C0B0A8DF8017006060A0C050433438DF800C0D4F874728DF804104E
:207620002A438DF8053040258DF806208DF8075001238DF80C3067B99DF80750090E00022D
:207640000143CAB202F00F02C8212A438DF807200BE0051C020A090E8DF8095000028DF8D1
:207660000A2001438DF8081025218DF802101D46D4F8A4020595694608904046FFF760FF91
:20768000002100B929460DB00846BDE8F08110B5447801788378C27841EA042040EA034095
:2076A00040EA026010BDF8B50A0A0B0C8DF8001006468DF80120090E8DF8023000228DF89D
:2076C000031016F8011B6C4602F00303E55C521CB2F5FE7F2944E154F3D39DF801709DF8ED
:2076E00000409DF802609DF8035000F5FE70FFF7CEFF44EA072444EA0644014644EA056298
:207700000020914208BF0120F8BDF0B58C4604231546C4181A1827785678D178927842EAE6
:207720000122F10828BF142103D271082CBF0C210421914247D8B2F5FE7F44D2D118B1F5CB
:20774000FE7F40D2BC453AD116F0050F37D02F706E70F0086A800FD2700834D3201DFFF77B
:2077600096FF00270646281D80E8C00004F10800FFF78DFF39461DE0201DFFF788FF074692
:2077800004F10800FFF783FF002600002B1D46EA070140EA060204F10C0083E80600FFF734
:2077A00076FF074604F11000FFF771FF0100314346EA07000C3585E803000120F0BDD31886
:2077C000B3F5FE7FA5D30020F0BDC04618F300084786C86170B5A04C06460325ADF1140DEC
:2077E000641E14F8011F30466A46FFF78EFF002818BF012016D16D1EF3D1304603216A4692
:20780000FFF783FF012460B9304602216A46FFF77CFF30B930461B216A46FFF776FF00B989
:207820000024204605B070BD54D00008E0FEFF04121601002DE9F04F80468946ADF11C0DF5
:207840002A48D9F8A4C285490592109C0068BB4A0693BCF5007F04940244039201440291ED
:2078600040F0928009F5207090E8C000002F08BF002E00F0898040F6FF741946E017814221
:2078800004BF0598A0427FD809F5207191E8000C01200027E617BAEB000A7BEB070BB345D7
:2078A00008BFA24570D3059D404649461E462A46FFF797FEA04F15EB0A0546EB0B06DFF8AA
:2078C00088A2DFF87CB20346E11720462D1A8E4101969E4E00955BB9012138464BF8281075
:2078E000C0EBC8100068400827D34DE0E4ED00080698002801BF05980028012046F8280083
:207900008E4C93488F4905686019FFF7CCFE68B1029821464FF40072491905F03FF80120B6
:2079200004994AF82800029A0A602EE06019FFF751FF10B101204AF82800019B009A404665
:207940004946FFF74EFE38B9012138464BF82810C0EBC810006817E00698002801BF059845
:207960000028012046F82800B1490398FFF79BFE00281CBF03980290D1D10398FFF72AFFA8
:2079800010B101204AF82800002007B0BDE8F08F2DE9F04F88468146002708F5207003C837
:2079A000002FADF11C0D084606BF002802251B25294E00223B46144601A80090414648466D
:2079C000FFF738FF00282FD00199484604F045FB0198294602AAFFF798FEA8B9032C23D034
:2079E000315D019802AAFFF790FEE8B103A890E80C0008F5207003C88B4208BF824213D2D3
:207A0000641C032CD8D90FE005A803C803AA0CCA8B4208BF824207D808F5207494E8000CCC
:207A2000594508BF504501D3002211E0464C801A04F10804994108F51E7804EBC90484E8A3
:207A40000C0001221646361847EB010788E8C00007B01046BDE8F08F40D000081018010071
:207A60002DE9F04F0D4604464022ADF1E40D002122A804F073FF012740F6FF7B0DF1080AEA
:207A800000200021379402AA3895044682E8030001A800909AE80C0038993798FFF7CAFE85
:207AA00000283ED00199379804F0D7FA0DEB8400D0F8880018B10199379804F019FA7E4D92
:207AC000042615F8011F019832AAFFF71EFE30B333A84FEAEB725B4603C8914208BF984294
:207AE0001DD8102F1BD257B13B466A46083292E80003894508BF804511D05B1EF6D12B7857
:207B00000022042B08BF01220DEB8703C3F888200DEBC7037F1C03F1080282E80300761EE9
:207B2000CFD1641C0AF1080AA742B1D8379804F0CFF939B0BDE8F08FC8FEFF04101601001E
:207B400020F30008785634121CF3000818F30008E4ED0008F0B5061C0F46ADF1300D10D11B
:207B6000FFF77CFC6FB1D7F8540250B907F5207090E83000002D08BF002C02D0D7F8A402AE
:207B800008B902203FE0384608A9FFF7ADFC4A4968460922491D04F001FF0DF1090007F54C
:207BA0000471142204F0FAFE0DF11D000021032204F0D4FE6846082108AAFFF763FC08A879
:207BC0000021102204F0CAFE30466946FFF7DAFC044600212022684604F0C0FE012C0DD08E
:207BE00054B930463946FFF7D3FE28B130463946FFF736FF002405E0022400E00124304619
:207C0000FFF72CFC20460CB0F0BD2DE900430028884691461CBF111C404607D1254901EB91
:207C2000C00103C910EB080041EB0901BDE8008321436587D0B5071C0E4603D116B1D6F8A1
:207C4000540208B1002432E03846FFF707FCD6F8A402B0F5007F09D140F6FF7006F52072C4
:207C6000C1170CCA8B4208BF824201D801241EE038463146FFF78CFE28B138463146FFF7C9
:207C8000EFFE022413E00D48B900405858B90C4A50184068002818BF032405D150580028F5
:207CA00018BF012400D100243846FFF7D7FB2046D0BDC04624F3000843D0000820F300083F
:207CC00018F3000800280CBF03208320FDF732BCB0B58A4D04462868022816D1884A9769FD
:207CE0009FB11169536810688968C01A21F07F410918116007DD0320FDF77DFB2CB10320E6
:207D0000FDF718FC01E0002090618320FDF773FB2CB12868012802D18320FDF70BFCB0BDF0
:207D2000801E00B501282ED9801E012830D9C01E012828D9B949801E06D0401E1CD0401ECA
:207D40001CD0801E18D000BD0846092102224160C169426289688160880A02D10A1C02D1B9
:207D600000BD4FF48062674801680023032001F58731FDF739FC00BD032005E008460B21AD
:207D8000001D016000BD8320FDF7D4FB022003E08320FDF7CFFB002000F001F800BD0246CE
:207DA0009E4890B5001D046A042C26D0C36981690769052C21D0544C1C6000BF4C68002F81
:207DC0005C600CBF141C01241C730468052C05D00B2C03D0092C05D1896802E04468896841
:207DE000091B9960022A14BF042105210162C16900230D228320FDF7F7FB90BD8748002375
:207E000043624360C3601F220361C16943610320FDF7EABB3D483E4A00B50021FBF776FE7F
:207E200000200146FBF76CFE0020FFF751FF394A0020106038490870FFF7E0FF00BDD0B5F6
:207E4000764C04F12800FAF71FFB0746E069082F32D0606BE169092F0CD0002607B101263B
:207E600016B10120FFF734FF122F27D0F0B2FFF796FF23E0A0608A68824206D8824206D259
:207E8000072060608868A06001E005216160012141F214022161824288BF021C19481F4964
:207EA000006809181AB90420FFF73AFF06E083200023FDF799FB01E0C07B20703846D0BD28
:207EC000144900B5002008601549832003F09AFF1449032003F096FF1349212003F050FF94
:207EE000084912484D4A0B681149C018C918D0611048116203F082FF00BDC046D8F30008B4
:207F000030FA0008E4ED00085553425311830008E382000870F90008EEF30008102601007F
:207F200015820008397F000873820008D0130100F0140100157E00082DE9F843374C054642
:207F4000606A002840F01C816868E16900261F28A0610DD1AD4A0868824209D14F7B3FB935
:207F60008F7B102F04DC1FB1087B10F07F0F02D0002E00F0FA808868226ADFF89492906024
:207F8000487B40F2844808FB0090D0F854520127ADB9E06969460F30F8F73EFC38B90098A8
:207FA00000280CBF0220381C6062E16912E0E16905280DD08D685DB10D7B25B105E08D68CB
:207FC00035B10D7B0DB9022003E06762384601E0032060624A7B08FB0293D3F854520DBBC5
:207FE0008D683DB9012803D0022819D1032010E002200EE0097B802906D0022810D001282D
:2080000014BF09200A2004E0012809D002287FD10820FFF785FEBDE8F883C046B4F3000864
:20802000E1694A7B84F83820E06900F10F02A2628A7B84F839208A68E2628968A160C07BD1
:20804000F8F724F904F11C0578BB28680F30F8F737F96061616AA068022915D1010B0CBF61
:2080600080464FF4805828680F3003F092F90146B8F1000F04D0032042463346FDF7B4FA39
:20808000A06800B13746616A012902D1B0F5805F06D8002F00F0B780FFF7D1FEBDE8F88345
:2080A0008320FDF747FA0120ABE0E069417B08FB0190D0F854722FB9286804F108020F305F
:2080C000F8F756FB616AA06802292AD0012940F09A8070B1E16908310A68824206D8824278
:2080E0000BD2072060600868A06006E00521616003E00420FFF714FEA068002800F083804D
:2081000004F0EDFBFFF79BFE08287CD1A2680AB904207EE79B4983203346FDF765FABDE829
:20812000F88370B1E16908310A68824206D882420AD20D2060600868A06005E00B2060603F
:2081400002E00920FFF7ECFD04F0BDFBFFF777FE082805D1A068002855D08B49334646E050
:208160000320FDF7E7F9BDE8F8838320FDF7E2F90320FDF7DFF9854901200860BDE8F88310
:20818000216A022836D16A688868801A886000BF8868F8B960680D281AD0092816D0E06938
:2081A000C07BF8F773F804F11C0248B91068E1696A6889680F3003F0D9F8E062FFF73FFE19
:2081C0002069002804BF0120E0601CD0002018E00D201EE7B0F5806F02D818B9BDE8F88335
:2081E0004FF480606A490968002301F587310246032092E78320FDF79DF90320FDF79AF9AC
:208200000220FFF7CCFDBDE8F883C046555342435CE900085A4980B50B6A042B26D0052B3B
:2082200024D0CA69012B17D143689068C01A906000BF976867B90868072807D0CF68002FDC
:2082400004BF0120886013D000200CE0072000E00520FFF765FD80BD8320FDF76BF9032084
:20826000FDF768F90220FFF79AFD80BDFFF7C6FD80BDB0B501460A78012032F07F0711D1EE
:208280004A78FF2A2CD14F88002F29D1CF883FBB8F882FBB00200146FBF7C6F8FFF7BAFDE0
:2082A0000020B0BD22F07F02802A19D14A78FE2A16D14F88A7B9CA88012A11D18F887FB954
:2082C0003349344D024600240B682A604FF48630C4540968802001F58631FDF7D0FB204644
:2082E000B0BD10B52C4CA068012803D0022818BF03280CD10120FFF7EBFC2068C07BF7F718
:20830000C5FF08B104F0D0FA0120FFF748FD10BD30B5234C0546A068616A50B3012918BF83
:2083200002292BD1A878400820D2012916D12078F7F7ACFF90B9E069A96882688A4288BFDA
:208340000A1C13481549006809181AB90420FFF7E7FC03E083200023FDF746F9E068002899
:2083600004BF0120206109D0002005E0FFF7B9FF30BDA87800F00100FFF711FD30BDC04617
:20838000B8F30008000010C0000014C070F90008E4ED00084CF90008D0F3000810160100FD
:2083A000B4F300087D497C4809680068032901D108B903E010B90C2002F096B80C2002F0B6
:2083C00076B8774810B54FF4F071002204F00AFC724C0020241FA06004206060FFF7E2FF4F
:2083E000704803210068E16010B10146E068884710BD2DE9F0410146B44C694E6A48DFF83E
:20840000A481226841F20A15954204D8C1F30347490D05D359E0314608310968C1F38347A4
:20842000954202D9616803294FD0042F46D0032F31D0022F0DD04021002204F0D3FB4FF464
:208440000E706FF0C30108600C2002F04DF8BDE8F081564B0022A03811460160D41A0568EC
:2084600024682D0C2404240CAC4205D1491C121D0329F2D9BDE8F08130464FF4F07100223E
:2084800004F0B0FB30464FF4F0714FF4807204F0A9FBBDE8F08140210A4604F0A3FB0820D5
:2084A000E0620C2002F003F80020A168E060022954D341460968002950D04AE028466F3826
:2084C000904248D3FFF77DFF45E03946891E42D0491E34D0491E1ED0081FB0D14FF40E70B7
:2084E0006FF0C30108600C2001F0FEFFA06B00283DD0304600F10C0100F110021268D20ACA
:20850000FAD294F83C0008600027A76340F203464E60BDE8F08140210A4604F063FB0C20C0
:2085200001F0E2FF206829466F39814202D3FFF748FF2068F03D854214D3BDE8F0810C2050
:2085400001F0D2FF012241460020E2620968E06021B1884702E00C2001F0C6FF2068F03D80
:20856000854204D240F203206FF0C3010860BDE8F08130B5554C0125A560FDF71AF9002090
:20858000FCF7F8FF0221074825620068E16010B10146E068884730BDECED000840F9000821
:2085A00004C700FC38F9000800C200FC003DFF032DE9F04FDFF81CB3444C4FF000084FF0AD
:2085C000050929E25FEA9A0700F02482D4F82C02011DC4F82C12D4F8342200688A429CBF3F
:2085E000D4F83012C4F82C127F1E410880F0B481C0F3440281082CBF80264646C0F3831102
:208600005508491E00F02D81491E00F0DA80491E4CD0C91E20D0491E40F0F9812E43F1B2C8
:20862000C0F3036C31F07F0608D001F07F01CA0002EB4112A11801F58A7106E001F07F011E
:20864000CA0002EB4112A1187431BCF1060F04BFC0F30640C861DAE1400BC0F0D881206874
:2086600041F20A21814240F0D281002E40F0CF812E43F0B230F07F0508D000F07F00C100E9
:2086800001EB4011601800F58A7006E000F07F00C10001EB4011601874308169C86840F07D
:2086A0000100C8603046FCF78AFEB0E146EA0501C9B231F07F030BD001F07F01CA0002EBB8
:2086C0004112A11801F58A7109E0C0463CF9000801F07F01CA0002EB4112A11874310B6924
:2086E000002B40F09481002D40F091812569000B314600F0030225B910F0030F54D04846F4
:208700002061022A3CD0BF480568012A4CD1012D08BF002930D0022D08BF80292CD0A6691C
:20872000E6B966691EB3032D18BF042D3CD1BE4801220068A26139B900F586310220B4F8B5
:2087400088202061404604E010464146206142468020FDF7D1F92046056925E011B9D4F8D3
:20876000946026B180291FD1D4F83461E6B9484626462061356917E048462061256913E0F5
:2087800066694EB1802901D1E66F1EB921B9D4F81C610EB1C4F810902569052D04D0084644
:2087A000FDF755F997480568052D40F030814046FCF721FE8020FCF71EFE4046FCF7BAFEA0
:2087C00025E1994801682E43F0B230F07F0508D000F07F00C20002EB4012A01800F58A70A3
:2087E00006E000F07F00C20002EB4012A0187430320A05D28D4A04F5F8754FF0080C04E040
:208800008B4A04F5DA754FF00A0C51182A6B05EB820301EB02115B688A6822F07F429B1A37
:20882000320A03D30968834A5918116081684268A1EB030E9A18C0F808E0016842605B1806
:208840000360286B401C2863286B84459CBF404628632D68002D00F0DA803046FDF7B4FA4F
:20886000D5E046EA0500C1B231F07F0608D001F07F01CA0002EB4112A11801F58A7106E012
:2088800001F07F01CA0002EB4112A11874310E6A002E00F0BC804E6AF6B1634A1568020A98
:2088A00039BF04F5F872614B04F5DA72604B5B19156B03EB051302EB850252689D6825F07F
:2088C0007F45521B050A0DD31B685A4DD3182B6008E0C0460CC400FC8A69CE68936823F0E7
:2088E0007F43F21A8B684E680D689B1A9619C1F8208052194E60504D8B6030F080062B68F5
:208900000A6027D1020A0BD2A269012A06D14E68002E18BFC4F810907FF44FAFC4F88480B7
:20892000414A2669126826B198472669002E6ED14CE002F5863104F16C00082204F02EF872
:20894000B4F87260404606B101203C490968606188475CE098475AE010F0FE0F57D13849AA
:2089600009680246C2F30320002843D0401E30D0401E0FD0401E47D0401E48D16FF0C30280
:208980004FF40E70012610600029E6603FD0304688473CE06FF0C3014FF40E700860FDF760
:2089A00021F8142160606068A162032814BF64213221022003F0A9FCFFF7F4FC404641465B
:2089C000FCF70CFFE66916B34046E061FCF798FD1DE0C4F860800320C4F864802669CBF884
:2089E000140326B9FFF7C5FD012020620FE0C4F820800CE0206841F29B01814207D2FFF706
:208A0000E0FC04E04CF900081046FFF7F2FC002F7FF4DCADCBF800A0DBF800A0BAF1000F54
:208A20007FF4D0ADBDE8F08FE4ED000840130100901201000C0000FD34F9000830F90008E3
:208A400038F900083A480068704700B5FFF7FAFF00F049FE10B137490220086000BD354A5A
:208A60003C3A116A002011B1516A01B901207047304A3C3A1168012011B9D16B01B900206C
:208A80007047411A4FF0000058BF012070474FF07B40D0F83811D0F8340108434FF0010102
:208AA00007D1254B102253F8040F10B9521EFAD10021002001B90120704790B50746642FE2
:208AC00088BF64271B4C04F11800007887420DD01FB9002003F07CFE05E0394600204FF406
:208AE0007A5203F027FE3C3C84F8547090BDBA4870B500250126C0F8D8520E4CC0F8DC62E8
:208B00003C3CA66025656662A562FF2084F8400000F0D7FC2846FFF7D0FF30462946A564BF
:208B200002F098F93046294602F07AF970BDC04630FCFFFFDCEE00089CED00082DE9F84159
:208B4000FFF780FF054601F05CFDA24CE16981423DD1216A81423CD0216B6D1A642D38D3F9
:208B600010B1E76B002F34D1206200256562A562E56210B1BB490F680FB90121A160FF21AB
:208B800084F8401088B1E06B10B9012001F029FD2846FAF7EBFF0320A563294620650120FB
:208BA00002F058F9012005460DE000F08AFC284602F0BBFB284601F014FD25650120294603
:208BC00002F048F90120294602F02AF901E0E0612563FFF737FF054601F00AFDE1687E4F8E
:208BE000814223D12169814222D0A1696D1A642D1ED32061B8B16069D0B1FFF730FFB8B1AA
:208C000000F0ABFA002100B101210025081C0BD0F7F72CFB002804BF0120206004D02846C4
:208C200002F0B7F800E00125656101E0E060A561FFF708FF2169226A03F062FAFFF702FF47
:208C4000D7F8D852616BD7F8DC62A94212D0656375B1226D0021FF23A163022A1CBF032285
:208C60002265606484F84030012002F0F3F801E00120A060A06BB0420AD04DB9A663FFF7E1
:208C8000EEFE28B1E06B18B90120314602F0E2F8606828B10020606015B1012002F09BF8A2
:208CA000FFF7D0FE0546FFF7E3FE00284AD1606B002847D0FFF7D3FE002843D0616C284644
:208CC000FFF7DFFE00283DD0002002F0F8F9002831D0FFF7DCFE002834D09C4D4FF4001622
:208CE0002E61FFF7C5FE20BBFFF7D1FE08B30020694601F04AFA2E60A0B19DF80000FF2832
:208D000010D09DF800009DF800102D2884F8401005D29DF80000282807D8012000E002205A
:208D2000206502E0FF2084F84000FFF78BFE054604E02E6006E0FF2084F8400042F2107040
:208D400040196064B24EE06C356800284BD1A16D2846FFF796FE002845D005F54871206D46
:208D6000A16502283AD1A06C00282ED0401E2AD0401E38D0401E0FD0801E2FD1E16D284631
:208D8000FFF77FFE78B33220FFF797FE4EF6602101204919E16525E0E16D2846FFF771FEA4
:208DA00008B394F8540063280BD80D30C0B2642888BF6420FFF781FE4EF660204019E065CD
:208DC00011E002200EE003200CE0052105F16400A164F4E7A0EE00085CE900080020FFF72A
:208DE0006CFE0020A064E16B30688046A1B9206890B1FFF734FE002100B101210025081CB3
:208E000008BF256056D000F00FFAE5620120E063284601F0E0FFE16B012925D0022949D14E
:208E2000404600F097FC01280CD0022842D1FFF75EFE00202060E0630121E16202F00AF859
:208E4000BDE8F881FFF753FE0025E56225602846E563014601F0FEFF0121284601F0E0FF71
:208E6000BDE8F88134EC0008FFF711FE10B3D7F8D80290B101F0C5FB78B14FF40015C6F80A
:208E80001052FFF704FE002808BFC6F8005211D0002001F037FAC6F80052FFF728FEFFF734
:208EA000D1FD054603F092FB0146284600F030FC0220E063BDE8F8815649012008607047E6
:208EC00078B5A8B9534C544E01204FF40015A06069463560042000F02AFE46F8105C38B92F
:208EE000BDF8000040F28A2181423CBF0020A06078BD48480121001D0160704718B9454888
:208F00000121083001607047424B00B5986A38B9FFF7A5FD20B14148006808B1D86B08B19B
:208F2000002000BD0120986200BD3A49886A18B1002201208A6270470020704735480830CC
:208F400000687047334828300068704730FEFFFF2F482DE9F043056801F04AFB074601F033
:208F600050FB064603F032FB80461FFA88F001F0D3FA2848002404604FF00109C0F8089094
:208F8000C76021460761446007B949464161C661046244628462C46244638463C46384646A
:208FA000856122460563B8F1360F45644FF0FF0180F8401008BF4A46002EC2640CBF221CA9
:208FC0000322026580F854108565C5651FFA88F000F02AFD204601F004FB2046FFF76DFD51
:208FE0004846214601F036FF4846214601F018FF2046014601F02EFF2046494601F010FF99
:2090000003F05CF9BDE8F083054800787047C04630FCFFFFA0EE000840FEFFFF34EC00084A
:20902000E0EE000830B5782256230A7034244B70001D8C7012220423CA7010F8012B03F000
:2090400003040D5D5B1C402B2A440A55F5D330BD18B504466946FFF7E5FF22789DF800105C
:20906000002091420FD19DF80110627891420AD19DF80210A278914205D19DF80310E27883
:20908000914208BF012018BD2DE9F041914D2F6880464FF40010ADF1480D00244FF47C3164
:2090A000402301AA28610320009400F069FE012607F40017002838D101A8FFF7C9FF20B961
:2090C00001A82146402203F049FC08F0030801A811A98DF81180FFF7A5FF01A8042211A947
:2090E00003F05CFC2146009406200A46134600F047FED0B92246009420204FF47C31134618
:2091000000F03EFE88B92146009406200A46134600F036FE48B9009402204FF47C3101AAA2
:20912000402300F02DFE00B9264607B12F60304612B0BDE8F08130B50546012D03D0022D97
:2091400018BF0B2008D1AA4C2571FFF79DFF002812BF0D200020657130BDA548083001687F
:20916000002001B9012070472DE9F041A049594E0D6837684FF40010ADF1480D0024402385
:2091800001AA4FF47C3130610320009400F0F8FD4FF0010807F4001700283FD101A8FFF7D6
:2091A00057FF20B901A82146402203F0D7FB280A8DF809002B0C8DF808502A0E8DF80A307E
:2091C00011A98DF80B2001A8FFF72CFF01A8042211A903F0E3FB2146009406200A46134637
:2091E00000F0CEFDD0B92246009420204FF47C31134600F0C5FD88B92146009406200A4642
:20920000134600F0BDFD48B9009402204FF47C3101AA402300F0B4FD00B9A04607B1376007
:20922000404612B0BDE8F081714900B50868401C0860FFF799FF002814BF0D20002000BD9A
:209240000346C0B510460F46002B3ED09E78002E3BD15E79002E38D15E78052E05D120B956
:20926000FCF750FC03F0C4FC31E006B90FB90320C0BD082818D13978802915D17E789EB91E
:20928000BE788EB9F97804290ED13E7966B97E7956B9BE7946B9FE79012E05D8002006B960
:2092A000012001F0CEFD12E006280ED1387885280BD17E784EB9BE783EB9F878042804D1FE
:2092C0003879012801D8787908B10B20C0BD0020C0BDC04630FEFFFF2DE9F04100280F46F6
:2092E00000F0B180002F00F0AE80467871097BD30178152927D0552940F0A58036F01105BD
:2093000040F0A1808578002D40F09D80C578002D40F099800579002D40F095804579002DF7
:2093200040F091808579002D40F08D80457A002D40F08980082AC0F08680BB79F8790821A9
:2093400040EA03200FE036F011057CD18578002D79D1C578002D76D14579002D73D1042AC6
:2093600071D3F87804214018811C8A426BD3395C01F03F01312903D0332918BF342933D18E
:20938000C419611C0D7843199B1A13F1020F5AD1385CDFF85C8006F0010600F03F003128D1
:2093A00036D0332826D034281ED10E2D1CD12779A07907F00707032F45D830F0020118BFDC
:2093C000032840D107B901274446277100B1A071002E35D03846FFF757FE002808BF6771C2
:2093E0002ED00D20BDE8F0810320BDE8F081C04654EF00080878022825D14F781FBB897860
:2094000031F001001FD1654801F00101016017E008780E2817D1CD7835F01D0013D16809C8
:2094200006D3280904D2FFF780FD60B125F010054446E07905F0180500F0E7000543E57134
:209440000020BDE8F0810B20BDE8F08154480068704701F074BC30B5514C00210C22ADF14A
:20946000440D204603F07AFA01F010FD01204FF47C3120714023607101AA0220A0710020FC
:209480000090032000F07CFCC8B901A8FFF7E0FDA8B19DF809509DF808109DF811009DF885
:2094A0000A309DF80B2041EA052110F0030041EA034141EA026121601CBF2071607111B0E2
:2094C00030BD3748C01D017801F0E70101707047F0B516461D460746332E05D0312E18BFAC
:2094E000342E07D1102400E004241FB18C4298BF032D01D90020F0BD0021224603F02EFA86
:20950000A01E3E70012D787025D02548312E1BD0332E0ED0022D07D0032D14BF01794179A1
:2095200039718179B97122E00121022039710146F8E7002D18BF032D19D118480068002140
:2095400000B1012108460EE0002D18BF032D0ED1C01D00780AE0312E07D0332E1CBF032114
:20956000081CE3D10120F87001E0182038712046F0BD10B50A4CE079000938BF00200BD343
:20958000FFF7C2FCE079400905D3FFF7CEFCE07900F0E700E071012010BDC0465CEF000815
:2095A00054EF000800B501F013F8002100B90121B348016000BD00B5012003F009F90020AF
:2095C00000F0C2FF322002F08BFE012000F0C7FF00BD00B5002000F0C2FF322002F080FE31
:2095E00001206421322203F0A5F800BDF0B50446A448026B476B91007F1C01EBC20101440A
:2096000001F1380108BF01279F4A1568036852682E06002543EA164302F0FF0206790D60E7
:2096200043EA02434C6043EA06638B600F60016B4763491C01F007010163F0BD30B5914CD5
:209640000D462060401E0728E5611FD8DFE800F03D3A422F2C042923FFF7A4FF002000F0A9
:209660007EFF322002F03CFEA089362834D0A089352802D0A089372802D1012000F064FF3D
:2096800001206421322203F055F825E0FFF793FF0020206023E0FFF78EFF0020012120710A
:2096A0000DE0FFF788FF1AE0FFF785FF14E0FFF782FF0020207105F5FA712161014601F091
:2096C000C9FB0CE005F1320008E0FFF76BFF002000F087FFFFF77DFF05F5FA60206128461F
:2096E000FFF784FF30BD10B5044600F071FF002818BF00200BD163494C6100208861486A86
:20970000401C486201202146FFF798FF012010BD5C4B00221A719981014659619A61186A54
:20972000401C18620120FFF789BF411A4FF0000058BF0120704700B500F04AFF504920B113
:209740000846006820B1012000BD084601210160002000BDF8B54B4D0446286830B1686925
:20976000A969201A814238BFA8616C612868401E072879D8DFE800F0514941362D170F0480
:2097800000202860EC61E86A0226401CE8622046FFF72CFF69E029692046FFF7C6FF002809
:2097A00062D001205DE0FFF7C6FF80B929692046FFF7BBFF002857D02879401C28712879F7
:2097C00003284BD308202146FFF738FFD8E7072047E0FFF7B0FF002842D12869201A43D4B5
:2097E00006203EE02869201A3ED400202860EC61A86A0126401CA862C9E7FFF79CFF00284B
:209800002ED12869201A29D52EE0FFF794FF38BB2869201A28D4032023E0FFF78CFFF8B9D7
:209820002869201A1AD500F0ECFE07469648006800F00F010020032908BF0120384313D16E
:209840000420694600F073F977B928B9BDF8000040F28A21814207D3022002E0052000E090
:2098600004202146FFF7EAFE00263046F8BD01700A0A42700A0C8270090EC1707047C046EA
:209880000CF2000804F2000838BCF7FFDFF8FCC12DE9F04F81464FF0080E4FF00008ADF1F0
:2098A000600D5CF80C7F57B3DCF804B0DCF808A0DCF80000874222D14646B10001EB0D0286
:2098C00001EB0D032032403369440AE000EB0D052D6A41F80449684442F80459006C43F82C
:2098E00004092EB1761EB00050F80D403D1BEDD40F60C2F800B0C3F800A008F10108BEF1A5
:20990000010ECED1B8F1000F12D04B46474610AE08AD1C1D55F8041B1846FFF7A8FF56F880
:20992000041B2046FFF7A3FF083308347F1EF1D15FFA88F018B0BDE8F08FB0B5071C01D01E
:20994000802901D00020B0BD024600218020401E02F8011BFBD1522144203970012478702A
:2099600058253C714D22BD704B4BFA70186878711879B87199894948397209127972016831
:20998000434DB972426807F10C002968FA72FFF76EFF296A07F11000FFF769FF196907F18B
:2099A0001400FFF764FF596907F11800FFF75FFF996907F11C00FFF75AFFD96907F1200055
:2099C000FFF755FF196A07F12400FFF750FF596A07F12800FFF74BFF996A07F12C00FFF719
:2099E00046FFD96A07F13000FFF741FF294B196807F13400FFF73BFFD96807F13800FFF7C9
:209A000036FF196907F13C00FFF731FF07F14000FFF73CFF01462046F971B0BD1E48016879
:209A2000002001B10120704790B51B4CA081FFF7C2FD002222601648A26004F1100122715D
:209A400020300A600068606122636263A261E061226262620827A2622831E2627F1E41F8A7
:209A60000C2BFBD1FFF7C2FD90BD00B5FFF7A3FD094A002010600649906020311071086832
:209A8000D061FFF7B3FD00BD280100FB30F2000810FCFFFF088CF7FF04F2000838BCF7FF68
:209AA000B1490A68920AFCD340F08060C8620868400AFCD3086BC0B27047AC4900200860F3
:209AC0007047AA49086810B9A948006808B10020704701200860704710B5A34CA54B22684C
:209AE000104218BF002005D11A68521AB2F57A7FF5D3022010BD30B50C46054611464FF4E6
:209B00000070FFF7E9FF2A4680B9974D4FF48070EA62FFF7E1FF48B9296B28682160400926
:209B200003D310210120296030BD002030BDF8B584460F1C07D0BCF1070F04D800243C8082
:209B4000FFF7BFFF08B90120F8BD8A488A4D06686946324628467F38FFF7CDFF88B92846E6
:209B60006946324640EA0C10FFF7C5FF48B9009D824869463246FFF7BEFF05F00301090278
:209B800008B1044604E0009800F0FF0001433980FFF793FF2046F8BDF0B5C74C17460E464E
:209BA00005463C4302E0012002F09AFB02F0C5FF2046FFF775FF3846FFF772FF28408642B6
:209BC000F1D1F0BD6B4A00B5126840F08060FFF792FF10B1664A0121116000BD2DE9F8418B
:209BE000644CDFF8DC8227680E46054602F0A5FFB2486946FFF7E6FFA0B94FF47E0069466F
:209C0000FFF7E0FF70B99DF800002840864208BF002007D02068C01B8045E7D8544A01211C
:209C200002201160BDE8F8812DE9F84306461C4690460D460120032E1CBF022E00204B493A
:209C40000F688146002F2AD049480068002826D1089820BBA80C22D1B4F5805F1FD860196B
:209C6000B0F5802F1BD8B9F1000F0CD1BCB9202E04D140F6FF70284211D113E0062E11D076
:209C8000042E0CD10EE0B8F1000F08D03CB1022E08D105F0FF002018B0F5807F02D9012075
:209CA000BDE8F88301200021FFF798FF002859D1B9F1000F01D1202E02D14FF0805700E0C1
:209CC000002746EA0700694640F47E00FFF77AFF002847D1002F39D04FF0100C0027022F2B
:209CE00002D3B9F1000F02D04FF0805000E0002025FA0CF101F0FF010843694640F47E003C
:209D0000FFF760FF70BB7F1CACF1080C032FE6D3E4B127460025681C84428CBF4FF08050C1
:209D20000020022E14BF002118F80510084340F47E006946FFF746FFA0B9032E04BF9DF8F1
:209D4000000008F805006D1C7F1EE4D1062E04BF0320022104D0042E0CBF032001200021B0
:209D6000FFF73CFFBDE8F88310F8F7FFACF30008B0F3000810FCFFFF80000511000005019C
:209D80002DE9F0430D460746FFF79BFE94461C46002808BF012000F08C8007985F494FF07D
:209DA00001093E464FF0000809FA00F0030483F47F03B01E03F47F0353D0401E30D0C01E35
:209DC00027D01A3806D0A7381ED0113818BF4FF003086BD147EA030040F08050FFF760FE69
:209DE00010264446022C34BF4FF08050404625FA06F101F0FF0108431843FFF751FE641C7B
:209E0000083E032CEED34CE043F0C700FFF748FE47E043F00600FFF743FE0220014642E088
:209E20000846401C1843FFF73BFE0327102625FA06F000F0FF00184340F08050FFF730FE0B
:209E4000083E7F1EF3D18CB3641E0CBF40464FF080501843FFF724FE0CF8010B002CF3D1C7
:209E600024E008461843FFF71BFE0327102625FA06F000F0FF00184340F08050FFF710FE63
:209E8000083E7F1EF3D164B1641E0CBF41464FF080511CF8010B19430843FFF701FE002C3A
:209EA000F2D1484641461A46FFF776FEFFF705FE4046BDE8F083C046050000100500FE103B
:209EC00080841E0070B5164E40F6036101200325A6F114040A4620603046656002F07CFECE
:209EE00040F2016130460A46001D02F075FE0D48A064E564042020630B4820650B484FF0D3
:209F0000807100250A46606530461038E56002F063FE074805600748056070BD0200001019
:209F200014F8F7FF000002020803010108240001ACF30008B0F30008C64BF0B540F28442E1
:209F4000044602FB04F0185800250E4668B1B7685FB1204601F0F1F9874206D1204601F05D
:209F6000F3F97168814208BF01252846F0BDC14940220A6008B1202008607047BD4A10B597
:209F80006023044610321360FFF7D6FF002818BF012008D1B8480023C0EBC4100360184618
:209FA000FFF7E5FF184610BD2DE9F041061C0F4649D1002F47D0A74940F284407043085885
:209FC000002840D0DFF8B082F401A8F12000251A69682868084336D1304601F0AEF9B8607A
:209FE000304601F0B1F9786039463046FFF7C6FF48B355F8201CC2483960084045F8200CF0
:20A0000039463046FFF798FF48B169682868084305D10120FFF7ABFF0120BDE8F0813046D5
:20A020003946FFF789FF38B940460021241A914F216040263E6006E039684046241A01207C
:20A040002160FFF794FF0020BDE8F0812DE9F0410C46064690461146FFF790FF214618B3F7
:20A0600030460022F8F7E9FB071C05D1002130460A46F8F798FC07460120FFF778FFB84D32
:20A080004FB9F4010121002242F22833601BF8F73DFB071C0BD0F401601B0068400806D357
:20A0A00030460121F9F744FD0020BDE8F08130464146FFF763FF0028F6D001263FB96E4889
:20A0C0000C38241A206810F0210F08BF00260120FFF74DFF002006B90120BDE8F081664A30
:20A0E0000968C2EBC01001600120FFF740BFF0B50546ADF1400D0DA9FFF756FF10B36846AE
:20A100000021342202F02AFC4FF40077EC2080218DF8020027228DF80110914C8DF8002061
:20A12000914E08972834284669460DAAC4EBC5142660FFF78BFF0DA9074626602846FFF7F6
:20A140001DFF08B900201EE0C7B18949894E8748096840F2844202FB05644018B4F8AA2077
:20A16000037810F8011C4FF69F7641EA032106EA020001F060010143A4F8AA1028460DA994
:20A18000FFF7ADFF384610B0F0BD2DE9F0470F1C8146ADF1400D07D04FF0FF080DA987F8B6
:20A1A0000080FFF701FF08B9002050E068460021342202F0D3FB4F264FF0010AC223B020BF
:20A1C0008DF8056027228DF8063080218DF80200644C8DF80020644D8DF80CA0D0268DF8B7
:20A1E00001104FF40073C4EBC9148DF8036048460DAA089369462560FFF728FF0DA90646F1
:20A2000025604846FFF7BAFEF8B1CEB15848574903681E2244460020B5390646C91811F89C
:20A220000C3FC22B09D00B78BE2B02D108B94C795046521EF3D118B100E04C793C705646C8
:20A2400048460DA9FFF74BFF00E00026304610B0BDE8F08734EC000830B504460D46FFF782
:20A260008DFE28B120462946FFF739FF012030BD002030BD30FEFFFFECFEFF04F0B5064652
:20A28000ADF1400D0DA9FFF78FFE002808BF002034D068460021342202F060FB364940F264
:20A2A00084402722802370438DF8002008588DF8013000280CBFE720EA202A492F4DF40198
:20A2C0000DAA8DF80200641A304669462560FFF7BDFE071C25600AD0E0208DF802006946AF
:20A2E0000DAA25603046FFF7B1FE0746256030460DA9FFF7B1FF00B90027384610B0F0BD98
:20A30000FCFFFFBFF0B50746ADF1400D0DA9FFF74BFE002808BF002020D06846002134228E
:20A3200002F01CFBE020802127228DF802000D4C8DF80110114D8DF80020C4EBC7143846A9
:20A3400069460DAA2560FFF781FE06460DA938462560FFF781FF00B90026304610B0F0BD60
:20A36000C8FEFF04F0FEFF0403000040BB160100E4ED00085CE90008D0EB000801000040E4
:20A38000014610B508291CD3082915D0092913D00A2918BF0B291AD1A848021F146809396E
:20A3A000012303FA01F2224202D01A46001D8A40114602F011FC10BDC44AC81F0146104657
:20A3C00000E0C348036801228A405A40026010BD082810B517D308280AD0092808D00A284D
:20A3E00018BF0B2819D1A0F1090394480C3802E0C31FB6480838012401FA03F204FA03F1A3
:20A4000002F0EAFB10BDB24C012301FA00F203FA00F1A4F1080002F0E5FB10BDB0B50828CA
:20A420000F4625D3082812D0092810D00A2818BF0B2837D1814D09380124002284402146E7
:20A4400028460C3002F0C8FB28460C380BE09F4DC01F01240022844021462846103002F023
:20A46000BBFB284608382146002202F0B5FBB0BD974D01248440002228462146103002F0EA
:20A48000B1FB002228462146083802F0ABFB214628460A46303802F0A5FB2C3DAC602C6120
:20A4A00007B12C60B0BD0021FFF7B8BF70470246082A12D3082A0DD0092A0BD00A2A18BF1F
:20A4C0000B2A10D1A2F10900012202FA00F1AE480A4606E07D48D21F00E07D480121914040
:20A4E000002202F079BB70470246082A0DD3082A08D0092A06D00A2A18BF0B2A0BD14F483D
:20A50000093A03E07148D21F00E07148012191400A4602F061BB704770B59F4D0646002449
:20A52000382E2C6003D02046FFF7C1FF02E02046FFF7DAFF964801210A4602F053FB382E2D
:20A5400018BF01242C6070BD9349096831B110B90020FFF7ACBF0020FFF7C6BF704710B9B2
:20A560000320FFF7A4BF0320FFF7BEBF002100B901210846FFF7F3BF014610B508291DD3AA
:20A58000082916D0092914D00A2918BF0B290ED17E4A1468A1F10900012101FA00F323421D
:20A5A00007BF5268181C926801FA00F00AE000210AE07A4AC81F0146104600E078480268BB
:20A5C0000120884000EA0201002001B1012010BD00B50220FFF7D0FF002100B901210846FF
:20A5E00000BD10B90B20FFF762BF0B20FFF77CBF00B50120FFF7C0FF002100B90121084662
:20A6000000BD00B50520FFF7B7FF002100B90121084600BD62481838026850F8101C1140C7
:20A620000160704700B50420FFF7A6FF002100B10121084600BD01207047C04624F8F7FF9F
:20A64000F0B5574F0120FF25A7F13804206052486561002606604FF6FF7020621C48C821A7
:20A660000A4602F0BFFA262138463246E5642C3802F0B8FAC8206063144806210A4602F0E1
:20A68000ABFA464C06210A462046143002F0A4FA062120460A46001F02F09EFA06212046BF
:20A6A0003246083802F098FA3E4C04213246204602F092FA0421204632460C3002F08CFA9C
:20A6C000324804210A4602F087FAF0BD48E5F7FF3CBCF7FF3449354B2E4A0020411A0968F9
:20A6E000C01A0068126801F00601C90100F0060040021143084370472B492C482C4B0022CD
:20A70000091F511A0968001F121A10681A6801F00601C90100F006004002114308437047A0
:20A720002148204A00211C305242081A891A02680868D101400281F4407180F4406001F463
:20A74000407100F44060084340F0FF007047164916480F4B002210B51831511A0C68183015
:20A76000121A10681968E201400282F4407280F4406002F4407200F4406081F0FF0101F0B5
:20A78000FF010A43104310BD28F8F7FF18F8F7FF34BCF7FF4CBCF7FFE0ED000844E5F7FF58
:20A7A00038BCF7FF14F8F7FFA81A0800D007080050BCF7FF504910B50020C86008800124AF
:20A7C0004C804E49212001F0DBFA4D49204601F0EEFA4C49812001F0EAFA10BDD3484A4AB3
:20A7E000D14900681288002309180120FAF7FCBE428841490020891C0A80704741883E4A82
:20A8000000201180704710B50446404801F0CCFAC648C549E288006809180020FBF72FF939
:20A82000002010BD70B5C14C334DBF4A2668AB7802F1400189190B706B88246841321B124F
:20A840001355C288022AA8BF02228020FBF717F9002070BD00B5284AB44BB34912881B6861
:20A8600040311212C9180A70C288022AA8BF02228020FBF704F9002000BD0246B0B5AB48DB
:20A8800051880F120068C64900247F1E0BD0BF1E12D1602592230D5409184B70D288022AEE
:20A8A000A8BF022204E0D288092AA8BF092209188020FBF7E4F800E001242046B0BD4178EA
:20A8C000491E15D0491E11D0491E0DD0891F09D0491E05D0491E18BF01200BD1FFF788BF6B
:20A8E000FFF78CBFFFF78FBFFFF79CBFFFF7B2BFFFF7C3BF7047C04674FB0008BFA8000800
:20A9000081AB00088FAB0008ECF9000891AB00082DE9F8478246854CA24E83482768DFF881
:20A9200090C2DFF87C92DFF88082A24BB168C01902780025521E0B2A00F28580DFE812F024
:20A940007B0060004E002A000C0083001A018300F800BA0098008500002900F00E81414679
:20A96000C91911F802EC11F8032C11F801CC0F788E784878CC780B7942EA0E2242EA0C4205
:20A9800040EA062042EA076640EA044040EA03603060F2E0002900F0F0804146C91911F876
:20A9A000027C11F8033C11F8016C0A7843EA0723042743EA064343EA02631E6881F83C70A4
:20A9C00080F8415080F84250330A80F84350320C80F84450310E80F84560B9E0002900F0C4
:20A9E000CC802946009506200A461346FFF7C8F92946C7202A462B460091FFF7C1F9BCE06D
:20AA0000BAF1000F0BD1294680200A461346FAF7EBFD664C2068C068400808D2B168002949
:20AA200000F0AB80FBF76EF802F0E2F8A5E0012001F028FDEEE7002900F09F806046C05D4B
:20AA40007060358099E0012597E0DB19187813F8014C2E46012744EA002407FA06F0044254
:20AA600002D03046FFF71FFD761C0C2EF5D384E0DB191A7813F8014C997858782E46012729
:20AA800044EA022440EA012807FA06F004420DD018EA000F03D13046FFF709FD02E0304646
:20AAA000FFF722FD30463946FFF792FC761C0C2EEAD362E02E462F463846FFF75DFDB8408E
:20AAC0007F1C06430C2FF7D3FFF741FE0746FFF727FE226849460A238B542268414601F1C8
:20AAE0003D0398542268000A01F13E039854206801F13F031F5420683A0A01F140031A54D9
:20AB0000206801F141073E5422684746300A07F142039854216807F143067554216807F153
:20AB200044035D541AE0C04624360100E4ED0008092180F840102B4680F8413080F84230B3
:20AB400080F8433080F844300A2280F84530012180F8463080F8472080F84810BAF1000F8C
:20AB60000BD02068494609222B4609188120FAF73BFD02E06046C05DB0602846BDE8F88715
:20AB800000B50120FFF7C4FEFFF728FE00BD7047094800780B2802D00020FFF7B9BE704785
:20ABA0006436010078FB00082836010068FA00082536010026360100A9F90008B24AC10096
:20ABC00001EB4011521860B9506828B1107800280CBF0422022200E00622BA48062101F03D
:20ABE000FBBF506828B1107800280CBF4022802200E0C022B448C02101F0EEBF0246A2481C
:20AC000090B5D10001EB4211401887691FB1017B012940F08780017B02296DD0076A1FB1C5
:20AC20000023036201274762012953D0877D07BB477DAFB9077D37B90169416087680021ED
:20AC4000002F2CD00AE0017D491E01754768002107B9012141608768002107B301211EE047
:20AC6000417D491E41754768002307B90123012114E0817D491E2BD0491E25D0491E1CD01E
:20AC8000491E11D0491E0CD1077D0FB3017D491E01754768002307B901230021436001709C
:20ACA0003CE00024012111E0002101704160C17D491C4B000521037504E004210124002331
:20ACC00004704360817529E0012403212346F7E70221F3E707785FB1032F06D0012F1CBF2F
:20ACE0000021012306D1022103E001210B4601E003210023017010E0077D3FB90021C76969
:20AD00000173DFB1C1610121016290BD017D491E01754768002307B9012343601046FFF73B
:20AD20004DFF90BD0021816181750227077341750122C261142404750162416290BD9949FC
:20AD400000B5087C022806D00878401CC0B2052838BF087006D300200870FFF74FFF0120FA
:20AD6000FFF74CFF00BD01460020022938BF0120704700B50246FFF7F6FF40B14249D00040
:20AD8000002300EB42100918486A4B6200BD002000BD00B50246FFF7E6FF40B13A49D0001D
:20ADA000012300EB421009180B6108224A7500BD00B50246FFF7D7FF60B13349D0001423A2
:20ADC00000EB421009180B7502220A7301230B610023CB6100BD00B50246FFF7C4FF40B1B1
:20ADE0002949D000012300EB421009180B6106220A7500BD00B50A460346FFF7B4FF114671
:20AE000068B106290BD8204AD80000EB4310012312189375D175002393611362536200BDED
:20AE200000B50A460346FFF79EFF114640B1002201B101225B49D80000EB431014310A5099
:20AE400000BD002100B10121564A0846107482F838007047B0B503460F46FFF784FF39466B
:20AE600080B1002001B101204F4C30B1D9002246012501EB431108325550D900224601EB7F
:20AE800043115050B0BDC04604EF00080E48C021F0B50A4601F0A0FE0A4806210A4601F0DB
:20AEA0009BFE424DC02128460A46183001F094FE3F4C062120460A46183001F08DFEC021F3
:20AEC00004E0C04648E5F7FF3CBCF7FF28460A4601F082FE062120460A4601F07DFE0621D8
:20AEE00000222046001F01F077FE2E4D00242746A5F1240606F8284F7460B46034733461E0
:20AF000034757475B475F475B461F461346238467462FFF753FE7F1C022FEBD32C70F0BD9F
:20AF200000B50246FFF71FFF68B11F49D00000EB4210091D0A1811780120022904D0D16848
:20AF400011B9516901B9002000BD1749091D0A780020012A04D191F82810012908BF0120DB
:20AF60007047022808D21349C200012302EB401009188B6100224A627047022811D20A49A5
:20AF8000C20002EB401008390022091801F10C038A7518698A6108B11A701A721A615A61BD
:20AFA0009A61704700EF00080CEF000834BCF7FF40E5F7FF04EF000890B51F460B46114697
:20AFC00000B90FB9002090BDA14A02EB80021468012C07D10A461946FCF717FE02460B4658
:20AFE000012007E01068022808BF181CF6D000200023024687E80C0090BD30B50022044642
:20B00000F7F71BFC88B9002120460A46F7F7CBFC58B9904DE4010121002247F23053A5F1F5
:20B020001800201AF7F772FB08B1022030BD641B2168002011F0210F18BF012030BDB0B5F8
:20B040000446271CADF1340D03D111B1D1F8540208B1002031E08D8843F2C874AC4203D09E
:20B0600047F28C30A8421DD168460021342201F075FC802327208DF80130EF228DF8000046
:20B0800069468DF80220072338468DF80330FFF7B4FF48B9AC4205D13846F7F79FFE002162
:20B0A00050B908E0012008E047F28C320021AA4202D1012800D1012108460DB0B0BD002803
:20B0C00012BF0020A44951F82000704730B558B95F4982000024A14B9F4D8C50D158AC5055
:20B0E000491CD150FCF7BAF930BD10B5B1F8A430B1F8AA2004464FF6FF71ADF1340D9942C9
:20B1000027D0580825D3914201D050081ED268460021342201F022FC80238DF80130B02295
:20B120008DF8022027208DF800006946D8234F228DF8033020468DF80520C2238DF8063019
:20B14000FFF75BFF10B1401E03D005E00120014604E00021012001E0002108467E4A0DB065
:20B1600042F8241010BD30B50024C1F8C0420546A1F8CC42FFF7B9FF18B13548012440F88D
:20B180002540204630BDF0B5764A754E01F5207301F50B7C282701F504741CF8015B7F1EFF
:20B1A00086EA050602FB06F6F7D1142714F8015B7F1E86EA050602FB06F6F7D1082713F89D
:20B1C000014B7F1E86EA040602FB06F6F7D1624C8700241D3D192D1D2B6813B1E2599642CB
:20B1E0000BD0FCF7B7FC18B9002101202960F0BD012802D1E651012028600020F0BD30B5F7
:20B200000C4605463422ADF1340D0021684601F0A5FB272080228DF80000D4F874128DF8B7
:20B220000120002928460CBF402142218DF8021001248DF80C4040218DF807106946FFF798
:20B24000DCFE002100B9214608460DB030BDC04634F30008E0FEFF04F0B5061C0F4662D176
:20B26000FFF734FF002F5ED0D7F8540200285AD107F5207090E83000002D08BF002C52D05A
:20B28000D7F8A40200284ED007F5207003C807F51E7282E80300B7F800014FF6FF74844275
:20B2A00001D0C00806D230463946FCF7C3FC022806D050B930463946FFF765FF002832D0F4
:20B2C00030463946FFF74FFFF0BD01282BD1B7F80001844227D010F0060F24D1D7F85402C7
:20B2E00008BB07F5207090E83000002D08BF002C19D0D7F8A402B0B130463946FFF77FFF0F
:20B3000088B107F5207003C807F51E7282E8030030463946FFF7E9FE28B1134A0221012058
:20B3200042F82610F0BD0020F0BD28B90A49002201EB8000426082607047002812BF00200D
:20B34000094951F820007047002812BF0020034951F820007047C0463CF3000838F3000886
:20B36000C59D1C819301000134F300080B460146184661B10B783B2B09D18978532907D0EB
:20B380003B2B04D14D2902D1B0F5047F00D11046704740B101783B2905D18078532814BF39
:20B3A0004D281E4800D0C948C74909684018704710B5CC4C00210A46081B43680068184362
:20B3C00018BF002004D1521C01F18001F4D0012010BD10B5401E491E11F8013F10F8014FE3
:20B3E000A34218BF002002D1521EF5D1012010BD30B5782256230A7034244B70001D8C70DC
:20B4000012220423CA7010F8012B03F003040D5D5B1C52190A551A0AF5D030BD10260100B1
:20B420002DE9F0430646A848A84C0068171CADF5FE7DADF1240D044400F0AB800025002E56
:20B440003D6000F0A680B1F58C7F40F0A280FFF7D8F8002840F0EC80FFF7AAFF002800F0F5
:20B46000E78001A831464FF48C7201F097FA9E480DF103060821814600F10F0212F8010F89
:20B4800016F8013F984240F08480491EF6D19DF8100001287DD89DF81100002879D10DF1E9
:20B4A00011020A2012F8011F302972DB3A2970DA401EF7D1FFF7A5F8002840F0B980FFF792
:20B4C00077FF002800F0B480A84603204FF4783122464FF48053CDF80080FEF751FC002880
:20B4E00040F0F0809DF80D209DF80C609DF80E009DF80F10651E46EA02264FF4805246EA72
:20B5000000464FF0FF3046EA016615F8013F0821584043082CBF754B4346491E83EA50002F
:20B52000F7D1521EF1D1C043864232D107A920464FF48072FFF74DFF00282AD0611E4FF4D2
:20B54000807011F8012FFF2A03D1401EF9D1012500E04546204687A9FFF74AFFADB920466B
:20B5600087A90422FFF735FF98B19DF8100080B904F108000DF112010A22FFF72AFF014684
:20B5800004F1080000293FD0A6E09DF81000012801D00B20A1E0204641464FF4807201F092
:20B5A000DDF9062604F1120049460822267101F0F5F904F11A0009F11801102201F0EEF927
:20B5C00001225A2084F830201A2384F876004946082284F8773004F17A0084F8786001F043
:20B5E000DDF904F1820009F11801102201F0D6F904F19C0009F10801082201F0CFF9382129
:20B6000004F1080084F8A4100DF112010A2201F0C5F9204687A9FFF7EBFE2046042287A9E0
:20B6200001F0BCF9FEF7EDFF10B9FFF7C1FE08B90A2052E0012038609DB94146CDF800800D
:20B6400006200A461346FEF79BFB00283AD1424620204FF4783143460092FEF791FB0028E5
:20B6600030D147463E4613E000970620414642464346FEF785FB28BB06F57831A219009722
:20B6800002204FF48073FEF77BFBD8B906F58076002D14BF4FF480704FF48050B042E3D872
:20B6A000454605F578310097032047AA4FF48073FEF766FB30B9611947A84FF48072FFF7A8
:20B6C00088FE28B90D2008E0E4ED00081016010005F58075280BE4D040467FB009B0BDE805
:20B6E000F083C046CCFEFF04F4CF00082083B8EDA5480068704710B5401E491E11F8013F12
:20B7000010F8014FA34218BF002002D1521EF5D1012010BD00B5FEF774FFC0B9FEF77EF9FC
:20B72000A8B9FDF7A5F990B99849D1F8D80270B99748026812F00F0F09D10269C0681043F7
:20B7400005D101F58861102251F8040F08B1002000BD521EF8D1012000BDF0B504468E4834
:20B760008C4D00680026ADF5827D4FF478314FF480532D1800962A460320FEF755FA0028E5
:20B7800040F08A8004F1100128464FF48072FFF7B2FFF8B16F1E4FF480524FF0FF3117F856
:20B7A000013F082059404B082CBF7C4B331C401E83EA5101F7D1521EF1D1677A207AA37A85
:20B7C000E27AC94340EA072040EA034040EA0260884201D00B2066E0FFF79CFF40B304F52E
:20B7E000887128464FF48072FFF785FF04F58871002857D128464FF4807201F0CFF86249EB
:20B8000034460120324633460860062031460094FEF70AFA00283FD1FFF77CFF50B93146E1
:20B820000420324633460091FEF7FEF9002833D10E2038E0009420204FF478313246334653
:20B84000FEF7F2F940BB374600940620314632463346FEF7E9F9F8B907F57831EA190094AA
:20B8600002204FF48073FEF7DFF9A8B907F58077380BE9D0374604F578310097032001AACF
:20B880004FF48073FEF7D0F930B9291901A84FF48072FFF730FF08B90D2004E004F58074C7
:20B8A000200BE8D0304641B0F0BD2DE9F841051C17460E4646D03A4C0A2204F10C01FFF7B0
:20B8C0001AFF18B1002E08BF00205BD004F1180128460A22FFF70FFF002833D0B6F5047F41
:20B8E00030D1002F2ED0211D38460822FFF703FF002827D0387B28BB787B18BBB87B08BBCB
:20B90000F87BF8B9216807F58870FF220023844600911CF8011B042B01EA020205D36D460E
:20B9200003F003042E5D891929555B1C190AF0D0FF2A4FF0000604D069460422FFF7DBFE22
:20B9400018B916B90B20BDE8F8810F480068002818BF0E2016D1DFF84C80134D40462C680E
:20B960002861FFF7D7FE0E2608EA040440B1FEF7A8F828B13846FFF7F0FE0646FEF79DF8AE
:20B980002C603046BDE8F88100F200085CE90008280100FB10160100E4ED00082083B8EDD4
:20B9A0001CD000086000200030FEFFFF4170091201707047B0B504AF3D780C461146224615
:20B9C0000446A018FFF7F2FFA4186021C570022D817007D0E371180E20711F0C6771190AE4
:20B9E000A17104E0241D99B22046FFF7DFFFA818001DB0BD2DE9FC4F071C154600F0A98049
:20BA0000002D40F0A680202B00F0A180212B21D00D2B40F09E801029C0F09B80002110222D
:20BA200000F09CFF0024BC703C717C714325BD710226FE710D2038700C23FB70FDF7E4FA23
:20BA40000121F972BC723D737E737872FF23FB731021DFE074297CD30021742200F07EFF10
:20BA6000BE1C70212120F97000223870134601961C4604213846347002268DF80060FFF74B
:20BA800099FF8046284600F019FADFF890A140F2844B4FF47A7901240646012C29D0052CD0
:20BAA00027D0062C25D0022C0FD0082C07D00A2C12BF00230BFB05F01AF800302EE0FDF7E7
:20BAC0003DFA002300B1012328E00AF11D000BFB050090E80C00002B08BFB2F1FF3F05D8D8
:20BAE000B2FBF9F04002B0FBF9F317E04FF0FF3314E0E6B1012C01D1F368C3B1052C01D113
:20BB00007369A3B1062C01D1336983B1012C08BF336803D0052C0CBFB36873680420A2B255
:20BB20008DF8000041463846FFF744FF8046641C0D2CB2D9B8F1720F08BF4FF07408A8F1F3
:20BB4000040081B20198FFF731FF404661E0382901D200215EE00021382200F0FFFE002607
:20BB6000342502242020BE703246FD7004213870134638468DF80040FFF71CFF8046FDF7BF
:20BB800065FC0425034601228DF8005041463846FFF710FF01468DF8005022463346384655
:20BBA000FFF708FF8046FEF713FD334600B10123032238468DF800404146FFF7FBFE01464A
:20BBC0008DF800402A4601233846FFF7F3FE804600F0FCFC3546382803D1FEF723FD00B97C
:20BBE00001252B468DF80040384641460522FFF7E1FE01468DF80040062207233846FFF716
:20BC0000D9FE01468DF800401A4638463346FFF7D1FE01460846BDE8FC8FC046BFEB0008A8
:20BC20008F4800B50068052808D10020F9F7E3FB8020F9F7E0FB0020F9F77CFC00BD10B5A7
:20BC4000874C103CB4F8720040B194F86C0020F07F00802814BF0220012000E003202061ED
:20BC6000FBF781FB08B105202061FFF7D9FF10BD10B57B4C216801290AD0032906D1B4F894
:20BC8000480008B1F9F7B1FB00200EE005200CE08268002A08DDC1684368994204D1016802
:20BCA0008020F9F729FF01E004202060FFF7B8FF10BD90B56A4C2168022906D0042902D049
:20BCC0000520206012E00020FBE78268002A03DDC1684368994205D063490F6807B1B84779
:20BCE0000320EEE701680020F9F706FFFFF798FF90BD70B55C4C064604251C3C54F8040FFB
:20BD000020B10146304688476D1EF7D170BD574B024600B50846110A38BF1033920022F45C
:20BD200000729958884700BD10B5504C022004F108018B6A0A6B0B60401E0A6101F10401FE
:20BD4000F7D14B4901200860F9F7BCFF54342068804710BD10B5454C022004F108018B6945
:20BD60000A6A0B60401E0A6101F10401F7D1404900200860F9F7A6FF50342068804710BD16
:20BD80003C4A1368042B28BF01200CD202EB83035966116800F07F00511881F874001168A4
:20BDA0000020491C116070472F49086070472F4A030A38BF1032800020F400701150704764
:20BDC0002A49543108607047284A030A34BF3832303220F080008000083811507047254938
:20BDE0000A1D1268042A28BF012006D201EB820290644A680020521C4A6070471B495031AA
:20BE000008607047020A34BF184A1A4A20F0800080000838283211507047124810B500213C
:20BE20004FF40E7200F09AFD124C0021702204F1080000F093FD10491248104AA1610068B3
:20BE40000F49A26000F586300860FBF7BBFA00F027FE0D480D490E4AF9F7FEFC10BDC046F9
:20BE60004CF900083CF90008E4FB00088CFB00086CF9000884FB0008B3BC000871BC000822
:20BE800064F80008E4ED00083FBC00080FBD0008F3BC000890B5071C0FD18B4C6422002111
:20BEA00002FB0740183000F059FDF8000021182200EB0710201800F051FD90BD002818BF99
:20BEC000002004D1804AC10001EB00101018704730B97D496422183102FB0010016E01B953
:20BEE000002070474178007840EA012080B270472DE9F0475FEA00080F46ADF1180D6CD113
:20BF0000002F6AD068460021182200F027FD04224FF0010CBB5CD0194478801CFFF7E2FFFA
:20BF2000E10828BF142103D261082CBF0C21042144EA030550EA050642D081424DD8811873
:20BF4000B1F5FE7F49D80A2B35D30C2B33D814F0050F30D1042840D908283ED800240A2B21
:20BF600008BF0DF10C0E05D00B2B0CBF0DF1100E0DF1140E0A2B08BFE94605D00B2B0CBFCF
:20BF80000DF104090DF10809DEF800602EBBBB18061F254693F804A0E900761E03F1010361
:20BFA00005F101050AFA01F141EA0404F2D1C9F80040CEF800C08218101DB0F5FE7FA9D9A7
:20BFC00041496F461CCF4FEAC80000EB081009181CC197E80D0081E80D0006B0BDE8F08761
:20BFE0002DE9F04306460C4691461046984600211A4600F0B3FC042533465E5DE818427818
:20C00000801CFFF76FFFD10828BF142103D251082CBF0C21042181421CD8B0F5FE7F19D2FC
:20C020004719B7F5FE7F15D2B4420FD112F0050F0CD1421A904538BF4246491948465B18B4
:20C04000194600F0ABFC0120BDE8F0834519B5F5FE7FD2D30020BDE8F08370B5061C0D46B5
:20C06000ADF1640D2DD1002D2BD068460021642200F074FC284606216A462023FFF7B0FFA9
:20C080000024A0B108AA284631212023FFF7A8FF68B110AA284605211023FFF7A1FF30B1C8
:20C0A00014AA284635211023FFF79AFF00B944B10648012164221891694602FB060000F04D
:20C0C0006DFC19B070BDC0469CF20008B4F20008411A4FF0000058BF0120704701467D4822
:20C0E00001700020FEF786BE10B504460020FEF744FF002C0CBF002007207749086010BDDC
:20C10000F0B5754C164622680F460546002E40F095803AB1072A05D06169FFF7D9FF00280F
:20C1200040F08F80101C7DD0401E6ED0401E6AD0401E59D0401E4CD0401E26D0401E01D08F
:20C14000F7B181E00020FEF714FE00287CD0207A60B1012804D006280CD100F049FD0EE064
:20C160000220FCF7E8FFF6F7C2FA02E00120FCF7E2FF207A012802D8A561032060600FB9F5
:20C18000002059E00722104656E0E1680A461FB12846FFF79DFF78B128461146FFF798FFAD
:20C1A000002851D0207A06282EBF0020401CC0B2FFF794FF03203FE041F288304EF6602118
:20C1C00040192061491961610020FEF7CAFE0622D9E73FB121692846FFF77AFF002833D01A
:20C1E00001202FE0052027E0002F2DD041F2883105F57A734EF660204919E36004222161D3
:20C2000040196061BFE7FFB9D4E74FB121692846FFF75EFFC0B10020FFF760FF02200BE0AD
:20C2200000200FE087B141F288304EF6602140192061491961610120206005E022B1072A7F
:20C2400002D03846FFF750FF206A30B1E1692846FFF73EFF08B1002020626268002A2CD0A8
:20C26000022A25D0A1692846FFF732FF28B3012A16D0032A0BD0042A1FD100206060F9F71C
:20C280008BFC05F5FA65E56101202062F0BD6EB9F9F738FC11480568042005F57A750AE020
:20C2A00026B96D1CA56103206060F0BD0220FBE71EB901206D1C6060A561F0BD0649002019
:20C2C00008604860C860086148618861C86108620872704784EE00087CEE000830FCFFFF51
:20C2E00010B57349734B0C681A688218904208D91868824205D20868844202D31868824252
:20C30000F9D318688242FCD810BD70B5694D0E46C300012105F1740201FA00F4A3F56C7386
:20C3200014601A68800081402846B218001F1A600A465E6000F050FC214628460A467030E6
:20C3400000F04AFC70BD10B55B485A4C03684FF47A7104F1240200201060594342F8040C42
:20C36000491E51604FF4FA71FFF7CFFF0120FA21FFF7CBFF02206421FFF7C7FF4FF48021F0
:20C3800020460A46703000F027FC022120460A46103800F021FC10BD494A464910684FF45C
:20C3A0008023401C106078310B607047404A414910684FF40033401C106078310B607047AA
:20C3C00010B53E4C00212160C4F880103A48616100682161401EA06136484FF400310A4651
:20C3E000703000F0F9FB012120460A4600F0F4FBFFF7A9FF10BD334810B50068FDF729F8DA
:20C40000F9F772FD304C206818B930490120086003E0FCF76EFD00202060264804217830CA
:20C42000016010BD23480221783001607047284870B5016841F21A028A421ED1274CA4F170
:20C440001806244A316805468A4202D02248884201D100F0CDFBD5F89C0170B10720F0600E
:20C460002168490E09D3D4F89815C90AFBD2C6F8AC0540F20C40C6F8B00510480121883055
:20C48000016070BD10B50E4A0C49136830310C680419A04208D90868844205D21068834222
:20C4A00002D308688442F9D308688442FCD810BD2CF3000810FCFFFFE8ED000800FCFFFFC6
:20C4C00030F300080CC700FC4CE90008F0ED00083CF90008401408014214C8007CC100FC4F
:20C4E0002DE9FC43DFF80081404E2A2208F10205311D284600F052FA4FF0000908F12C044C
:20C5000038204FF478314FF480732246A8F800000320CDF80090FDF733FC002854D1306819
:20C520000421261D019016F8010B01AA01F00303D75C491CC019D054080AF4D09DF8040042
:20C540002178884240D19DF80500617888423BD19DF80600A178884236D19DF80700E178A4
:20C56000884231D104F1080128460A2200F016FA05F10A0004F11201082200F00FFA05F136
:20C58000120004F11A01102200F008FA05F1220749460822384600F0E1F921794646384691
:20C5A000052905D2617919B9A17909B9E17921B104F19C01082200F0F1F994F8A51094F85F
:20C5C000A40040EA01203080BDE8FC830648008828B14FF6FF71814218BF012800D1372049
:20C5E00070470148801C704760EF000894CF00082DE9F0413B4F3C483C4C4FF40E71002661
:20C6000040F28442C7F80C1131460660204600F0A5F9D7F8C0013146400C18BF0121344DA8
:20C620000028A9600CBF4B202820686000F0D4F9FDF748FCFFF7C4FEFEF702F82868EE2148
:20C640004FF4A03200F08AF900F056F9F3F747FEFCF77EFCFFF7E1FBFBF732FCF8F786FA16
:20C66000F6F782FEF9F798FAFCF7EFF900F052FA4FF4001800F061FAF7F734F9D4F84004E3
:20C6800004EB8000D0F84404F8B1D4F8402404EB82009300D0F83C13C7F8108003EBC20028
:20C6A000201800F55F708847D4F8400404EB8000C0F84464D4F84004C7F80080401C1028ED
:20C6C000C4F8400428BFC4F84064FCF737FAE8680028CFD0FCF7CCF90028CBD1EE6030BF1F
:20C6E000C8E7C04630FEFFFF10ED00E05CE90008E4ED0008642988BF64213A4AC2EB80202C
:20C700000268642389B2B2FBF3F25143416070473449091FC1EB8021096800290CBF642193
:20C720000021FFF7E7BF2F4901220831C1EB80200260704730B50346642988BF64212A4C06
:20C740002848246810250C3089B26243C0EB832064240560B2FBF4F3C26059430161012577
:20C7600040F8045C12240460456030BD64214FF47A62FFF7DFBF0146F0B51C48194B46685B
:20C780008A0200F10804D11A07682568096876B954F8274085687F1C1E2F0760A5EB040402
:20C7A00001FB04F1B1FBF5F40ED101210BE07F1E076054F82740A5EB040401FB04F1B1FB1B
:20C7C000F5F401D1002141601B1FD21A1460F0BD044910220C31C1EB8020026000210161A8
:20C7E0007047C046EC770800E8ED0008FCED000827482849C0F800132749C0F804134FF416
:20C80000E021C0F8241CFF210160704770B5FFF7EFFF224D4FF0FF30A5F1440420604FF460
:20C82000B0126060002044F8300C4FF47F0144F82C0C0A2044F8380C284600F0CDF9184E73
:20C840004FF47F414FF4A062304600F0C5F94FF47F414FF4A052284600F0BEF94FF47F411C
:20C860004FF4C0622846001D00F0B6F94FF07F414FF02062304600F0AFF90A4844F8100CB1
:20C88000202044F8100C402044F80C0C70BDC04600E100E0E0C0A0806040200084FEFFFF58
:20C8A00094FEFFFF530F600000204FF07D41254B8860254AC3F8E821C860244AC3F82422E7
:20C8C0008861C861704700214FF07D400161214A42611F4B81611D4A1A60C16170470022DA
:20C8E0004FF07D4106230A6019484B60164B8A603C380360CA6070474FF07D410022052055
:20C900000A604FF40042486012480A61401E4861FFF7CABF4FF07D40F021416400214164BD
:20C92000006C70474FF07D41086C086470470A480068C0F30010704707480068C0F3401052
:20C940007047C0463CF90008000010C0000014C060FB000806000080400000FDC0B58446D4
:20C9600086181CF0030F10D141EA012041EA002326F00302604641EA0323824205D0121AA9
:20C9800097107F1E40F8043BFBD1864204D0361A761E00F8011BFBD16046C0BDC0B58E1872
:20C9A00041EA0002034612F0030F0BD126F003028A4207D0521A971051F8042B7F1E43F8F0
:20C9C000042BF9D18E4206D0761A11F8012B761E03F8012BF9D1C0BD30B5184D1549012028
:20C9E0002C1F2060002008604860042002210A46E0632846383000F0EFF80F484FF080712E
:20CA00000A466060284600F0E7F80E480C4900684FF4E1334FF4613201FB00300721B0FB8A
:20CA2000F2F0A162401E8021E0620A46284600F0D3F830BD4CF300082200020204E5F7FF1E
:20CA400048E80100E8ED000830B58188552902D14188372901D0012030BD017821F07F0276
:20CA6000802A4FF0010119D14278702A16D1C088022813D10D480C4D4FF4863402682960B2
:20CA80006023A3540A4B016892255D540168022201F586318020F8F7F2FF0021084630BDE0
:20CAA00004494020FFF76CB94CF90008E4ED0008010C010049CA00081449B1F1FF3F12D040
:20CAC0000868091D78B151F8042B28B111F8013B401E02F8013BF9D1C91C21F0030151F860
:20CAE000040B0028EFD170474FF00060016881F3088807494FF000600860FFF7DDFF00F063
:20CB000059F8FFF783FEFFF773FDC04600CC000808ED00E00E490D4809684843400B40F60F
:20CB2000FF71401E814238BF081C0A4908600A4B41F8043C1F224A60704706484EF21A5125
:20CB4000083001604AF25C310160704748CA0600E8ED000894FCFFFF1253EDAC0A4801681F
:20CB60004AF6DC428A42416004BF4AF6BA310160001D7047044801684AF6BA328A4204BF57
:20CB80004AF6DC4101607047F4ED000800BFFDE700BFFDE700BFFDE700BFFDE700BFFDE708
:20CBA00000BFFDE700BFFDE700BFFDE700BFFDE700BFFDE700204FF4807240F8300C05492F
:20CBC00040F8302C4FF0FF30086648668866C8660860704740E0FFFF03680A408B431A43FE
:20CBE0000260704703680A408B431A43026070474FF400406FF01F0108607047FFF7F8BF55
:20CC0000C500000068F8000812010003000000095A1A05001001010203010A061002000015
:20CC200000400100040309041203540041004E004400420045005200470022035200440088
:20CC4000580020002000200020002000200020002000200020002000200020001A0330CAC5
:20CC600030003900380037003600350034003300320031003000050F2A000307100202001B
:20CC800000000A1003000E00010A0A001410040000112233445566778899AABBCCDDEEFF34
:20CCA00009022600010100C0000904000002080650000705830200040006300F0000000733
:20CCC00005030200040006300F0000000000000080000000FCED0008000000000000000090
:20CCE000001000006E0F0000D80E0000100E0000E40C0000500B0000C40900000008000083
:20CD0000A805000000040000D4020000000200006A010000FF000000B400000080000000EC
:20CD20005A000000400000002D0000002000000017000000100000000C00000008000000D1
:20CD40000600000004000000030000000200000001000000000000000D00000078F3000843
:20CD60000000000900808389B0B1B2C0C2C046C01200000088F30008700000000000000AB4
:20CD800000000000000000000000C0460E0000009CF30008090C00000000000000000000D3
:20CDA000000000001400000048E90008000000000000000000000000000000000000000026
:20CDC00010000000E4ED0008000000C0000000000000000000000000040000002CF300087F
:20CDE000000000000400000030F30008000000000C00000054F300080000000000000000A9
:20CE0000000000000C00000030F900080000000000000000000000000800000084FB000846
:20CE2000000000000000000004000000E0ED00080000000004000000F4ED0008BAAB0000C7
:20CE40000400000000F20008000000000400000048F3000800000000000000004F50454E5B
:20CE6000524458313031323334353637383941424344454673D528801AEFC032D3A5363721
:20CE8000B035F65D72809151B2F127C6B2050E9BACC76F3B982F8A4291443771CFFBC0B52A
:20CEA000A5DBB5E95BC25639F111F159A4823F92D55E1CAB98AA07D8015B8312BE853124C1
:20CEC000C37D0C55745DBE72FEB1DE80A706DC9B74F19BC1C1699BE48647BEEFC69DC10F68
:20CEE000CCA10C246F2CE92DAA84744ADCA9B05CDA88F97652513E986DC631A8C82703B06F
:20CF0000C77F59BFF30BE0C64791A7D55163CA0667292914850AB72738211B2EFC6D2C4D79
:20CF2000130D385354730A65BB0A6A762EC9C281852C7292A1E8BFA24B661AA8708B4BC217
:20CF4000A3516CC719E892D1240699D685350EF470A06A1016C1A419086C371E4C774827D8
:20CF6000B5BCB034B30C1C394AAAD84E4FCA9C5BF36F2E68EE828F746F63A5781478C884EC
:20CF80000802C78CFAFFBE90EB6C50A4F7A3F9BEF27871C6785634123733363032343238FC
:20CFA000383954414E44424552475244582020202020202020202020202031303130323007
:20CFC00031300000303130303031313054492D4453470000545553423932367854414E4447
:20CFE000424552475244582020202020202020202020202054414E4442455247313031307A
:20D00000323031305244585345523031524458202020202020202020202020207856341272
:20D020005244584D464730313B024D0000010000000000003B024D000000000210000000A0
:20D0400004060B000304060B50617373776F72643A00000042FBA7FB2B0932005E1BBEC2D8
:20D06000DB8245160800400040000002080040004000400000004000000200040000400020
:20D0800000020004FFFFFFFFFFFFFFFFFFFFFFFFFFFFFFFFFFFFFFFFFFFFFFFFFFFFFFFFA6
:00000001FF
