:020000040800F2
:2000000048E900080DC10008B9C10008C9C10008C1C10008D5C10008B1C10008B5C100089D
:20002000B5C10008B5C10008B5C10008D1C10008CDC10008B5C10008C5C10008BDC1000884
:2000400021C2000821C2000821C2000821C2000853BA000891390008213C000821C20008BD
:20006000D1B90008BDB900081BBA0008359C000821C2000821C2000821C2000821C200080E
:2000800021C2000821C2000821C2000821C2000821C20008E184000849BA000821C2000866
:2000A00021C2000821C2000821C2000821C2000821C2000821C2000821C2000821C20008E8
:2000C00021C2000821C2000821C2000821C2000821C2000821C2000849BF000821C20008A3
:2000E00021C2000821C2000821C2000821C2000821C2000821C2000821C2000821C20008A8
:20010000B44A10B502F1200090E818005069C0181269B14B127C4FF0000141EB040140F240
:20012000844404FB02320CCA994208BF90428CBF0C20002010BDF0B5A84E0C461546074681
:2001400070210422F01C317000210BF019FF0021042206F108000BF013FF347375733846A7
:20016000B070F0BD90B5071C4FF000041FD19A4940F28440784360310858C0B138460AF0A9
:20018000ECFBA0B138460AF0EFFB92491831096881420CD1AA49F801401A016801F00F01E0
:2001A000032904D150F8180CC00938BF0124204690BD2DE9F047874C824604F110000068E5
:2001C000DFF88082057C4FF060092846C8F81090FFF7C8FF30B92846002103F097FC0E2066
:2001E000BDE8F0872169087C8A7C514602F013FB0026071C1BD19AF80200612803D060288B
:2002000018BF371C00D101272846FFF7ABFF40B12169087C897C3A4602F0B3FB30B9082771
:2002200005E02846314603F071FC01260E27A6B92846FFF797FF70B9216981488A7C103815
:20024000C0EBC51001682846D14001F0010103F05DFC0E2707E0C8F80090062F02D0072F4E
:2002600001D1F6E70D273846BDE8F0879C48006870470A3806D0203804D0603818BFB0F1AA
:20028000200001D1012070470020704788280ADC882811D008380FD0801E0DD01E380BD0CB
:2002A000801E09D00AE08A3806D01E3804D0801E18BFB0F1140001D1012070470020704770
:2002C00002461078B0F185014FF0000018BFB1F11C0103D19178890928BF0120704710B55F
:2002E0003C499A4C41F21403002297484B6023688A60C018086006F044FB10BD0346B1B13B
:20030000774A083210680068807802090FD310F0030F0CD0086A50B1B0F5805F07D8042B2A
:200320004FF0010004D0062B02D00A2B00D00020704710B5002469B18A78EC2A0AD10428A8
:2003400008D10420FFF7DAFF20B1086AB0F5007F08BF0124204610BD024680B5002059B1A4
:20036000032A09D1774A12681268927812F00F0F02D10F6A07B9012080BD10B5024681B1EE
:200380008878B0280DD148794F280AD18879C22807D1C878D03801280AD9401F08D0401FE7
:2003A00001D0002010BD1046FFF7D6FF04460FE0042A4FF000040BD10420FFF79FFF38B137
:2003C000087B012804D1086AB0F5007F08BF0124204610BD58F30008E0EB000890F3000836
:2003E000C0B5071C21D0574802681168887800F00303022B19D1C00817D30B78387B852B4D
:2004000005D14978490824BF797B40EA012060B1137CC24A40F28441594356582EB14FF0C7
:20042000FF31B1FBF6F1814201D20020C0BD3A6A70430021904208BF01210846C0BDC046C2
:20044000D8FEFF0430FEFFFF30B50546FFF771FF18B92846FFF791FF08B1012030BD887875
:2004600040280CDC402815D020382AD0001F28D0401E16D0801E0DD0801E22D00FE04238BE
:2004800008D082381DD0001F0BD01D3818BFB0F1130004D12846FFF75FFF04461EE0002004
:2004A00030BD0024062D18BF0A2D08D12846FFF725FF20B10846FFF793FF00B101242046A6
:2004C000EBE7042D4FF0000408D10420FFF716FF20B10846FFF784FF00B10124204630BD0D
:2004E00060F30008B0B5044616480068007C0F4630B92FB10AF031FA01280ED0022801D06B
:200500000020B0BD08F0B2FC20B120463946FFF79BFF00E00120054611E020463946FFF74A
:2005200008FF012558B92046FFF727FF38B9B878E52803D12046FFF70FFF00B90025284643
:20054000B0BDC04668F3000810260100F0ED00082DE9F041AF4C216908684078ADF1340DD6
:20056000C0F3430838F0010000F0DC80B8F1030FC0F2D680A64DB8F10C0F10DDB8F10F0FDA
:2005800040F0CE80206829460E220BF019FD206821698860216909200E22CA60C7E0684649
:2005A000002134220BF0ECFC8020294627224FF0000C23698DF80100891C8DF80020186862
:2005C00081F800C00278A12A30D000791A688DF8030090798DF80C00107A8DF80400907A63
:2005E0008DF80500107B8DF80600507B8DF80700907B8DF80200D57B501C8DF80F50067854
:200600000627042576082FD380788DF80B0050798DF80D00D0798DF80800507A01268DF8D5
:200620000900D27A0E708DF80A201AE0C07819688DF8030008798DF80C0048798DF80400A1
:2006400088798DF80500C8798DF80600087A8DF80700487A8DF80200C87A032504278DF8D2
:200660000F0023691868401C40781968C0F340100590887810F0030025D0401E08D0401EA6
:200680001FD14878400838BF3D1C04D33D4604E04878400801D2485D05E04A19485D12F85D
:2006A000011C40EA0120089018688078C0080CD3197C1A4A089F40F28440484310587843D7
:2006C00002E0586800E0604608909DF80200EC2812BFA1284FF400700890089F604627B1A5
:2006E00019688978090938BF0120069069464046FFF7F8FE68B92069007C0AF02EF9022826
:2007000005D108F0B3FB002818BF15200FD10A200DE06846FFF74DFD09E0C04608EC000859
:200720000B2004E0087C012103F0F0F900200DB0BDE8F08102460846111C00D108B90020C0
:200740007047AB4A40F2844303FB012211684FF4F813B3FBF0F051B9516A19B1B049096885
:20076000012904D0B0F5807F88BF4FF480707047F0B5144602780025083A0ED0921E0CD05C
:200780001E3A20D0921E1ED05E3A13D0921E11D01E3A0AD0921E08D004E007790FB94FF43E
:2007A000807714E02F46012511E08279C379067A477A03E0827AC37A067B477B43EA022399
:2007C00046EA032601E0C679077A47EA0627954840F2844202FB0102906B10B1166816B9E3
:2007E00010E04FF400764FF0FF32B2FBF6F2BA4208D328B108463146FFF79CFFB84201D377
:200800007E4301E00026032526602846F0BDC046A4F3000858F30008F0B50F1C08BF012097
:2008200000F0BA80067800213246552A43DC552A00F091801E2A24DC1E2A00F0A880122A75
:2008400012DC122A00F0A180002A00F0A080D21E00F09B80521E00F09280121F00F0958080
:20086000961E00F096808EE0B2F1150600F08480761F00F08A80761E00F08980B21E76D06C
:2008800081E02F2A0CDC2F2A00F08180B2F123067BD0B61E79D0F61E77D0B21E79D072E072
:2008A000B2F1350673D0B61F5AD0F61F53D0B6F10B026AD067E0A22A19DCA22A30D08F2A65
:2008C0000BDC8F2A63D0B2F15A065ED02B3E32D0F61E5AD0B21E5CD055E0B2F1910656D0DA
:2008E0000D3E2FD0B61E50D0721E24D04BE0E02A0ADCE02A49D0A83A47D0921E49D0521FC5
:2009000045D0921F0CD03EE0A2F1E106012E3ED9B61E022E39D9F61E39D0B21E35D032E03D
:200920008479C279037A457A224313431D432ED0A22E2AD02DE0807810F0030F27D0000949
:2009400023D226E0847AC27A037B467B224313431E431AD11BE0C279067A164317D018E02E
:200960008379C279067A1A43164310D011E0C278067916430BD00CE0067946B109E0407849
:20098000400904D305E0012105E0802002E0052101E0084638600846F0BD90B50446081C2E
:2009A0001BD07220B0492070087800F00F006070887AA0700020CA7A20716071A071E270A7
:2009C0008F7A87B9C97A1D290DD10E2204F10800A649E2710BF0F4FA06E0A54920461222A1
:2009E0000BF0EEFA0A20E07100BFE079083090BDDCEB000800780A380ED020380CD0001F42
:200A00000AD0143808D0483806D0001F04D01C3818BFB0F1040001D101207047002070473E
:200A20006CF9000808EC00082DE9FC470021044634220BF0A5FA8F488F4A006810300178C8
:200A400040F2844A0AFB01F15758002F0CBF402142212722A170DF4D22708021617090F820
:200A6000008095F8252095F8243095F8236095F8227095F821C095F820E0D017D9174FEA09
:200A80000029100E49EA0000120201431343180E0A021B02F117024311431E43F8170A02C2
:200AA000330E36021A4310433743634601023E02380E43EA06020143130E16024FEAEC701A
:200AC0004FEAEE7240EA010738021843774602436B4647EA0601404609F07EFD002808BFE2
:200AE00000202FD09DE80C009DF8000020719DE80300170E1E021A1C62729DE80C00000AAE
:200B00000906084360719DE803001A0A000C0904A2720843A0714021E17147EA0600C0B219
:200B200020722A69D94F127C0AFB0272D2F874721FB900F00F000143E171287D2073697D26
:200B400001206173BDE8FC87A248D0B501690A6811780027083968D0891E66D01E390AD0F6
:200B6000891E08D05E3930D0891E2ED01E3918BFB1F1020175D15178090903D30122016963
:200B8000C2610A68917880F8231001690968CA7880F822200A7980F821204A7980F820207E
:200BA0000A78A82A08D0AA2A06D04A7AD20828BF0B27CB79097A35E0CA7AD20828BF0B2795
:200BC0008C790B7ACA79497A28E0D17BC90828BF0B275178090904D301220146C261096996
:200BE0000A6896780EB9D67806B10C27117980F82510016909684A7980F824208A7980F86A
:200C00002320CA7980F822200A7A80F821204A7A80F820208C7A0B7BCA7A497B42EA0422F5
:200C200043EA022341EA032115E05179C90828BF0B27517801F01F0180F82210016909680B
:200C40008A7880F82120CA7880F820200E79466116B94FF48071416127B9466906B90B278C
:200C600000E001273846D0BD92F30008A4F3000890F3000868F30008DCEB00082DE9F0472B
:200C8000544C21690E68307800270925252800F0A7809E2840F0A280F07BC00828BF0B25F1
:200CA0007078102840F0EA80092D40F0E880B37AF07A327B767B40EA032042EA002256EA9C
:200CC000022A00F08980DFF8C4C1087C40F2844E0EFB00C000F51E7090E80C0001264FF0D5
:200CE0000009B046B2EB080273EB090318462368060E1E702368060C5E702368060A9E7045
:200D00002368061CDE700602130E334326683371130C06043343266800067371160A46EAA0
:200D20000003206883712068C271087C2268764606FB00C090F8A3021072087C226806FB30
:200D400000C090F8A2025072087C226806FB00C090F8A1029072087C226806FB00C090F892
:200D6000A002D072206807730A7C206806FB02C292F8A8224273097C06FB01C101F52B72D6
:200D8000B1F8B4121368591A09B28B4201D0002900D53946C1F305238373C17356695EB14C
:200DA00096694EB1817B41F080018173D6691EB1817B41F0400181731030394610220BF037
:200DC000DFF8BAF1200F2CBF202757463048016855E0C04658F300083D4650E00A254EE014
:200DE000707AC00828BF0B25307A400828BF0B25B3783279F07876791843024316433DD1ED
:200E0000092D3CD1087CDC4A40F2844303FB002C9CE8C0004FF0000901239846B6EB080685
:200E2000304677EB0907002F08BFB0F1FF3F24BF4FF0FF304F4626683B02020E1A43327035
:200E400026683B04020C1A4372702368020A3E0632439A702268D07022689CF82B0010718A
:200E600022689CF82A00507122689CF82900907122689CF828000827D07100E00B252068D3
:200E80008860CF602846BDE8F087C04668E9000868F300082DE9FC4FC64C216908682768F3
:200EA000467836F0080640F006818278DFF808830026931112F03F0F02F03F09019300F055
:200EC000B180B9F1310F00F0AD80B9F1330F00F0A980B9F1340F00F0A580B9F13F0F18BF04
:200EE000B9F1080F40F09C80087C40F2844909FB0080D0F8D80248B107F0BCFF30B907F0B1
:200F00004FFD18B92069007C01F056FF2069006801781A292CD0427A4178D20828BF0B2659
:200F20000025C379027A3D701A207870BD702069007CC1F3001B42EA032209FB0080D0F867
:200F40008802009200280CBFAA464FF0100A07F08DFF00280CBF281C802040EA0A00F87043
:200F600087F804B07D71BD714FF0080AFD7120E04179C90828BF0B260079009017213970D6
:200F800000257D702069007C09FB0080D0F8880200280CBFAA464FF0100A07F067FF0028A3
:200FA0000CBF281C802040EA0A00B8704FF0040AFD70002E40F0DD800AEB070B2946142205
:200FC00058460AF0DDFF08211220019B07F80A10012B0BF10101087013D02069007C09FBFF
:200FE0000080B0F8AA00800934BF281C042048702069007C09FB0080B0F8AA00C0090AD203
:2010000008E04D702069007C09FB0080B0F8A400C00900D320250AF11400CD72C0B29DE038
:201020000B26A6E001781A2942D0417AC90842D2C57990F808A03146082238460AF0A0FF65
:2010400007F014FF4AEA052ACDF800A000280CBF301C8020F870206900684078C0F300100B
:20106000387120690068407800091FD2082207F108003146FA710AF083FF2069007C40F265
:20108000844101FB008090F8A20278732069007C01FB008090F8A102B8732069007C01FB20
:2010A000008090F8A0021025F8733AE0082538E04179C90802D30B20BDE8FC8F00793146DC
:2010C0000422009038460AF05BFF07F0CFFE00280CBF301C8020B87020690068407800090B
:2010E0001ED20822381D3146FA700AF049FF2069007C40F2844101FB008090F8A2027872D0
:201100002069007C01FB008090F8A102B8722069007C01FB008090F8A0020C25F87200E0D3
:2011200004256168B9F1000F0BD0019BE819491B4A4608F04DF92818C0B2854208BF0B26E9
:2011400000E028462169096809781A2904D000213970851E7D7001E0411E39704EB9009FC5
:20116000216822698742916098BF381C21690926C8603046BDE8FC8FE0EB0008734BF0B539
:2011800040F28442044602FB04F0185800250E4668B177685FB1204609F0DFFB874206D152
:2011A000204609F0E1FB3168814208BF01252846F0BDC04658F3000868E90008F0B5071C16
:2011C0000E4606D12EB1614940F284407843085808B90020F0BD384609F0BFFB706038463D
:2011E00009F0C2FB60245D4D3060314638462C61FFF7C4FF584A50B15649F801131DC31AF8
:20120000801A196000220AF0FFFF012004E00020C2EBC711086040242C60F0BD2DE9F043A9
:201220004B4FDFF83C91144688460646082C0AD148460068827C0121C7EBC610914000225C
:2012400001F052FA0446F5017CB148460168EB1B8A7C1868012101FA02F2024205D03046C1
:2012600002F054FC0E20BDE8F0833C4F6020414638613046FFF782FF0646374846B13CB917
:20128000A0F10C01691A096811F0210F18BF0D24304A011D691A0A601EB900200E2448602D
:2012A00004E02D1A114628460AF0AEFF402038600EB1202038602046BDE8F083F0B5074698
:2012C00027480068047C0D46002FADF13C0D08BF002039D01D4940F2844060430E5836B310
:2012E000204609F03AFB022821D16846002134220AF046FE27268DF800608DF80C70012186
:201300008DF803100620069180238DF802003A0A8DF801308DF80D2040268DF807607902D5
:20132000089135B120460DA9FFF748FF08B90E200AE06846FEF73DFF02462DB120460DA9DB
:2013400042F21073FFF76AFF0FB0F0BD40EC0008C8FEFF0401000040ECFEFF0430FEFFFFB4
:2013600068F300082DE9FF4FDFF83883D8F81030DFF8E0B21A68191D501C0C7B1E7CC77916
:2013800040F2844A0AFB04B4D279D4F8C05247EA0227002D40D00278520829D2007AC008BF
:2013A00026D2002F00F02681082F21D3B7F5006F1ED8086887421BD8DFF89C92A44DA34C22
:2013C000D9F800003A462918241820460AF0F8FDA178E07840EA012010F00F0F08D1083FF0
:2013E000874205D34146096949680839814201D20B2000E10009019000F0FC8048460168C2
:201400000AFB06BA0AF51E7ABAF8540000266D18042803D2834618B90A20ECE04FF0040BE0
:201420004FEA4B222846314602920AF0A9FD08344FEA8B10019F0090002F00F0D38000201B
:201440000390217A607AA37AE77A40EA012043EA0021237857EA01274FEAE3714FEA012280
:20146000617894F807804FEA136042EA00024FEA03204FEAE17343EA020341EA00014FEA26
:2014800003224FEA116042EA0002A0784FEA01214FEAE07343EA020340EA01004FEA032295
:2014A0004FEA106142EA0102E1784FEAE17343EA02034FEA032223794FEA002041EA0001BC
:2014C0004FEA116042EA00024FEAE37040EA02004FEA01224FEA0020194641EA02014FEA01
:2014E000116240EA020062794FEAE27343EA00034FEA0320A3794FEA012142EA01024FEA79
:20150000126140EA01004FEA02224FEAE37141EA000118464FEA012140EA02004FEAE8739E
:201520004FEA106241EA020143EA01094FEA0022434643EA02084FD09AE80300894508BF47
:2015400080450AD29AE803000022B0EB080071EB09018A4208BF874201D90C204BE0009815
:20156000B0420BD158460121FFF7A8FE002842D1029A284600210AF003FD00264FF6FF7007
:2015800005EBC603B84288BF381C4FEA18214FEA096283F8008011434FEA09425970761CB9
:2015A0004FEA18413F1A11434FEA092299704FEA18611143039AD970494619714FEA192107
:2015C0005971014618EB010898714FEA102149EB0209002FD971C2D101981034401E019064
:2015E0007FF42FAF36B106F13F040021A009FFF765FE00E000200090BDE8FF8F294A10B55B
:2016000013691C7CADF13C0D02F1200383E80300012050616846FFF707FA20B120460DA9E7
:20162000FFF7CCFD08B90E200DE06846FEF7C1FD02460DA94FF4FA632046FFF7EFFD0028A0
:201640001CBF0E2810200FB010BDC046101E01001016010068E90008F0ED0008F8B5114C19
:20166000206922680368E7681878E03808282DD8DFE800F05F5C1A56534B452E05C05F7831
:2016800027BB9F7817BBDF7807BB1F79F7B9587980281BD11046802108F0CFF8B0B1802002
:2016A00037E0C04658F3000887B100242146062000940A46134609F0BDFB2146C720009401
:2016C0000A46134609F0B6FB2046F8BD0A20F8BD002000905E78DD78197998785B7940EA42
:2016E000062045EA0025032041EA052109F0A2FB20682169886021690868407925E004F0C0
:20170000EFF90AF087FD0020F8BD114801780120117021682269916016E00821012001E0F4
:201720006021922011702168487009E00120E060E9E70AF025FD0146206802220AF040FC55
:2017400020682169886002202169C8600920F8BD40F900082DE9F04F0646307CADF5DA7D56
:20176000002818BF012040F0B387C34C0021182204F1100528460AF003FC2661307C09F0D8
:20178000F3F83168A0610878E02805DBE82803DC707C062800F06387DFF82C83307CDFF870
:2017A00024A340F2844909FB0080D0F85402002840F0F5862069C54E017C09FB0181D1F886
:2017C000D8726C963FB107F055FB002700B1012730460068E7B101680978032918D01229D7
:2017E00016D04D2914D01A2912D05A2910D015290ED055290CD01E290AD01B2908D0A229A3
:2018000006D03B2904D01D2918BFA02940F025870068FFF7EFF820B107F028FB002840F070
:20182000BC862169B54A0868D2F800C0DFF8D0B203781A463B2A3BDC3B2A00F05F831B2AB7
:201840001CDC1B2A00F01284002A00F07986D21E00F05886521E00F04786121F00F05281CD
:20186000921E00F04F81083A00F07784D21E00F0B682501F00F08B8600F084BE1D3A00F0CA
:20188000B383521E00F09783521F00F04183921E00F07A86D21E00F03581921E00F03281EA
:2018A000521F00F0C080921F00F0718200F06ABE912A1CDC912A00F06A82423A00F06A8635
:2018C0000B3A00F0EB82083A00F08982521F00F05E862B3A00F0BE86D21E00F01381921E27
:2018E00000F01081521F00F09E8000F04BBE9E3A00F04A86921E00F00082521E00F0AA86A5
:20190000521E0BD0921F00F0FD80921E00F0FA80521F00F08880921F40F034868579C17908
:20192000027AC67A477A41EA052142EA0122F10847EA022723D2A22B4FF0000620D1417886
:2019400020291DD1057935F07F0525D18378C2786168206842EA032292B205F0F1FA30B94F
:201960006C9866490068D1F800C0006808E021682269B842916088BF381C074619E30B265F
:20198000057935F07F0507D1D948B84238BF0B2607F2FF10450A05E04FF6FF70B84238BF24
:2019A0000B263D46002E3CD16E0258460021324660440AF0E5FA02A8002134220AF0E0FA1F
:2019C000272080238DF808008DF8093077B1216908680278A22A14BF5F225D228DF81450AE
:2019E0008DF80A202A0A8DF80C200BE021695B2208688DF80A2003780022A22B08BF0122EE
:201A00008DF81020407809688DF80B00C8788DF80D0088780A968DF80E0002A8FEF7C9FBF0
:201A20000646304667E12F3B4FF0000703D0603B24D0203B4CD13846687528752069006829
:201A40008178E974C178A97401796974417929740178AF2906D0417AC90828BF0B27C37924
:201A6000007A2AE0C17AC90828BF0B27C279037A8179407A1DE0C04658F30008C17BC908EE
:201A800028BF0B2786780EB9C67806B10C270079687520690068417929758179E974C17910
:201AA000A974017A6974417A2974C27A037B817A407B42EA012243EA022340EA032060613A
:201AC00007E0C046D0F3000868E9000868F300080127381C40F00F81FEF712FB002840F0FC
:201AE0000A816169002900F0068129A8FEF79CFF002800F0FB8029A8F5E0C046F0ED00086C
:201B000010160100FFF720F8002840F0F480FEF7F7FA002840F0EF802069007C676909FB3E
:201B20000081D1F8A4623146FEF704FEB842C0F0E180DFF804B3DBF800304BB95046006849
:201B4000806806FB07F188423CBFB0FBF6F0606152A8002134220AF013FA2769386800786D
:201B6000FEF787FB8023064627208DF84801687D8DF84931C117020E0302287D0902114315
:201B8000C2170A43184311020302020EE87C1143C2170A43184311020302020EA87C1143C3
:201BA000C2170A4311026A7C1843030E19430302D01708431A430002110E0843297C130284
:201BC000CA170243387C19436B468DE8060008F003FD002800F08A809DF800008DF84C0122
:201BE0009DE80300000A090608438DF84D019DE80300000C090408438DF84E019DE80300DE
:201C0000050E080205439DE80300081C8DF851019DE80300402723698DF84F7110338DF854
:201C20005051080A8DF8520100208DF85701197809FB018101F51D714F6A1FB1DBF8002005
:201C4000012A27D0E7692EB90A68002A0CBFC821252108E00A68002A08BFCA2103D0002F5D
:201C600014BF3D2135218DF84A118DF84B0161698DF853018DF8541142B9ECB29DF84F2101
:201C80008DF8550104F00F0414431BE00A0A8DF8552119E0002E14BF6122602261698DF8B3
:201CA0004A21E7698DF84B110A0A8DF853219A788DF85501D2008DF854212FB19DF84F41BD
:201CC00044F080048DF84F418DF8560158965690012259921A7809FB0282D2F8A4225790E8
:201CE00052A851435A91FEF764FA04E00E2002E000FEFF010B20074647E08779C179027AD1
:201D0000C37A457A867841EA072142EA0122D90845EA022534BF00270B27C1780279437835
:201D2000407919430A43104318BF0B27022E2BD8102D29D34FBB206800260670206846700D
:201D40002068867020680821C1702068374646602168062201EBC7010E7201F10A004F72D6
:201D600031460AF00DF97F1CF2D02068216988602068C01C01780831A9429CBF057808357F
:201D800020690927C56000E00B2738466BE1352B07D0912B03D1C07BC00805D37CE00A2061
:201DA00061E1407AC00877D20FA8002134220AF0E7F8272180208DF83C1027698DF83D0004
:201DC000387C09FB0080D0F8740200280CBFE720EA208DF83E000FA8FEF7EBF943E15D466F
:201DE000152B654405D0C179077A467A47EA012701E00779467929463A4607F0EDF903283A
:201E000040F03181F00880F0BB83206901684878420880F0B58340093ED3002F4FF00000CE
:201E200000F021810978152908D0AB79E979082241EA032104E0C0466CF90008E97804229C
:201E40007F1A8918BF1A6D18002F40F30C814FF027094FF08008EF2629786C7801F03F01FA
:201E6000082914D145A8002134220AF089F88DF814918DF815818DF81661287B800934BF0D
:201E8000AA2055208DF8170145A8FEF792F93F1BBF1E002FE0DCE6E00B20E4E04778C27928
:201EA000057A002F45EA022540F06A83C778002F40F066830779002F40F062834779002FC7
:201EC00040F05E838779002F40F05A83427AD20880F05683837866680A7C2068314603F095
:201EE0003F0305F015FA002800F04A8321682269A842916000D8054628461AE34968002960
:201F00000EBF00255D4665442A4604F0D3FEA8E3427AD20880F03483C279077A57EA0227E0
:201F200060D0206800250570206845702068857020681022C01C0270097C09FB018303F588
:201F40001E7106C90026114606BF0029D3F878124FF0FF310A0E427022680E0C5671226835
:201F60000B0A93712068C1712068022606722068457220692168007C09FB008090F8A102EA
:201F8000887220692168007C09FB008090F8A002C8722168082201F10C00091D0AF010F8F8
:201FA0002068057421692068142F8860A8BF1420A1DA38469FE74279D20880F0E1820079E8
:201FC00000F0010540080CD3087C09FB0080D0F8D802002800F0BF8006F04CFF002840F04A
:201FE000BA80A56000203CE34179C90880F0C882C37802795D466544294642EA032207F065
:20200000A2F8014603292FD120690268501CC778D278174340F0B482007800F00F00042868
:2020200022D100200021FFF7E9FA011C1CD12069007C09FB008000F51E7003C8012200236C
:20204000801A9941FFF7DAFA011C0DD12069007C09FB008000F51E7003C8CA074008490806
:202060001043FFF7CBFA014608463BE24279D20880F086820079820853D2087C09FB008063
:20208000D0F8D802002866D006F0F4FE002862D138A80021342209F073FF272180222069C8
:2020A0008DF8E01001688DF8E1200979490822D2017C09FB0181D1F87472002F0CBFE72141
:2020C000EA218DF8E210007C36A9FFF777F8002841D038A8FEF76DF802462069007C36A91F
:2020E00047F23053FFF79AF8002840F0FB81E0208DF8E20011E0002068752875E874A8745E
:202100000F27687401262F7438A86661FEF78CFC002808BF0E2000F0E58138A8FEF749F836
:20212000E0E140080CD2FEF7A1F838B907F0A1F900287FF457AF06F057FE53E7142090E2DC
:20214000087C09FB0080D0F8D80220B106F092FE00283FF447AF0E2083E24279C578037926
:202160008778D20843EA052A80F00A824078E44D400859D2002F40F099812746386800212B
:20218000402209F0FDFE20688021417020680626867020680226C67020683B23037120689D
:2021A000082205F11801083009F00AFF206805F120011022103009F003FF20682B1D0422AA
:2021C0001946203009F0FCFE2068382180F8241020680322D9A1253009F0F2FE206880F86B
:2021E00028602068572180F829102068502580F82A502068042380F83A302068602280F8A4
:202200003B20206880F83C302068C02680F83D602068172580F83E50216830233A4681F8D5
:202220003F301069402653E120686668B02F02460EDCB02F6DD0002F00F03F81803F00F00B
:202240001C81FF1E00F03481B81F00F0C0802DE1B13F3BD07F1E15D00E3F09D0BF1E40F05A
:2022600025810A7C314604F0E5FE061C08D02CE10B7C31461A4604F04DFF061C40F0258147
:202280000D202FE120680021082209F079FE2068B221417020680427C01C07702169097C9D
:2022A00009FB018101F530710F686FB1802282704F684FB1827842F0020282708F681FB136
:2022C000817841F0040181700826FEE020680021402209F055FE2068002101702068B12206
:2022E00042702068817020683C27C77021690A7C09FB0282D2F8D872002F66D0B2F8CE22E6
:202300008280097C09FB0181B1F85011871D39805BE020680021402209F032FE2068B02181
:20232000417020683C27C77020680126C6712069007C09FB0081D1F8A012FEF7FBF922686C
:202340005FFAB0F1117223685FFAA0F75F7225685FFA90F6AE722568E8722568297321688F
:202360004F7321688E732168C8732069007C09FB0080B0F8CC22900A18BF4FF4806225690A
:202380009005A0EB8210030A00F47F46020603F47F4342EA0622134343EA10634B61287C6A
:2023A00009FB0080D0F8C0721831002F0CBF00237F231A0A180603F47F4502F47F4240EAB9
:2023C0000520024342EA13620A6040267DE0206800214FF40F7209F0D3FD20680021017075
:2023E000206889274770226843F6020305F1080102F108005380062209F0E2FD206805F1DB
:2024000010010822103009F0DBFD206804222946203009F0D5FD2068342180F82410216925
:20242000097C09FB0182D2F8D8721FB392F80112C90924BF402180F82510263002F20221DD
:202440000C2209F0BDFD2069007C09FB0080D0F8540200280CBFEC20A120216881F83800FA
:2024600021692068097C4FF400723C3009FB018109F0A6FD4FF40F7627E000231370802766
:20248000477083701422C270097C09FB0181D1F8D87227B9001D202109F072FD04E0001D65
:2024A00001F5047109F08CFD18260EE00B2019E0314604F02FFF064607E00D2E88BF0D265E
:2024C00020688749324609F07BFD6C9827460068396808305645016098BFB246226909200A
:2024E0005146D160014608E042790B21D20804D2407810F0170F08BF00210846B1E0C046A3
:20250000E0C5000841790579C90839D2417831F0010735D18778002F32D1C77887BB2068D8
:2025200001F00101FEF739FA21682269A842916000D8054621690920CD6092E0524458002E
:202540004079C0081CD2087C09FB008101F53871086888B91CA80021342209F011FD8027CA
:202560008DF87170E5268DF8726027208DF870001CA8FDF71EFE74E000220F200A6070E024
:202580000B206EE00A206CE0FEF778FB69E0FEF781FC66E0FEF7E6FE63E0152470E02069B5
:2025A000017C09FB0181D1F8D872002F55D000680178A12902D1407A00284BD1852949D06E
:2025C0005FA80021342209F0DBFCA027FF268DF87E7155468DF8816127208DF882618021FB
:2025E0008DF87C012B688DF87D1103F108000168202912D3012221698DF87F21097C09FB45
:202600000181D1F8707247B10079802805D19DF87F0140F004008DF87F01226911680878CC
:20262000FDF727FE65900878FDF730FE074666979868679047B9B0F5805F02D8187B802810
:2026400002D14FF480506790527C68A809F0B8FC5FA88EE7FDF77CFF03E00E2423E0FEF71A
:20266000FDFF002804462DD009380C282FD8DFE800F0292624201D1A17120E2E2E0A07C08E
:202680002721002205E05321022205201DE074210822072019E0122404203E21032214E080
:2026A0000620282107E002203A2104E00420442101E005202121002207E0242100E0202123
:2026C0000022E2E7002001460246FDF734FD20466DB0BDE8F08F0349002008607047C04603
:2026E00080F3000860F300082DE9F041002B17460E4605460EDD1C464FF000082868304002
:20270000874209D04FF47A7009F0FCF809F027FD641EF3D14FF002084046BDE8F0810B4664
:202720001146AD4A10B5C2EBC01004681A1C084618BF147008B1210A017010BD98B5044605
:202740000DF101016A46FFF7EAFFA44A40F284416143501800F534704768002F41D19DF8DB
:2027600001305B0842D39DF8007037F07F0734D19DF80030DB0923D29DF8000080091CD24F
:202780009DF80000400915D29DF8000000090DD29DF80000800806D29DF80000C00825D3AD
:2027A00000210A461BE002203A211CE006205A21012219E00520212115E00620282112E0BA
:2027C000007801EB80015218D2F80803002807BF032011210720272105E0472103220B2086
:2027E00002E0042044210022FDF7A5FC98BD10B5794C04F108010022C1EBC01401212046B0
:2028000009F002FD4FF4004100224FF4FA632046FFF76AFF10BD2DE9F84F0F466F499046A8
:20282000034640F2844202FB03F0081800F527718E6B002E18BF062040F0A180097841453E
:2028400038BF0120C0F09B8063491839C1EBC31151F8044C09684FF0010B0BFA08F2214360
:202860000A4240F08B80CA4E31687A695C024FEA082504EBC32400EB88036118681803F53C
:202880003A71009100F581300A603946142209F097FBA146B878BF4CAA46A0280BD131685D
:2028A0002046494440380AEB010207F124018018102209F085FB3D6AD6F800E085B309EBD4
:2028C0000E005044201847B3F9693368002429B1BE69002E0CBFB04AB04A01E0B04AD21850
:2028E000002914BF4FF4F8114FF48051A94214D3D7F818C02E462146B6F5783F34BF331C84
:202900004FF4783302604160641C5D1E8160F61AC56000F11000EFD106E05846BDE8F88F44
:20292000D7F818C000210C4609EB0E024FEA48104FF480350526831803F5803380182E5069
:202940001868BCF1000F40EA044408461C6003D01C6844F040041C60009CC4F820C0BC7848
:20296000A02C03D11C6844F020041C605244596002F581329A60D960BDE8F88F0720BDE83B
:20298000F88FCB4BF0B517460A46014603F11C04C801041B246864081BD33FB9CD4E40F2DA
:2029A000844501244D43944072550DE0CA4D012440F28446C71A944006FB01553C60D5F864
:2029C0003C132143C5F83C131B1FC11A00200C60F0BD0120F0BDC046E0FEFF0468E90008DC
:2029E00090B50F4604463422ADF1340D0021684609F0C6FAEF22802027238DF80220032170
:202A00008DF801008DF80030B44A8DF80310002067B940F28441121D6143515A8A0803D2C9
:202A2000490828BF0B201CE00C201AE040F2844101FB04214F885FB90F8897B102200122E6
:202A400000E0401E02FA00F10F42FAD0203008E00620012200E0401E02FA00F10F42FAD069
:202A600040308DF80C00694600222046FFF7D3FEC0B9002120460A46FFF783FF90B98C4872
:202A8000E401012100224FF4FA63001F201AFFF72BFE214630B9C24A891A096811F0210F54
:202AA00018BF01200DB090BD30B50C4605463422ADF1340D0021684609F062FA2720802250
:202AC0008DF80000EF218DF80120002C8DF802102C4614BF10209020002269468DF803007A
:202AE00002208DF80C002846FFF795FEB8B9002128460A46FFF745FF88B9A94DE401012164
:202B000000224FF4FA63A5F11800201AFFF7ECFD28B9641B216811F0210F18BF01200DB05D
:202B200030BDF0B59E4D07464FF0FF336622FC01A5F11000211A0B6005F108000A64201AE3
:202B400001210A4609F060FB964840F2844101FB0706F06FA8B1306F98B1706838B93846EA
:202B60000021FFF73DFF38460121FFF739FF306818B138460121FFF797FF10350120641BC2
:202B800020600020F067C6F8C000F0BD00207047F0ED000880020100000010C0000014C030
:202BA00010160100F0B50C46002A014614BFA578E57BB54B40F2844202FB013000F5347077
:202BC000067802FB01F707EB86029B18D3F8E8724FB147683FB96A0805D2012000211D22BF
:202BE000FDF7A9FA0DE0406805F00107074305D1002001460246FDF79EFAF0BD0846FFF760
:202C00009DFD6949E0784870607B8870207B0B78C870580834BF0020207A08712079487157
:202C2000580834BF0020607A88716079C871580834BF0020A07A0872A079F02748725B48A8
:202C4000E27907708A72CD72E1780571C170E1794171217B8171677B002F0CBF002140216F
:202C6000257A627AA77A5219BF180CBF0022202241EAC3110A430272A179417261798172ED
:202C80002179C172F0BD10B5D64C0A01FF2142F00102C4EBC014204609F0B6FA052008F0C4
:202CA00003FF0F210022204609F0AEFA10BDC046CCFEFF043E4A40F28443102103FB002247
:202CC00052F8040F002818BF012002D1491EF7D10020704738EC000854E90008C4EB000876
:202CE0002DE9F84F0646C048F401211A0F680022A4EB000B4021584609F086FAB949002521
:202D000007F04009884608F10400A4EB010A201A009050460F21012209F076FA052008F0D5
:202D2000C3FE50460F21002209F06EFA00980F2103223223FFF7D8FCDFF878C0071C14D067
:202D400028460C2800F10105E3D3604640F28441903801FB0600D0F8845035B10021C0F862
:202D600084100122C0F888200160414640F284424FF08060B9F1000F4FF00105A1F10401A8
:202D800002FB06C6A4EB0104206004D0402158460A4609F039FA35603846BDE8F88FC046C2
:202DA000E0FEFF04D0EB0008A6F3000890F30008A8ED00084CEC00082DE9F04F324C40F261
:202DC000844AADF1400D0AFB00FA0F905444D4F8D80238B184480F990022C0EBC110022140
:202DE00009F012FA68460021342209F0C9F8272080218DF80000D4F854728DF80110002F2B
:202E00000CBFEC20A1204FF40072DFF83C838DF80200CE4F0D923968089208EB010000213C
:202E200009F0AEF80F9869460022FFF7F4FC0E90002840F0B9810F9800210A46FFF7A1FDB9
:202E400000280E9040F0B0810F98664DC6010121002241F65833A5F10C00301AFFF744FC02
:202E60000346002B0E93304640F09E81E049411A096811F0210F1CBF01210E910E9E396869
:202E8000002E40F0918101E068E900081C350222401B02600D9A46467118204609F090F8B3
:202EA000002504F52378A4F86052A946C4F870523F68C4F894520822A4F85E52404684F8DD
:202EC0006392294684F8629209F05AF8C346F619A4F8B4520A27C4F8BC52DFF86CC3C4F85C
:202EE000B85206F11402A4F8CC52308884F8A8920CEB0A01C0F3C010C4F8580232F8020BC1
:202F000003067F1E4FEA202040EA134021F8020BF4D10CF1140006F12E020427504432F809
:202F2000021B0B067F1E4FEA212141EA134120F8021BF4D1604606F1360214271C305044E2
:202F400032F8021B0B067F1E4FEA212141EA134120F8021BF4D1B06F002104F51E7282E855
:202F60000300D4F8540240B1B6F87C7028466FF30E0707B10120C4F87002B6F87E00A4F8ED
:202F80005C02B6F86A00800824BFB6F88000A4F86002B6F88A10B6F89600C1F38032C4F876
:202FA000C42200F01F0084F89D02C1F34011C4F8C8120728A8BF0720B6F89810012784F8AF
:202FC0009C02C1F30023C1F34022C4F898320320C4F864220A4607FA00F1114206D1401EB1
:202FE000F9D105E0D4FEFF04ECFEFF0484F86302B6F89C10B6F89E00B6F8A0304FF6FF789F
:20300000C1F38001C0F38010C4F868129845C4F86C021CBF002B84F86232B6F8A600B6F8E3
:20302000A810C0F38022B6F86A30C4F87422C1F38011C4F88812D80824BFB6F8B000A4F891
:203040005E02D4F8740280B16FF0704004F51E71C31706C99A4208BF814206D104F51E7099
:2030600006F1C801082208F0ABFFB6F8A800400A10D306F1D801C4F894725846082208F0EF
:203080009FFFB6F8D8006FF30B00B0F5A04F18BFC4F89452DFF8A8C20F98C4F8AC7240F29E
:2030A000844E0EFB00C404F51E7090E8000CB6F8D400C10B4CD3C113C903B1F5004F47D04D
:2030C000400B0CD3B6F8EC10B6F8EA006FF0004240EA0140411E8A4288BF45000D950D987A
:2030E000C4F8A002B6F8D400810B3CBFD4F8A002C4F8B0023CD300F00F000F9F84F8A802AB
:203100000EFB07C494F8A8124846814214D8D4F8A002D4F8AC22B6F8A2114243C4F8B022DC
:20312000CA0B25D3CA13D203B2F5004F1CBFC1F30D01A4F8B4121BE0D4F8AC22401C5200D8
:20314000C4F8AC22E1E7C04610160100F0ED0008D4F85472002F0CBF0D984FF40060C4F87B
:20316000A0020F9FC4F8B0020EFB07C4D4F8A002C4F8A40204F5207080E8000CB4F8B4028E
:20318000A4F8B602B6F8520110F00100C4F8C00205D0B4F8D20000B94046A4F8CC02B6F8B1
:2031A000B201A4F8CE0205E00020C4F8D8020127C4F8DC72D4F8D80238B1C0480F99C0EB39
:2031C000C11002210A4609F01FF80E9810B0BDE8F08FB949C1EBC0100068C0F303107047AE
:2031E000B748012100224FF47A730160FFF77CBAE0FEFF04F0B50F46514940F28442044618
:20320000002502FB0410C0F8D8520126C0F8DC62204607F06BFA204605F008FEA748AA4974
:20322000A84AA300C0EBC410C9180560202414600C6814B12FB1374601E0A548C550A34818
:20324000C7500E60F0BDC04678EB00083C4A40F2844180B5484310270021831803F244431F
:203260007F1E43F8041BFBD18018C0F83C14C0F8401480BD2DE9F04F0546314840F284478C
:2032800080466F4308EB070404F52674C0192668D0F8D8A28B46002E04BFEE014FF0000983
:2032A00004D08D48EE01301AD0F800902846FFF79EFA82480C38361A306800F0880049EA37
:2032C00000005BEA00000ED02846FFF709FD18B10020206401266664BAF1000F03D0284608
:2032E0000121FFF787FF2846FFF71BFC79480068032823D1BAF1000F20D02846FFF7DAFC89
:20330000E0B9D4F89C00C8B1D4F8A41107EB81014144C1F83C03D4F8A401012607EB8007B0
:2033200008EB0700C0F84464D4F8A401401C1028C4F8A40124BF0020C4F8A401BDE8F08F45
:2033400068E900082DE9F04FDFF884A1CB4C5F49DFF874B100273846524627605B4643F868
:20336000047B42F8047B401C41F8047BF7D05B4808F047F8DFF8688101254FF07B464FF437
:203380008031F56040460A46C038376008F03CFF102140460A4608F037FF082140460A465B
:2033A00008F032FF07210222404608F02DFFFFF717FF08BB02207060DFF8FC80D6F80C9070
:2033C0003E4605FA06F019EA000F13D0304600F08DF860B1C8EBC610006800F00F00032868
:2033E00008D0B0004BF800504AF8007002E02068401C2060761CE4D02168384601B9284645
:20340000BDE8F08F2DE9F04FDFF8DCA040F28442064602FB06A505F5367528688B4670B3CB
:20342000DFF89880F4014FF00009A4EB0807C7F8009008F081FD3046FFF708FF3046594675
:20344000FFF718FF2D68F868002D0CBF4A46254A414610F0880FA4EB010422600AD01A4803
:2034600050F8260030B98548006808B1CAF8D892FFF768FF062029210322FCF75CFEBDE8F7
:20348000F08F2DE9F0417D4C924F8046402620683E6170B10025B8F1020F18BFB8F1030FD7
:2034A00004D128460021FFF7ADFF20686D1C8542F1D33E60BDE8F081D8FEFF04ECFEFF04F0
:2034C000040000FB40FEFFFF48E9000850E900084CE9000844F90008CCFEFF048334000829
:2034E000780100FB5F00007968E9000863492DE9F04F40F284424FF00009ADF1180D1431DE
:20350000039002FB0018C8F8D8920446C8F8DC9207F0ECF8204607F027FA0590204605F018
:2035200085FC6D4A2046C401A51A6A4A20211161C5F80090402145F8041C01218140029181
:20354000C44A5160C14969600221FFF79CFB4CF21101DFF8FCA26868CDF8109001421FD0FD
:20356000FFE70398FFF743F988B9B74810214A46251A284608F048FE28464FF480414A46AA
:203580004FF4FA630090FFF7AFF8071C0CD00398FFF7A6FB0746AC48201A009027B111E059
:2035A000A9484F46201A009050461038211A48680E68064303D00398FFF792FB07460FB92D
:2035C000C8F8D492BC4E039930684D024FF4807205EBC1254946281800F5803008F0D0FCF5
:2035E000DFF8D0B2306849464FF480722818584408F0C6FC01953168019B50462430201A91
:203600006A1802F5803202605D465918C0F8049069188160009810210A4608F0F5FD17B190
:203620000398FFF75DFBC7480F210322FA23201A8346FFF759F80746DFF880A20498401C98
:203640000228049002D8002FEAD100E0C7B9504689214A4647F23053201AFFF745F8071C6C
:2036600040F0BE807A484FF6FF7140F201120A23201AFFF739F8074605E0C04654E9000815
:203680000120C8F8DC02002F40F0AA800398FFF748FA6F483168201A0268019840350127E5
:2036A0005FFA92F65FFAA2F3012E084405444FEA126102D0D0B2012806D153EA01060DD056
:2036C000EB2908BF142B01D05FB110E03846C8F8540205E030FEFFFFECFEFF04C8F85492C7
:2036E0004F4608F500702946102208F069FC002F76D1D8F8540228B100984FF080710A463D
:2037000008F082FD0398FFF757FB071C05D10398414606F0A4FF00B901279C484FF47061C2
:203720004FF44072201A08F06FFD002F58D198F8630202283ADB0398FFF74BFD022835D260
:20374000039D2846FFF753F82846FFF7C9FA2846FFF73FFD02281BD2FFF742FD02253D495A
:2037600039480D603949201A0160FA2008F0CAF803982946FFF787FA009810210A4608F0D8
:2037800043FD58460F2103223223FEF7ADFF074637BB504689214A4647F23053201AFEF706
:2037A000A3FF071C1CD10398FFF7BBF903984946FFF716F9071C13D103980121FFF710F920
:2037C000071C0DD10398C8F86892414607F054F8002808BF012703D0039807F0C5F80590FB
:2037E0001B491C4B029A4FF0FF306FF040060C39651A2860002F45F8206C4FF0010A5A6007
:2038000040D1039EC8F8E0A2304605F0F1FABD48BD490861304607F0A7F8059981421BD191
:2038200055F8080C00F00F00032815D155F8200CC00911D2C8F8D8A2C248B34945F81C0C4D
:2038400060260E601AE0C046E8FEFF0402000400DCFEFF04040000FB3A48201A006800F095
:203860000F00032802D0304607F06FF830464946FFF7C0FCA4494020574608604FF400100C
:20388000086067B1BC49039851F82000C8F8DCA208B94FF04009B9484946241A2160D8F8F9
:2038A000380310B1014603988847384606B0BDE8F08FC04600010100F0ED0008E0FEFF0435
:2038C0002DE9F04F05F06CF800284DD1AA48DFF80093002635464FF0010B2F46A0F104089A
:2038E000BA4658F8040F00283AD0A54CA41923682BB13846FFF7DEF9002831D125603846A6
:20390000FFF7D8F950BBBF4880190368E3B10D49C1EBC711096801F00F0103290DD1C8F820
:203920000050056038462560FFF7E0FDC0B9D9F80000401CC9F8000012E0384607F005F831
:203940000EE0C046D8FEFF04C0F800B03846FEF74EFF08F0F1FAC9F800A001E0C4F800B0E1
:203960007F1C06F10406BCD0BDE8F08F10B5A64C4FF480710A46204608F046FC4FF48071EC
:203980000022204608F040FC10BDC046D4FEFF04F0B508F0E4FB9D4D686DC0F30327002F7C
:2039A00000F09B8005F0BAFF894C002863D1286800F00F0004285BD02169022F56D9944A6F
:2039C0001068401A032898BFA06802D9116800202161401C08284AD300271068A760401AEC
:2039E000032845D8D4F8EC0204F1140640B9286930B10120C6F8DC023846FEF7F8FE37E00E
:203A0000D6F8D8523846FEF7F2FE3846FFF768F910B1642008F048F81DB138460121FFF795
:203A2000E9FB3846FFF77DF8E068401CE060FDB13846FFF73FF9D8B9D6F83403C0B1D6F8A6
:203A40003C1406EB8101C1F83C03D6F83C14012506EB8101C1F84454D6F83C04401C102801
:203A6000C6F83C0428BFC6F83C7401E00020A060FFF77CFFF0BD2868D4F8EC7204F114050C
:203A800000F00F00032802D0002006F05EFF00200121FFF7AFFBFFF769FF0026A660E7B1B3
:203AA0003046FFF707F9C0B9D5F83403A8B1D5F83C1405EB8101C1F83C03D5F83C140127F8
:203AC00005EB8101C1F84474D5F83C04401C1028C5F83C0428BFC5F83C64F0BD4D4B40F2AA
:203AE000844250431950704703464A4880B500270C380360416082607F1C00F28440F8D0D3
:203B000080BDC0466000200030FEFFFF70B504460846B4B9404D1949602200262A61C1EBBE
:203B2000C4110E6038B108F007FA2046FEF75FFE2046FFF7D5F820463146FFF75BFB4020F6
:203B4000286070BD5F00007990B598B9314A324C324B40F284414143603A5758236127B9A4
:203B60000121FFF747FB402000E0602020604FF40010206090BDC04648E90008ECFEFF045F
:203B800050E9000890B54FF07B404FF08061104CC0F83011D4F8EC72D0F82801143400F0DD
:203BA0000F00032802D0002006F0CFFE00203946FFF720FB2FB3C9480068032821D10020CE
:203BC000FFF778F8E8B9D4F83403D0B102E0C04654E90008D4F83C1404EB8101C1F83C03A8
:203BE000D4F83C14012704EB8101C1F84474D4F83C04401C1028C4F83C0424BF0020C4F844
:203C00003C0490BD4CE90008780100FB280100FB30FCFFFFA0EC000830FEFFFF60002000D8
:203C20002DE9F84FAE4E30684008C0F05481DFF8C092D6F808010127CB46D6F80C51C6F8A4
:203C400008010540E80980F03E81A648284240F02881A8480346D0F800C01C68280942D33A
:203C60001846DBF85014DFF880E203684FF0000888000EF1180E00EBC10000EB0B020BF177
:203C8000140182F8908340180EEB0302FD2380F87D33127880F87E23D6F82C21DBF83C33E4
:203CA0005A40C0F88023DBF84033DBF83C039043CBF83C03BBB1D1F83C24D1F82C0301EB69
:203CC0008202C2F83C03D1F83C0401EB8000C0F84474D1F83C04401C1028C1F83C0424BF09
:203CE0004046C1F83C04E80834D3DBF850148800002300EBC10000EB0B027B4982F89033C7
:203D00003E3961440B780BF11402801803F01F0C0B6980F87DC34946C0F88433D1F84433D2
:203D2000BBB1D2F83C34D2F8300302EB8303C3F83C03D2F83C0402EB8000C0F84474D2F8C2
:203D40003C04401C1028C2F83C0424BF0020C2F83C044F60680846D363480146D9F85084C9
:203D6000005D3A46891E0919C0F34010C9F8E8020020FEF717FF4FEA8800002100EBC8002F
:203D8000484400F56470017099F8E412564B4170195D584C554B8170216899F8E42201EBCD
:203DA00042115C5809F1140184600CB158464760D1F82C43ACB1D1F83C0401EB8000C0F845
:203DC0003C43D1F83C0401EB8000C0F84474D1F83C04401C1028C1F83C0424BF0020C1F82D
:203DE0003C0444480468A80852D33F4859465A464F60223800EB0408D2F8501498F80F30F3
:203E0000584600F11404880033F07F0300EBC100204400F55F7A3BD194F8D012D6F8300177
:203E20000142FBD1002041460246FEF7BBFE00208AF8000094F8D0022E4B8AF8010098F84A
:203E400002002A4A8AF80200186894F8D01200EB41101058CAF80800D4F82C03A8B1D4F8EC
:203E60003C1404EB8101C1F83C03D4F83C0404EB8000C0F84474D4F83C04401C1028C4F842
:203E80003C0424BF0020C4F83C040220C6F80801680E1AD30020FEF7AAFC0020FEF741FE88
:203EA00013E0280F0AD2E80F08D300200DF101016A46FEF734FC0020FEF740FC002001467D
:203EC000FFF7D8F901E0FFF75DFED6F8080100287FF4B3AE3760BDE8F88FC04644F9000808
:203EE000080000FB10000078420101000400010054E90008F0ED00082DE9D043144681467A
:203F00000F1C08BF00204DD0C148DFF890820068032818BF002309D14046A03050F8240057
:203F20004088030203F47F4343EA2023832049463A4601F047FB061C2DD0042E31D14046CD
:203F400000EB84025832116805292AD000F51A710B6800EB8303C3F8E891D0F8683200EBE0
:203F60008303C3F80872D0F8683200EB8303C3F84842D0F86842012700EB8404C4F828720B
:203F8000D0F8683240695B1C984298BF00230B600520106005E040460921046100EB8400E2
:203FA00081653046BDE8D083F0B50746BF480168BD4C7A484FF0000CBE00054601EB4711E8
:203FC000AA19641884F801C08119D1F8A010926D891C0B8858303618092A63800DD0072A21
:203FE0000BD00B2A09D00A2A05D0082A03D00C2A18BF012034D1072200E006222270AB68C1
:204000003BBB2278062A0BD1D5F86C2205EB8202D2F8482250F822000B2801D1974218D1D0
:204020007B480068032818BF634605D10888030203F47F4343EA202382202146042201F0F6
:20404000C1FA00B9EF6108B90121A960042801D0F0BD04202178062914BF0C210B2131605D
:20406000F0BD6B4BF0B51B6814460D460646032B18BF002308D18B4850F8240040880302AF
:2040800003F47F4343EA2023032031462A4601F099FA074641487FB1042F12D100EB8401DD
:2040A00058310A68062A0CD04663856304640122C26306260E6004E0C4600A2100EB84007C
:2040C00081653846F0BDF0B5514A7A4D7A4C12680F460646022A02D1FFF766FFB0B9744868
:2040E00050F8260008280BD00A2809D0072818BF09283DD1284639463246FFF7FDFEF0BDF4
:20410000204639463246FFF7ACFFF0BD04282FD1224A02EB8600806D0C2824D00B2827D1A9
:2041200002F51A70016802EB8101C1F8E851D2F8681202EB8101C1F80872D2F8681202EB1D
:204140008101C1F84862D2F86832012402EB8303C3F82842D2F868125269491C8A4298BFD2
:2041600000210160F0BD5463976316640120D063F0BD2DE9F04F094E4C4A4B4C82460F46EE
:204180004FEA8A0906EB09011068CB6F002500EB4A10241823B927B908E0C046F4F3000867
:2041A000022706EB09000121C0F8C41020462946222207F0E5FE032109EB0600217000F19B
:2041C000A008A771D8F800004088AB466080022FA4F80EB00BD104F110002946FCF7DDFB10
:2041E0000546A8B22906001240EA1140E081D6F89C0106EB8000D0F8580106F5AC7758BBCF
:20420000034800681035032818BF5B460AD101E040F90008D8F800004088030203F47F43B0
:2042200043EA2023822021462A4601F0CBF908B9C6F81CA070B9FFE706EB09001021816585
:20424000706950452CD9706A401C00F03F007062BDE8F08F042823D106EB09005830026884
:2042600001210D2A13D00D220260D6F8980147F82010D6F8980107EB8000C0F820A0386CA6
:20428000401C0828A8BF58463864BDE8F08F786C401E48BF07207864D6F89C0147F82010A7
:2042A000BDE8F08F94F40008F0140100F0ED00084CF40008000010C0000014C02DE9F04F1F
:2042C000CF4C064631192C31B54B0A78B700381900F1A00984F85420D9F80000A2191030F0
:2042E000606492F82C5040F284426A439D588A46002D06BF002184F8561084F856600078EB
:20430000E02803DBE828D8BF062000DD102084F855003D194FF0000B04F14400C435C5F87D
:2043200000B0FDF717FA8046B8F1080F00F08280B8F1090F31D0B8F1000F0AD0E019806D16
:20434000092803D00A2804D1032000E0832001F040F8012028606269B8F1120F0ED0E4196A
:20436000A06D0A2800F08580B8F1000F14BF022159463046FFF7FDFEBDE8F08F04F5847044
:20438000016804EB8101C1F8E860D4F80811491C8A4298BF59468B4669E0CC484FF00108C0
:2043A0000068C5F80080022818BF584602D13046FFF7FAFD0028216DC54BAB482DD0E219D2
:2043C000926D0B2A55D11A68D4F8685204F5F473821804EB850541F214008842C5F8E82131
:2043E00088BF081CD4F8681203EB81010862D4F8680203EB80000666D4F8680203EB80007E
:20440000C0F840806169D3F88000401C814298BF5846C3F88000BDE8F08F41F214028A4287
:2044200088BF0A1C1B681146C0183246FFF764FDBDE8F08F9AF80010C24A40F2844000FBCB
:204440000120D0F8980228B1D9F80000007CFBF71DFF70B904F58470016804EB8101C1F8FC
:20446000E8606269D4F80811491C8A4200D859460160BDE8F08F2DE9FC4F614C0746BD00FF
:204480006019D0F8A06001A906F110094846FCF7C3F906F1100B8046B8F1000F484619D1DC
:2044A000E1193F4B91F82C2040F2844606FB02F15E581EB10078FBF7E9FE28B9019800283B
:2044C0000CBF0A20092009E0019800280CBF0820072003E0B8F1050F02D10F2061198865F1
:2044E000B8F1010F51D05846FBF7EAFE3E192C366119DFF850A2C867307840F2844909FB94
:2045000000A0D0F89802A0B99BF80000FBF7BEFE78B1317809FB01A0D0F8D80248B158464F
:204520006A46FCF725F958BB00993846FFF7CBFD26E06019806D0A2822D164480068022803
:2045400003D13846FFF730FD8046614801689948B8F1000F0CD0B8F1040F1FD140186063D2
:204560004FF48056A66327640125E563BDE8FC8F40183A464FF48051FFF773FDBDE8FC8F6E
:204580003846FFF79BFEBDE8FC8F052020210022FBF7D1FD38460221FFF7EBFDBDE8FC8FE7
:2045A00000EC0008F0B5164CA06A656A002814DD04F55C7604F1580306EB85010A6853F8BF
:2045C0002270032F33D0042F07D0401E6D1C0028A06205F03F056562EEDC04EB850101F5C4
:2045E0005C710A6804F1580656F82230032B1ED0042B38D167682FB16D1E30D430E0C046E1
:20460000F4F300086C4F07EB85000068FFF733FF20686D1C05F03F05401E206023D007EBDC
:204620008500016856F821100429EED0F0BDA318624A93F82C30C2EBC31252F8043C17689C
:204640001F430AD1676847B9012060600868FFF712FF2068401E2060F0BD6D1E00D53F251F
:204660006562401CA062F0BD10260100F0B50E461749C54D09680746082201EB471000217A
:204680002D18284607F07CFCC04C04202946BD00087064192068801C02884A800B4ACE719B
:2046A0001268032A18BF002305D10088030203F47F4343EA20238220082200F083FF064643
:2046C000CD489EB3042E3BD104E0C04640F90008F0ED00084219583211680E290ED1D0F8EA
:2046E000E41100F5D0724B1E0029D8BF07235364D0F8E411012742F82170F0BD0E2300F501
:20470000F07113600A68012600EB8202C2F8A061D0F8E02100EB8202C2F8C071D0F8E00136
:20472000401C0828A8BF00200860F0BDC7612368012241191A741027C1F8C420401987657A
:20474000F0BDC04668E9000830B50446CD488E490068A94D00EB44100918CB48CA89CB89BA
:204760000068120202F47F42032842EA132202F1100218BF002309D12846A03050F82400F7
:204780004088030203F47F4343EA2023822000F019FF68B928461022C46100EB84018A6534
:2047A0004169A14204D9416A491C01F03F01416230BDC0461016010064F70008C8FEFF0465
:2047C000F0B58D4C04F11C052A6890002118896D3C35102953D12118D1F8A010097C04F1FA
:2047E000A006012913D00027A7603058007CFBF74DFD50B1E269A018BE4990F82C3040F277
:20480000844058430B580BB101E0E2696760900021186769D1F8C4306BB300232B5061694B
:20482000914228D931584888C0F3052004EB8006D6F8700204F51C7C891C401EC6F87002FA
:2048400004D50888C0F305204CF8203004F5A870016804EB8101C1F83021D4F8502101262A
:2048600004EB8202C2F81061D4F85011491C8F4298BF191C0160206808B1FFF793FED4F8B6
:204880009C0104F5AC7281005758002F6ED1D4F8E40104F5D0728000175857B11118002793
:2048A000096A1750506C401C0828A8BF381C506400E0012773480068002F4DD072480068CE
:2048C00002285FD1A06800285CD1E06B20B1206C55F820100C2933D0D4F86C0280000119F0
:2048E000D1F8481255F8211004F5F4760B2949D13018006EFFF758FB002843D1D4F86C02F1
:2049000006EB8000006E052145F82010D4F86C0280008219116A3058126EFFF7EDFA88BB2D
:20492000D4F86C02002106EB800001646269D6F88400401C824298BF081CC6F88400F0BD9F
:20494000FFF732FBF0B9606BA16B226CFFF789FB08B90020E063F0BD0B4A00EB4110D21D5B
:20496000125C08461146FFF781FEF0BD50180023006A5350516C491C0829A8BF191C5164C6
:20498000FFF7E2FEF0BDC046F014010094F400085849F0B5086C28B1086800281CBF087972
:2049A000401C00D10820144C0021482204F588756061284607F0E4FA6169012604F154077C
:2049C0000022134657F8040F012810D099423A600DD9D4F8500105EB80000362D4F8500187
:2049E00045F82060D4F85001401CC4F850015B1C092BE7D3F0BDC046F4F3000830B504463E
:204A0000032000F0E6FC832000F0E3FC07F086FAC54D0021482205F5AC7007F0B1FA002142
:204A2000882205F5F47007F0ABFA0021102205F1340007F0A5FA0021242205F17C0007F0EF
:204A40009FFA00214FF4807205F51C7007F098FA0021242205F1C40007F092FA0021282249
:204A600005F1E80007F08CFA0020A8606860286028626862A862E86028610CB1FFF788FFFA
:204A800030BDC046F0ED000840F900081948F0B54438006808B107F0BDFBFFF779FFAF4A44
:204AA000D7682FBBA0480446D4F8541100F588708900475867B143181D6AA5610026465099
:204AC000416C6369491C8B4298BF311C416400E0A569A448A24912880068002300EB4510B8
:204AE0000918022000F06EFD04EB85040120A065F0BDC04600EC000810B58B4C00212422D0
:204B000004F1580007F03CFA0021482204F5D07007F036FA022000F05CFC822000F059FCDF
:204B20000020FFF76BFF90489049914AFEF7DCFF90490020FEF7D2FF8F49086808B9486821
:204B400008B1FFF7A3FF10BD8C4930B5822006F04DFC8B49022006F049FC8A49832006F0FF
:204B600045FC8949032006F041FC884806F03AFC7C4D7B4C286800214FF49072201807F01B
:204B8000FFF9834829684FF490724018002107F0F7F965492A680920A031A41841F8044B9E
:204BA000401E04F12004F9D130BDB0B50F4601460B784FF0FF320024981125D0401E1DD0C6
:204BC000401E17D0181103F00F0300F00305012B08BF10F0030F17D0022B09D1012D07D171
:204BE0004B788878CA7840EA032042EA00220CE001240AE04A7802F01F0206E04A78180283
:204C000000F47C50024300E04A7807B13A602046B0BDF0B55F4F604C00231D4657F8046F81
:204C20007688B04209D1E658012E06D9102E04D2AA421CBF0D60012004D16D1C1B1D092D29
:204C4000ECD30020F0BD704770B5374D06462C46E06880002118896D58350A2918D12018D2
:204C6000D0F8A000007CFBF711FB20B97068A064E068FFF723FBE0688200A118D1F8C41021
:204C8000002904BF0F20A85002D00021FFF771FAE06B58B1226C55F82200062806D1606B8C
:204CA000A16BFFF7DEF908B90020E06370BDF0B51D4C04F11005286881006218926D4835AB
:204CC000092A0AD16218D2F8C470002F04BF0F20685002D00021FFF74CFAD4F86C0281008B
:204CE000081900F50A70076804F5F476D7B1006A55F82000052815D18A197058116A126E7A
:204D0000FFF7FAF870B9D4F86C02002106EB800001646269D6F88400401C824298BF081C99
:204D2000C6F88400F0BDC046F4F300080246CD4890B543690121092B0ED200EB8300C3F1E9
:204D40000904543050F8047F27B1641E03F10103F8D101E013600021084690BD14FA0008B6
:204D6000D0130100F0ED0008615100089D500008195100088D4A000840EC0008C147000826
:204D80009D4D0008AF4C0008494C0008F94A0008F014010090F400084CF400082DE9FE4702
:204DA000B0490C461431A06963690A684E68834221D8D4F8543104F588719B00CF58D7B11B
:204DC000CA180025176ACD504A6C6369521C934298BF2A1C8600A76104EB87004A64A11960
:204DE000D0F8A000D1F8A010202207F0E9F8A01985656269A66904F158084FF0020A48F85B
:204E000026A0C34FDFF80C93D4F8540104F5887151F82030354633B904F11800FFF786FFA9
:204E2000F0B9A6690DE0D4F8540180000B181E6AA66100230B50486C401C824298BF181C9D
:204E400048644946C54A086812880023394600EB46100918504600F0B5FB012048F826003D
:204E60006069A84240F20E81206A494604EB80000A68C0F87053206A3E4602EB4512B61829
:204E8000401C00F03F0020623078CC46012818BF052840F0F58006F1080001A9FFF785FE57
:204EA0000198012807D13078012804D1307CA02804BF0020019070888111821101F0FC01BF
:204EC00002F0FC026318A218D3F870E2D2F87012071204F51C79BEF1000F4FEA006301F151
:204EE000010147EA1347C2F8701206DD69462A46FFF78FFE002840F0A3809DF804102819FF
:204F00002C3001703278DCF8001004F12C06012A55D0052A40F0B48004EB85009DF80430EF
:204F2000D0F8A010002B01F1020746D10879401E0DD0401E2BD0801E29D0001F27D00838BA
:204F400025D0303821D0403802281ED91BE0C888FF2202A9FFF75DFEB8B10298800058F82F
:204F60000010012911D904290FD8002648F8006031462846FFF77AFB20680028C4BF401E52
:204F8000061C304656E0042112E0052110E0705D0121FEF737FA0120FFF730FD38880021DC
:204FA000801100F0FC0059F80020521C49F800202846FFF75BFBBDE8FE870921F8E70778C8
:204FC000002F3AD1BC4A40F284407843175837B1B74801EB4511405CFBF758F990B9206898
:204FE000616850EA01070BD1725DB449C1EBC21151F8042C0F68174304BF0120606010D0B1
:20500000032114E02068616850EA01070ED1725DA849C1EBC2110A68012707FA05F11142E3
:2050200004D12846FFF727FABDE8FE87042148F82510401C2060BDE8FE87052025210CE0F5
:205040003078012810D1009804EB8004D4F8A0000078012808D10B204E210022FBF76BF89C
:20506000514616E0F4F3000801980021FEF7CAF90120FFF7C3FC07F03F070A21B80092E7D3
:20508000514695E704EB8504D4F8A0000121017428212846FFF76DF8BDE8FE8770B50646D5
:2050A0008748006802282DD1864D2C46206980002118896D58350F2906D12018D0F8A000D8
:2050C000007CFBF7E3F898B9E068800029580F2918D12018D0F8A000007CFBF7D7F888B1B6
:2050E000E068012104EB8000C0F8C410E06806E02069012104EB8000C0F8C41020690021CD
:20510000FFF737F87078B168FEF7DDFF70BDC046D0130100F0ED00086A4890B5D0F80C11C0
:2051200000EB8101D1F8E84000EB84018F6D00F1E80297B1516A4069491C884298BF002177
:205140000320516200F045F9832000F042F906F0BDFE20460221FFF70CF890BD14FA0008E6
:205160002DE9F04F06467078FD2856D0554AD2F80C5102F1140102EB85000B68D0F8E840B8
:2051800002EB8400876D443102F1E80067B9D2F80811A94240F38980416A491C8B4298BFFC
:2051A00000214162BDE8F08F456A6D1CAB4298BF00254562B5786D0827D2A00001238218C6
:2051C000C2F8C43008580F281AD0092868D1D2F8A000007CFBF75AF8002861D138480068CA
:2051E000022804D12046FEF7DFFE002858D1364936480A68B16880182246FEF77DFE4FE000
:2052000020460021FEF7B5FF4AE0416A491E48BF591E4162FFF780FF42E0B07840083FD2E9
:20522000776817F0FF0F18BF002409D117F47F4F18BF082404D117F47F0F14BF1024182418
:20524000204D6869A0422BD94FF0010905F1580AC846CB4609FA04F10F421ED0A1005AF840
:2052600001000F280BD0092805D0052803D00A2818BF0B280BD16818C0F8C48007E068181A
:20528000C0F8C48000212046FEF773FF77680BFA04F04740776003D06869641C8442D9D358
:2052A0000848006808B1FFF77DF9BDE8F08FC046E0130100CCFEFF0400EC0008C8FEFF0469
:2052C00040F90008F4F30008F0ED0008101601002DE9F047B84D074678009A4691468846F6
:2052E0004FF47A7620F4807040EAD710040103E0012006F007FB761E601B0168C90A47D201
:20530000002E47DD08F0FF06D14A40F808AC072E40F8049C08D111460C31096841F28A038C
:205320008B4238BF414602D348F48061601B082E01602AD1FEB2114636F07F0608D007F0A2
:205340007F02D00000EB4210081800F5907006E007F07F02D00000EB421008188030466ABF
:205360009EB1380A0DD3C86B00280CBF062005204FF07D42D36801210A308140594091606B
:2053800003E04FF07D418869C8610020BDE8F087002EADDC0220BDE8F087C2B232F07F01CC
:2053A000864A1ABF111CA031111C00F07F03DA0002EB43128918C96900220904134641F0FF
:2053C0000701FFF785BF42007D481E2106F01CBF704770B5794C0546E8B230F07F0018BF78
:2053E000A03405F07F01C80000EB41102418206A10B3E069002240F60811134641EA004158
:205400002846FFF765FF08B90020206206F0A7FE694C680020F4807040EAD510060142F25B
:20542000107503E0012006F06DFA6D1E301B0068C00A03D2002D03DD002070BD002DF1DC55
:20544000022070BD2DE9F041814D0646F0B230F07F0718460B4607D106F07F04E10001EB87
:2054600044116C18803407E006F07F04E10001EB44116C1804F59074A3619968E160A26054
:20548000002767601A68010441F4837122603A46E0823046FFF71CFF5FEA00081BD1012025
:2054A00020622869032816D0454C04F108000068C0F3834002280ED1300A0CD320464FF491
:2054C000F0713A4606F0A0FE20464FF4F0714FF4807206F099FE4046BDE8F081B54810B52D
:2054E00000235B4C0168E3610068636201F5893100F5863008604B6008228A602320C8601B
:205500001846FFF79FFFE06A08B902F0CAFF10BD30B50446E0B230F07F0014BFBF4D274D53
:2055200004F07F01C80000EB41102D18686A10B12046FFF74EFF0022204604211346FFF776
:20554000C7FE08B9012028610CB9FFF7C7FF30BD4006820DB2484FF47E7106F055BE7047EC
:2055600070473B4810B50169032918D0C06DB0B1AB480C300068C0F38340032818BF0528E4
:205580000DD10F4C4FF4F0710022204606F03CFE4FF4F0714FF48072204606F035FE10BD41
:2055A000A049020A28BFA03120F08000C20002EB401008587047C046F437FF03B0F90008B4
:2055C00004C700FC2DE9F04FC7B2ADF1180D1C468C46039037F07F0702921D48019408D198
:2055E000039901F07F01CA0002EB41128518803508E0039901F07F01CA0002EB41128518A6
:2056000005F590752F6A00F10C010590002F18BF042040F0B980844A6046824204D0834AF3
:20562000824218BF002200D101226A62614BDDF80CA07F4A1B681AF0800A0BD1AF8A029C2D
:205640004032E419641EB4FBF7F4674303E0C04630F90008029F6E6AD84CDDF80CC0002E8F
:2056600004EA0C0403EB041422447AD0DDF814C0DCF83C403A46002C0CBF4FF400354FF44B
:205680004035DA480027BAF1000F08D1B03001F5F8714FF4003E4FF00808C0180AE001F5F2
:2056A000DA71C018002C14BF4FF4804E4FF4004E4FF00A08019E01EB870340F6110B0090DE
:2056C0006FEA0509340403F1040C4BEA940BCDF810B096458CBF151C75464B6BDDF814B06D
:2056E00009EA03034B63049BDBF80C4041F20A26521BA64207D1019E2EB1002F04BFBAF19A
:20570000000F23F00103002A14BF042402244E6B4FF0000B06607F1C1C43C0F804B04E6B90
:205720008560AB194B63C4601030CCF800501AB1B8450CF1040CCCD8B84509D1DDF800C0B5
:20574000C0F800C05F4647605E4686608123C360CF62019F0A60DC468F63009AC1F830C0A2
:205760000CE0019E10604FF0000C40F61300C2F804C03104976040EA9100D0601146039813
:20578000019B029AFFF75EFE06B0BDE8F08F10B501242046FFF71DFE44F08000FFF719FE83
:2057A000641C032CF5D910BD09040A0C00230221FFF78EBDF0ED0008C84A70B512680D460C
:2057C0000646042A0EBF4FF40070D94830F81200D8494FF4A063A1F89400C400A1F834014E
:2057E000224601210020FFF773FD2DB10020022101220346FFF76CFDDD4B06F01F068020CA
:20580000012144EA4642FFF763FD2DB18020022101220023FFF75CFD70BDC04650FA00089F
:2058200000C700FCC0F90008000010C0000014C0101201002DE9F04317460E460546FFF7E2
:20584000A6FFD04C4FF040414FF08042204606F0DBFC2A462068C00FFCD2A04CDFF8209388
:2058600004200025103C09F11003206165611868E5616FF31F40E06002B1226006B16660C6
:2058800007B1A760DFF848C3DFF8408304F10C0E04F168012A4641F8285F5600D0090D6193
:2058A00026F480774D61521CC1F8A0500743C1F8B05008EA0606C1F8B450032ACCEB071752
:2058C00040EA06003D604FEA001040F01000A0EB0C000560DFD9CC480068C3F8E4524FF40E
:2058E000007200F58531C3F8E01200F58530CEF82C02C44FC3F8E82241F21A06CEF830120D
:2059000001F50072C3F8EC521F21C3F8E075E768CEF83422BE42C3F8E81505D002216FF05C
:205920005F000A4606F070FCD948DA4FDFF85C83006848B9E06841F21A3181420BD94FF43D
:20594000806138460A4602E0D349D44A484606F05BFC404600683146F031814218D84FF425
:20596000802138460A4606F04FFC484601212A4606F04AFC4FF4003138460A4606F044FCA3
:205980004FF4803148460A4606F03EFC404600687036864205D22846092102461346FFF7A3
:2059A00097FC28460121FFF707FF0120A062E062322006F079F8BDE8F083C0467FFFFF0F00
:2059C000D748006810F007000ED0401E08D0401E08D0401E04D0401E14BF0420032070478E
:2059E0000120704700207047022070479012010070B5504C06462069032815D104EB860060
:205A0000C06D88B15F4D4FF4F0710022284606F0FBFB4FF4F0714FF48072284606F0F4FB28
:205A200084F848600120606470BD77490B68002814BFDB49D849D94A1268002A19440CBFCE
:205A40000323042300220A604A601B018A6043F00303CB601346FFF7F5BC8C4BF0B5074690
:205A60000C46FEB2104636F07F0607D107F07F05E90001EB45115918743107E007F07F052D
:205A8000E90001EB4511591801F58A710E6A9C46002E18BF04201CD15B4B1D6847B9888ACC
:205AA000BD4B1118491EB1FBF0F61946704300E0BB4949190C60BCF88840002384424B60E8
:205AC00098BF201C886040F65300C8603846FFF7B9FCF0BD0023FFF775BDC04640F9000832
:205AE00010B5284C2068000821D3FFF750FE20464FF00041002206F087FB20464FF4F0117B
:205B00004FF4202206F080FB6048006841F28A01814208D94FF0804120460A4606F074FB02
:205B20002068C00FFCD24FF4FA7005F0BDFF10BD34C6000830F900082DE99041884600220B
:205B4000044603211346FFF7C3FB4146071C0BD1D04A600020F4807040EAD410C2EB0012F9
:205B60001068C0F3846008603846BDE89081C0460005000203484FF000410A4606F044BB5D
:205B800010C100FC04C700FC70B50446C2481546CA00A306260A42F0060243F4E06306D36D
:205BA00005F01F0543F00073A03042EA454224F08006F50005EB4615415320460121FFF7B7
:205BC00087FB20460121FFF7EFFD70BDFFFEFF0FF437FF0310B50022052104461346FFF7CE
:205BE00077FB68B9E0B230F07F0014BFAB48AC4804F07F01CA00002402EB41128018046188
:205C000010BDC04604004600F0ED0008F0B50446A448006815469C46CA0042F004020328D5
:205C200008BF42F07072A048A306012D43F440730AD9C66841F20A2743F08073B74203D178
:205C4000260A0CD243F40053260A08D224F08007FE0006EB47168019A0F894100DE024F0E5
:205C600080070CF01F0CFE0043F0007342EA4C4206EB47168019A0F8341120460121FFF7D6
:205C800027FB20462946FFF78FFDF0BD3CF90008F8ED0008C0C200FC0000F8FF000030759A
:205CA0002DE9F043804C04F110000068042870D07E4F4FF003091A49C7F800900868800C30
:205CC000FCD3FFF764FDE06841F28A01814205D27749002002460346FFF7FAFADFF8D48177
:205CE000206908EB4000018900220120FFF74CFF206908EB4000018901228120FFF744FF97
:205D00000120FFF767FF8120FFF764FF23690F25002B3DD0E06B0126012820D102E0C046A0
:205D20000CC700FC032B08BF022608EB4300018A012200230220FFF769FF0220FFF74AFF8F
:205D4000206908EB4000018A022332468220FFF75DFF8220FFF73EFF204603693F2508EB6D
:205D60004300018B324600234846FFF74FFF4846FFF730FF206908EB4000018B32464B46E3
:205D80008320FFF743FF8320FFF724FF45F0C0053D60BDE8F083C0465012010050F9000803
:205DA00010120100F0B544493F4A0D68010A10D2D2F82812364CD2F8FC31082705EB0111F5
:205DC00002F5FE756418590C18BF4FF40033D16B16E002F5E076D16BF36A384C0A2705EB6E
:205DE000031302F5E075E41829B93368DE0B18BF4FF4004304E033689E0B18BF4FF480437D
:205E0000002914BF4FF440364FF400362968002908BF01203AD0696BB14340F6110C2E68F7
:205E20006963F61AA96B2E604FEA01414CEA910C14BF042102216E6B266000266660A3602D
:205E400041EA0C01E160E96A05EB81014B60696B5B186B63E96A491C8F42E96298BFEE62C9
:205E6000D16841F29A028A420ED9154A410021F4807141EAD011C2EB0112116801F0FF018B
:205E8000072908BF301C01D0FFF787FAF0BDC04640130100F837FF03C4F9000850FA000828
:205EA000B0F9000840F9000830F9000820C700FC0900020034C60008F0ED00089012010047
:205EC000F437FF03A349A2480968401810F8011C007840EA0120FFF77BBA10B59E4C04F13F
:205EE00008000068022812D36068032818BF03200ED19A4805F06AFA9648B4F87220016897
:205F0000002001F58631FFF7A8FD002010BD012010BDF0B50E46014691480778D7B10024FA
:205F20004378994203D1641CA51A012D14D0212B0CD1222905D1641CA31A012B08BF3844B0
:205F40000AD0057AC37943EA0523181838180778002FE5D10120F0BD06B130600020F0BD91
:205F6000B0B57D4CA168B4F87070B4F86E50012003291ED1012F1CD8AFB9012D13D825B13D
:205F8000012D04D105F0E2F901E005F0F5F9002121200A46FFF7BDFF08B903F02FFFE41927
:205FA00084F85B5004E0012F03D115B984F85C500020B0BD684800B58168032903D1B0F859
:205FC0007010012901D9012000BD4018644990F85B00091F0A681070096880200122FFF733
:205FE0003CFD002000BD70B55B4DA868B5F86E100124022801F0FF061FD3012E1DD811F027
:20600000FF0F11D005F0B8F9002121200A46FFF780FF08B903F0F2FE03F01DFE10B92046E3
:2060200003F054FD032000E00220A86085F85A6000245B3505F8014B2C70204670BD00B5D7
:20604000C24AAC48116800780870116880200122FFF703FD002000BD78B521200022694689
:20606000FFF757FF061C1AD10098057AC47969462220FFF74EFF44EA0524061C0FD1B34DE6
:2060800000992868224605F09BFF9A4818300288944298BF221C29688020FFF7DEFC30464A
:2060A00078BDB8B5212000226946FFF732FF071C10D10099A54D0C782868224605F080FF86
:2060C0008C4818300288944298BF221C29688020FFF7C3FC3846B8BDFCB50F200022694625
:2060E000FFF717FF071C30D10098C178847844EA012400E0521C102001A9FFF70AFFA0B9D0
:20610000019881780429F5D1002151F8842C51F8801C51EA020608D0026182EA0103C160EC
:20612000DB43836001EA02064660884D00992868224605F045FF6F4818300288944298BF70
:20614000221C29688020FFF788FC3846FCBDC046050C0100F0ED00083CF90008C55E0008BA
:2061600068F800082DE9FC4F8046784805680C46002269460220FFF7CCFE0028019418BFCA
:20618000012067D100990C782846224605F018FF00982018009007786519002F3ED04FF0CE
:2061A00000094FF0400B4FF0020A00994E78042E06D0052E07D0212E05D0242E03D027E040
:2061C000C879622822D028463A4605F0F9FE052E11D1E87802280ED1B8F1020F07D0B8F170
:2061E000010F04BF85F804B085F8059003E085F8049085F805A0212E3C443D4408D10098B2
:20620000027AC17941EA0221091800E04431009100983F1800973F78002FC6D14B4D286848
:2062200084702968270ACF7029680A7AFA20B0EB820F02D9087A8000C0B2087203F002FD53
:2062400028B1C848006810B1286804210172019804600020BDE8FC8F98B5C84C6068032863
:2062600008BF03201CD0022805D0012818BF012715D1022000E001206946FFF773FF071CDE
:206280000DD13248016807224A70B4F872200099914298BF0A1C01688020FFF7DEFB3846DD
:2062A00098BDB8B5AF4C403C6068032808BF032018D0062069460022FFF72BFE071C10D1C6
:2062C0000099224D0A78286805F07AFE0098B4F8722000789042D8BF021C29688020FFF73B
:2062E000BCFB3846B8BD0A28ACBF37303030C0B27047C04696F900082DE9F84702460446E3
:2063000069460320FFF705FE5FEA000848D10F4D009928680A7805F053FEDFF8609299F8A1
:206320003D00AA46A0422FD128460068C178CA2900F10200054625D0002454F8847C54F85D
:20634000806C56EA07031FD002E0C04664F800082146202205F014FEAD1E082327FA04F011
:2063600000F00F00FFF7BFFF014626FA04F005F8021F00F00F00FFF7B6FF241D5B1E2874F1
:20638000ECD101E0002068700098B9F8722000789042D8BF021CDAF800108020FFF75DFBBD
:2063A0004046BDE8F8872DE9F847DFF8A482D8F800608246002269460220FFF7AAFD002831
:2063C00018BF01204DD100990C783046224605F0F7FD0098201800900778A619002F2ED0F8
:2063E0004FF0030900994D78042D08D0052D09D0302D07D0212D05D0242D03D019E0C8792B
:20640000622814D030463A4605F0DAFD302D03D1F07808B186F80390212D3C443E4408D1C0
:206420000098027AC17941EA0221091800E04431009100983F1800973F78002FD2D145461F
:20644000286884702968270ACF7003F0FBFB28B14448006810B1286801210172CAF8004019
:206460000020BDE8F887BA4818B50068032803D06946FFF777FE02E06846FFF794FF041C50
:206480000BD13E490098B1F87220904298BF021C6F4801688020FFF7E0FA204618BD98B567
:2064A000012000226946FFF734FD071C1FD1684C009920680A7805F083FD30494868022891
:2064C00018BF012808D120681022827020680223C37020684023C3712068B1F872200078FD
:2064E0009042D8BF021C21688020FFF7B6FA384698BD97486A3001880812401E1ED0401EAD
:206500001AD0401E15D0C01E11D0401E0DD0083809D0123805D0401E18BF032010D1FFF7ED
:206520009BBDFFF7BEBDFFF7D7BDFFF795BEFFF7B8BEC8B2FFF7E0BEFFF795BFFFF7AFBF97
:20654000704730B50D4DB5F86E402046FFF700F800202A46211C85F85A000CBF01210221E2
:20656000916030BD7CF90008A94980B5B1F86E7003207F1E0ED07F1E16D101E03CF90008D2
:2065800091F86D20032A0FD1B1F870000012A1F8580008E0CF6C3FB191F86D200020032A46
:2065A00008BF01200865002080BD30B5984C94F86D000025032808BF0125A068032802D124
:2065C000B4F8700008B1012030BDB4F86E00032130380BD0401E04D0401E04BF0020A066DE
:2065E00009E02846FEF7BBFF656603E02846FEF7B7FF25660021084630BD30B5844CB4F886
:20660000701001F07F0001F0FF05032807D811F07F0F4FF0010004D0A168032901D00120C1
:2066200030BDB4F86E1091B994F86D0003280AD02846FFF7CFFA606B40B1206B30B9032D6E
:2066400018BF832D02D12846FEF762FF002030BD64F800086E48B0B5B0F87020416813128A
:20666000032902F0FF0518BF03201DD1012D88BF012019D8B0F86E700021A7B9520A34BF33
:206680000A1C012200EB850462649A0808D3C76C27B1012D04BF0122426504D0012102E05C
:2066A00000EB850001650846B0BD59498868032805D0B1F87000002818BF012016D191F80E
:2066C0006C0010F01F0004D0401E0DD0401E09D006E04868032801D0FFF746BFFFF765BF42
:2066E00003207047FFF789BFFFF7B4BF7047984800B5008820F08001032988BF012009D83F
:20670000FEF74EFF00280CBF00210121914802680020117000BD3E4880B5B0F87030012B31
:2067200088BF012012D842680021032A0AD100EB8302176D07B10221C76C1FB1012B08BF6F
:2067400041F00101834802680020117080BDC04640F900082DE98041DFF8B480B8F87000AA
:20676000002818BF012022D103F06CFA07460021404617B1076C07B101214268032A06D0F7
:20678000C76C87B1076D0FB141F002010BE0076E0FB141F00401476E0FB141F00801876E2C
:2067A0000FB141F010016B48026800201170BDE8808190B5674C206800220270206814497A
:2067C00042708868022802D0032803D104E0B1F8700008B1012090BD91F86C0010F01F00E4
:2067E0000BD0401E06D0401E18BF01270ED1FFF77EFF04E0FFF78FFF01E0FFF7ABFF071CCF
:2068000004D1216880200222FFF727F9384690BD3CF900080C2804D9303813D0401E09D0A5
:206820000EE0DFE800F0211F0D1F0D1D1B111917151311C048480068032805D100207047F8
:2068400001207047FFF749BB03207047FFF788BBFFF7B0BBFFF7C7BBFFF7F1BBFFF749BEDB
:20686000FFF76FBEFFF721BFFFF7A3BF7047F0B53B4E96F86C00002510F0600004D0203837
:206880000BD0203809D005E096F86D00FFF7C2FF08B9F0BD0120314C0EE00320FBE706F15F
:2068A0006C0163190A7893F86C3002F07F029A4201D10846B8476D1C38B1042D05D204F169
:2068C0005C0151F82570002FE9D1F0BD2DE9CC41012000226946FFF71CFBDFF8848030BBFF
:2068E00000990A7C40463D3001A902700320FFF710FBE0B905F087F9061C18D0019801781C
:206900001A2914D3302181700198CA22C2700198017101980021417101980A27801C16F869
:20692000012B41717F1E027100F10200F7D1022069460022FFF7EDFA40B90098C179474686
:20694000C1F380123A64C1F34011F964BDE8CC81ACF9000864F8000840F900088CFB00081E
:206960003CF90008C94900B5087848B108460178491E0170007818B9FFF7B2F805F04AFCD7
:2069800000BDE24800B500214FF4B67205F0F8FABE490020087005F0B5F802F0DCFC00BD20
:2069A00002784178807841EA022140EA012070472DE9F841171C0E46054621D04FF0000803
:2069C00005F0FF04C4F58074BC4288BF3C1C4146CDF8008006200A46134604F02BFA40B9C8
:2069E000CDF80080022029463246234604F022FA10B10120BDE8F8813F1B25442644DFD1F3
:206A00000020BDE8F88110B500216C22044605F0B7FA9F4820609F4860609F48A0609F48F8
:206A2000E0609F4820619F4860619F48A0619F48E06110BD2DE9F04F1027ADF5867D6E4644
:206A40000D784A788B78CC787F1E01F1040142EA052243EA022344EA032446F8044BEFD1CD
:206A600001AC30272668656B54F8043C216AF2084FEA952C7F1E82EAF61219448CEA754C04
:206A800082EAB6428CEAF5430A441344E36304F10404E7D1C2688369C6690168D0F804903A
:206AA000D0F808E0D0F814B0DFF804C240274292E8464193026940965CF8045B58F8043B3D
:206AC000DDF804A14FEAB21484EAF22484EA72645B19E418409B0BEA02062AEA020A8AEA99
:206AE00006057F1E25444FEAB10A419CCDF804B10EEA090640948AEA713A93462B4409EA05
:206B000001040EEA0105429ACDF808E1CE4685EA040589468AEAB15486EA05061A442644D1
:206B200006EB0301C8D10768036946688568C919D2180160C46802614E44754442994769BF
:206B40008369C2694660091985600BEB07044461419F409CC160F918816143B0A118C1612D
:206B6000BDE8F08F2DE9F0410546686A16460F4600EBC60290426A6202D9286A401C286238
:206B8000286A4FF0000800EB567028621BE0A86EC0F14001C0F140048E4238BF341C394653
:206BA00022462818283005F00BFAA86E361BE7192018A866402806D105F128012846FFF76C
:206BC00039FFC5F86880002EE1D1BDE8F081B0B50446A06E8023421CA266201880F8283014
:206BE000A26E0D46382A0DD9A0180021C2F14002283005F0C5F904F128012046FFF71AFF7E
:206C00000022A266A0180021C2F13802283005F0B7F9206A84F86300020C84F86120616A48
:206C200084F867100F0E84F86470030E84F86030000A84F862000A0C84F8652020460A0A5E
:206C400084F8662004F12801FFF7F4FE2D1F0827E078A278617805F8040F14F8043B6A7031
:206C6000A9707F1EEB70F3D1B0BDC0B51746002610F8013B11F8012B7F1E82EA030242EA27
:206C80000606F5D1002006B90120C0BD98F0000867E6096A85AE67BB72F36E3C3AF54FA5CE
:206CA0007F520E518C68059BABD9831F19CDE05BB0C400082DE9F04F051C92460E46ADF10D
:206CC000480D7FD06B78E81CFFF76AFE0746A81DFFF766FE834633F01F0003F01F0371D1FD
:206CE000A87800286ED1687A00286BD15E4569D1DFF81890042B22D0052B63D156EA0B009B
:206D000060D14FF29E20B8425CD101E09CF0000849468868002855D0C868002852D00869F0
:206D200000284FD1FFE7091D00200422FFF740FE002837D1BE49052008700020F9E0ABF11C
:206D40000100000B3ED1BAF1000F3BD00BEB07054FF29E20A84235D367BB00214FF4B672B2
:206D6000484605F00DF94C4604F11400FFF74BFE04F18000FFF747FE0026B0464146CDF898
:206D8000008006200A46134604F054F840B94246CDF8008020203146134604F04BF818B18E
:206DA000012020610D20C4E006F58056300CE5D00120A0604C46A06820B1206910B9206838
:206DC000B84201D00B20B4E004F1140651465A463046FFF7C7FE2A461196B2F5847F14D904
:206DE000B7F5C47F11D2B7F5847F34BF4FF484733B1CB2F5C47F88BF4FF4C4721819D91BBF
:206E0000D21A1C38514405F0DBF82A46B2F5C67F14D94FF29E21091FB9420FD904F180000C
:206E2000B7F5C67F34BF4FF4C6733B1C914238BF0A1CD91BD21A5144FFF794FE28463E46BC
:206E4000B0F5C67F33D94FF29E21091FB1422ED9B6F5C67F34BF4FF4C6753D1C814238BFA6
:206E6000081C8046A5F5C677A5EB0609042F10D2C5F5C876A8EB0500B04238BF061C0AEB0D
:206E8000090138193246001D05F09AF87519B144F719A8450BD90AEB0906A8EB05023846FB
:206EA0003146FFF785FD002818BF0D203FD120684FF29E215844206081427FF43EAF119837
:206EC00001A9FFF784FE04F1800009A9FFF77FFE8F4E01A8202206F11801FFF7C6FE01253E
:206EE00000BB04F1EC0031460822FFF7BEFEC0B104F1F401202709AB002611F8012B13F8E7
:206F0000010B7F1E80EA020040EA0606F5D146B904F21312582112F8010F10B9491EFAD1B8
:206F200000E00025002DE5607FF407AF11200121216112B0BDE8F08F417009120170704702
:206F4000B0B504461746101C15D0401E11D00F380DD0401E09D0401E03D00E3803D0401ED2
:206F60000DD1102508E0182506E0052504E02C2502E0062500E012250CB18D4201D90020EA
:206F8000B0BD204600212A4604F0FAFF20463946FFF7D2FF281F002FE0704FEA1021A170B3
:206FA00031D0012F2AD0102F0FD0112F0BD0122F07D0202F1CBF0120207337D101210846FF
:206FC00032E0042131E001201BE0202727760122227584F829201421E1750020A075042303
:206FE0006376E076E07784F82A3084F82B000227A776A777802284F8282017E001206071DB
:207000000020207112E01127E7721021617200202072A0722073A0732074122363732022ED
:20702000E273212767740121A071E1712846B0BD98F00008F0B5071C144602D0B1F5017FCE
:2070400001D20020F0BD00214FF4017204F098FF40F284454FF48076C220022278700021EB
:20706000BA70CB4BF970381D05FB043232F8021BFFF762FF761E00F10200F7D14FF401703B
:20708000F0BD70B5064615460024184601E0401C641C0278002AFAD12A68A018401C814260
:2070A00038BF00200CD3B0181946224604F088FF2868002324182C60611C335501202960A6
:2070C00070BDF0B50646069C05981546844238BF201C5A1E002412F8017F1FB1401E04F1B6
:2070E0000104F8D12A68A018401C814238BF00200CD3B0181946224604F062FF28680027C8
:2071000024182C60611C375501202960F0BDC04678C400082DE9FE4F0C469D49074640F2E3
:20712000844390460520002F03FB0815029005F50B7A05F5047B00F0D880BC2CC0F0D58084
:2071400038460021BC2204F01BFFC0207870D5F88052404604F0CEF90646214602AA88A372
:207160003846FFF78EFF002800F0BF800298AC4600F109018C42C0F0B880DDF808E0DFF8E6
:2071800014921C2200212CFA02F303F00F0319F803300EEB0105491C0829A2F104027B5588
:2071A000F1D300F109010025029108303D5402AA534628202146814600903846CDF804906D
:2071C000FFF77FFF002800F0908014200090214602AA5B4601903846FFF773FF002800F00C
:2071E0008480002E4BD1404603F0B7FB67A5022820D02B463846214602AAFFF742FF00288F
:2072000073D03846214602AA2B46FFF73AFF00286BD03846214602AA2B46FFF732FF002846
:2072200063D03846214602AA2B46FFF72AFF00285BD064E0484620260090214602AA534653
:2072400038460196FFF73DFF00284ED02B463846214602AAFFF715FF002846D03846214672
:2072600002AA2B46FFF70DFF00283ED03846214602AA2B46FFF705FF002836D03FE0202030
:2072800000908046214602AA3346CDF804803846FFF717FF48B3CDF8008006F12003384661
:2072A000214602AACDF80480FFF70BFFE8B110200090804606F14003214602AACDF80480BD
:2072C0003846FFF7FEFE80B106F1500140462A464B1E13F8016F1EB1401E02F10102F8D1FF
:2072E00002981618701C844202D20020BDE8FE8F0298381804F064FEBD55701C0290029844
:20730000011FF970461F3E710A0ABA70BDE8FE8F03F082BE90B5071C01D0322901D20020A6
:2073200090BD0021322204F02BFE2E24FC708320787002233B7101227A712A21F97104F09D
:2073400062FC0446082207F1080004F10A0104F037FE07F11000102204F1120104F030FECE
:2073600007F120000A22214604F02AFE07F12A00082204F1220104F023FE322090BDC04628
:207380004361727472696467653A00C000C046C068E9000880C40008F0B5071C0FD1DA4E23
:2073A0000024002506EBC7000C3080E83000384604F082F8B8003450801944608460F0BD02
:2073C0002DE9F04F82468846A8F10100DFF83CB35AF82000342196460026B1FBF8F39B1D4A
:2073E000A6EB0B065146474600254FEA960C85EA0C0404F003040A685EF824907F1E05F13E
:2074000001054FEA001484EA5014204406EB090480EA0400104441F8040BE8D15B1EDFD1F9
:20742000BDE8F08F70B50D4604462822ADF1400D04F50B71684604F0C3FD08220AA804F585
:20744000207104F0BDFDC7491022284604F0B8FD6E4603240CA83146102204F0B1FD0CA806
:2074600004212A46FFF7ACFF28460CA9102204F0A7FD1036641EEDD110B070BD30B500226F
:207480000446FBF7C8F988B9002120460A46FBF778FA58B9B44DE4010121002242F22833A9
:2074A000A5F11800201AFBF71FF908B1022030BD641B2168002011F0210F18BF012030BDD4
:2074C000F0B50F46D84DA94C296806464FF40072A01EADF1340D4018002104F051FD2A681C
:2074E000204639468018202204F06AFD00213422684604F045FD27218DF8001080208DF815
:207500000100F2218DF80210012006904FF40071304608916946FFF7B1FF0DB0F0BD2DE971
:20752000F0410C46164680461D46ADF1340D00213422684604F024FD8027314628464FF05F
:20754000270C0B0A8DF8017006060A0C050433438DF800C0D4F874728DF804102A438DF8CA
:20756000053040258DF806208DF8075001238DF80C3067B99DF80750090E00020143CAB220
:2075800002F00F02C8212A438DF807200BE0051C020A090E8DF8095000028DF80A200143E4
:2075A0008DF8081025218DF802101D46D4F8A4020595694608904046FFF760FF002100B9E6
:2075C00029460DB00846BDE8F08110B5447801788378C27841EA042040EA034040EA0260A4
:2075E00010BDF8B50A0A0B0C8DF8001006468DF80120090E8DF8023000228DF8031016F8C9
:20760000011B6C4602F00303E55C521CB2F5FE7F2944E154F3D39DF801709DF800409DF8F9
:2076200002609DF8035000F5FE70FFF7CEFF44EA072444EA0644014644EA0562002091423A
:2076400008BF0120F8BDF0B58C4604231546C4181A1827785678D178927842EA0122F1087E
:2076600028BF142103D271082CBF0C210421914247D8B2F5FE7F44D2D118B1F5FE7F40D219
:20768000BC453AD116F0050F37D02F706E70F0086A800FD2700834D3201DFFF796FF00270F
:2076A0000646281D80E8C00004F10800FFF78DFF39461DE0201DFFF788FF074604F1080012
:2076C000FFF783FF002600002B1D46EA070140EA060204F10C0083E80600FFF776FF074630
:2076E00004F11000FFF771FF0100314346EA07000C3585E803000120F0BDD318B3F5FE7FE4
:20770000A5D30020F0BDC0461CF300084786C86170B5A04C06460325ADF1140D641E14F83F
:20772000011F30466A46FFF78EFF002818BF012016D16D1EF3D1304603216A46FFF783FF68
:20774000012460B9304602216A46FFF77CFF30B930461B216A46FFF776FF00B90024204638
:2077600005B070BD24C60008E0FEFF04121601002DE9F04F80468946ADF11C0D2A48D9F837
:20778000A4C2BD490592109C0068BA4A0693BCF5007F0494024403920144029140F0928078
:2077A00009F5207090E8C000002F08BF002E00F0898040F6FF741946E017814204BF0598C4
:2077C000A0427FD809F5207191E8000C01200027E617BAEB000A7BEB070BB34508BFA2454A
:2077E00070D3059D404649461E462A46FFF797FE9F4F15EB0A0546EB0B06DFF888A2DFF819
:207800007CB20346E11720462D1A8E4101969E4E00955BB9012138464BF82810C0EBC810B3
:207820000068400827D34DE0F0ED00080698002801BF05980028012046F828008D4C934806
:207840008F4905686019FFF7CCFE68B1029821464FF40072491904F0B3FB012004994AF8D7
:207860002800029A0A602EE06019FFF751FF10B101204AF82800019B009A40464946FFF780
:207880004EFE38B9012138464BF82810C0EBC810006817E00698002801BF05980028012042
:2078A00046F82800B1490398FFF79BFE00281CBF03980290D1D10398FFF72AFF10B10120D0
:2078C0004AF82800002007B0BDE8F08F2DE9F04F8846814608F5207003C80027ADF11C0D13
:2078E000084606BF002802251B252A4E00223B46144601A8009041464846FFF739FF0028CD
:207900002FD00199484603F0BAFE0198294602AAFFF799FEA8B9032C23D0315D019802AAFE
:20792000FFF791FEE8B103A890E80C0008F5207003C88B4208BF824213D2641C032CD8D905
:207940000FE005A803C803AA0CCA8B4208BF824207D808F5207494E8000C594508BF5045F3
:2079600001D3002211E0474C801A04F10804994108F51E7804EBC90484E80C0001221646D2
:20798000361847EB010788E8C00007B01046BDE8F08FC04610C600082DE9F04F0D46044628
:2079A0004022ADF1E40D002122A804F0E9FA012740F6FF7B0DF1080A00200021379402AA74
:2079C0003895044682E8030001A800909AE80C0038993798FFF7CCFE00283ED0019937985D
:2079E00003F04DFE0DEB8400D0F8880018B10199379803F08FFD7F4D042615F8011F019810
:207A000032AAFFF720FE30B333A84FEAEB725B4603C8914208BF98421DD8102F1BD257B119
:207A20003B466A46083292E80003894508BF804511D05B1EF6D12B780022042B08BF012205
:207A40000DEB8703C3F888200DEBC7037F1C03F1080282E80300761ECFD1641C0AF1080AB8
:207A6000A742B1D8379803F045FD39B0BDE8F08FC8FEFF04101601001018010024F300084B
:207A80007856341220F300081CF30008F0ED0008F0B5061C0F46ADF1300D10D1FFF77CFC75
:207AA0006FB1D7F8540250B907F5207090E83000002D08BF002C02D0D7F8A40208B90220FA
:207AC0003FE0384608A9FFF7ADFC4A4968460922491D04F075FA0DF1090007F504711422D6
:207AE00004F06EFA0DF11D000021032204F048FA6846082108AAFFF763FC08A800211022B2
:207B000004F03EFA30466946FFF7DAFC044600212022684604F034FA012C0DD054B930463E
:207B20003946FFF7D3FE28B130463946FFF734FF002405E0022400E001243046FFF72CFC40
:207B400020460CB0F0BD2DE900430028884691461CBF111C404607D1254901EBC00103C9E3
:207B600010EB080041EB0901BDE8008321436587D0B5071C0E4603D116B1D6F8540208B1E0
:207B8000002432E03846FFF707FCD6F8A402B0F5007F09D140F6FF7006F52072C1170CCAE6
:207BA0008B4208BF824201D801241EE038463146FFF78CFE28B138463146FFF7EDFE022427
:207BC00013E00D48B900405858B90C4A50184068002818BF032405D15058002818BF0124CD
:207BE00000D100243846FFF7D7FB2046D0BDC04628F3000813C6000824F300081CF3000817
:207C000000280CBF03208320FDF782BC30B58B4D04462868022819D18948D0F80421D0F848
:207C2000F830D0F8F4109268C91A22F07F42F4305218002A026007DD0320FDF7CAFB2CB1E9
:207C40000320FDF765FC01E0002181618320FDF7C0FB2CB12868012802D18320FDF758FC22
:207C600030BD801E00B501282ED9801E012830D9C01E012828D9B949801E06D0401E1CD0FC
:207C8000401E1CD0801E18D000BD0846092102224160C169426289688160880A02D10A1CEF
:207CA00002D100BD4FF48062AD4801680023032001F58731FDF786FC00BD032005E0084634
:207CC0000B21001D016000BD8320FDF721FC022003E08320FDF71CFC002000F001F800BD0F
:207CE00002469E4890B5001D046A042C26D0C36981690769052C21D0524C1C6000BF4C682B
:207D0000002F5C600CBF141C01241C730468052C05D00B2C03D0092C05D1896802E04468C3
:207D20008968091B9960022A14BF042105210162C16900230D228320FDF744FC90BD874819
:207D4000002343624360C3601F220361C16943610320FDF737BC3C483C4A00B50021FBF746
:207D6000C3FE00200146FBF7B9FE0020FFF74EFF374A0020106037490870FFF7E0FF00BD34
:207D8000D0B5764C04F12800F9F7E4FC0746E069082F32D0606BE169092F0CD0002607B1D9
:207DA000012616B10120FFF731FF122F27D0F0B2FFF796FF23E0A0608A68824206D88242CE
:207DC00006D2072060608868A06001E005216160012141F214022161824288BF021C60486E
:207DE0001D49006809181AB90420FFF73AFF06E083200023FDF7E6FB01E0C07B20703846C3
:207E0000D0BD134900B5002008601449832003F00BFB1349032003F007FB1249212003F040
:207E2000C1FA4F4910484D4A0B681049C018C918D0610F48116203F0F3FA00BDD8F3000810
:207E40003CF90008555342533D8200080F82000870F90008EEF300081026010041810008ED
:207E6000757E00089F810008D0130100F0140100577D00082DE9F847384CDFF8E480676A35
:207E80000546002F40F01B816868E16900261F28A0610DD1A84A0868824209D14F7B3FB974
:207EA0008F7B102F04DC1FB1087B10F07F0F02D0002E00F0F9808868226ADFF880A29060EA
:207EC000487B40F2844909FB00A0D0F854520127ADB9E06969460F30F8F79EFC38B90098F7
:207EE00000280CBF0220381C6062E16912E0E16905280DD08D685DB10D7B25B105E08D688C
:207F000035B10D7B0DB9022003E06762384601E0032060624A7B09FB02A3D3F854521DBB64
:207F20008D683DB9012803D002281BD1032010E002200EE0097B802906D0022812D00128E9
:207F400014BF09200A2004E001280BD002287ED10820FFF786FEBDE8F887C046B4F300081F
:207F6000F0ED0008E1694A7B84F83820E06900F10F02A2628A7B84F839208A68E2628968E9
:207F8000A160C07BF8F782F9054604F11C0065BB00680F30F8F794F96061A568606A0228DA
:207FA00012D1290B02D12A1C02D10DE04FF480524046B4490068334609180320FDF702FB23
:207FC000A568606A05B13746012802D1B5F5805F06D8002F00F0AE80FFF7D2FEBDE8F887FD
:207FE0008320FDF795FA0120A2E0E169497B09FB01A2D2F854722FB9006804F108020F30E5
:20800000F8F7B6FB616AA068022929D0012940F0918070B1E16908310A68824206D88242E2
:208020000BD2072060600868A06006E00521616003E00420FFF715FEA06800287AD003F0C2
:2080400060FFFFF79DFE082874D1A2680AB904207FE7994983203346FDF7B4FABDE8F887A0
:2080600070B1E16908310A68824206D882420AD20D2060600868A06005E00B20606002E099
:208080000920FFF7EEFD03F030FFFFF779FE082805D1A06800284DD0884933463EE0032069
:2080A000FDF736FABDE8F8878320FDF731FA0320FDF72EFA824901200860BDE8F887216A74
:2080C000022F2ED16A688868801A886000BF8868B8B960680D2812D009280ED0E069C07B9A
:2080E000F8F7D4F818B96868E062FFF749FE2069002804BF0120E0601CD0002018E00D209F
:2081000027E7B0F5806F02D818B9BDE8F8874FF4806041460968002301F587310246032097
:208120009AE78320FDF7F4F90320FDF7F1F90220FFF7D6FDBDE8F8875553424368E90008A4
:208140005C4980B50B6A042B26D0052B24D0CA69012B17D143689068C01A906000BF976815
:2081600067B90868072807D0CF68002F04BF0120886013D000200CE0072000E00520FFF726
:2081800070FD80BD8320FDF7C3F90320FDF7C0F90220FFF7A5FD80BDFFF7D1FD80BDB0B5B5
:2081A00001460A78012032F07F0711D14A78FF2A2CD14F88002F29D1CF883FBB8F882FBB11
:2081C00000200146FBF71EF9FFF7C5FD0020B0BD22F07F02802A19D14A78FE2A16D14F881B
:2081E000A7B9CA88012A11D18F887FB93649354D024600240B682A604FF48630C454096885
:20820000802001F58631FDF728FC2046B0BD10B52E4CA068012803D0022818BF03280CD1DA
:208220000120FFF7F3FC2068C07BF8F72FF808B103F04CFE0120FFF753FD10BD30B5244CE0
:208240000546A068616A00282DD0012918BF02292ED1A878400823D2012919D12078F8F7B8
:2082600015F8A8B9E069A96882688A4288BF0A1C154804490068091832B90420FFF7F1FCEE
:2082800006E0C0461016010083200023FDF79AF9E068002804BF0120206109D0002005E0CB
:2082A000FFF7B5FF30BDA87800F00100FFF718FD30BDC046B8F30008000010C0000014C0C1
:2082C00070F900084CF90008F0ED0008D0F30008B4F300087D497C4809680068032901D120
:2082E00008B903E010B90C2001F00EBC0C2001F0EEBB774810B54FF4F071002203F084FFA4
:20830000724C0020241FA06004206060FFF7E2FF704803210068E16010B10146E0688847DD
:2083200010BD2DE9F0410146B44C694E6A48DFF8A481226841F20A15954204D8C1F30347F0
:20834000490D05D359E0314608310968C1F38347954202D9616803294FD0042F46D0032FD6
:2083600031D0022F0DD04021002203F04DFF4FF40E706FF0C30108600C2001F0C5FBBDE85E
:20838000F081564B0022A03811460160D41A056824682D0C2404240CAC4205D1491C121D49
:2083A0000329F2D9BDE8F08130464FF4F071002203F02AFF30464FF4F0714FF4807203F016
:2083C00023FFBDE8F08140210A4603F01DFF0820E0620C2001F07BFB0020A168E060022914
:2083E00054D341460968002950D04AE028466F38904248D3FFF77DFF45E03946891E42D01A
:20840000491E34D0491E1ED0081FB0D14FF40E706FF0C30108600C2001F076FBA06B0028E7
:208420003DD0304600F10C0100F110021268D20AFAD294F83C0008600027A76340F20346BA
:208440004E60BDE8F08140210A4603F0DDFE0C2001F05AFB206829466F39814202D3FFF73A
:2084600048FF2068F03D854214D3BDE8F0810C2001F04AFB012241460020E2620968E0601B
:2084800021B1884702E00C2001F03EFB2068F03D854204D240F203206FF0C3010860BDE82C
:2084A000F08130B5554C0125A560FDF770F90020FDF74EF80221074825620068E16010B180
:2084C0000146E068884730BDF8ED000840F9000804C700FC38F9000800C200FC003DFF0326
:2084E0002DE9F04FDFF81CB3444C4FF000084FF0050929E25FEA9A0700F02482D4F82C02D8
:20850000011DC4F82C12D4F8342200688A429CBFD4F83012C4F82C127F1E410880F0B481FF
:20852000C0F3440281082CBF80264646C0F383115508491E00F02D81491E00F0DA80491EDB
:208540004CD0C91E20D0491E40F0F9812E43F1B2C0F3036C31F07F0608D001F07F01CA0028
:2085600002EB4112A11801F58A7106E001F07F01CA0002EB4112A1187431BCF1060F04BFCD
:20858000C0F30640C861DAE1400BC0F0D881206841F20A21814240F0D281002E40F0CF81D0
:2085A0002E43F0B230F07F0508D000F07F00C10001EB4011601800F58A7006E000F07F0003
:2085C000C10001EB4011601874308169C86840F00100C8603046FCF7E0FEB0E146EA050100
:2085E000C9B231F07F030BD001F07F01CA0002EB4112A11801F58A7109E0C0463CF9000831
:2086000001F07F01CA0002EB4112A11874310B69002B40F09481002D40F091812569000B95
:20862000314600F0030225B910F0030F54D048462061022A3CD0BF480568012A4CD1012D89
:2086400008BF002930D0022D08BF80292CD0A669E6B966691EB3032D18BF042D3CD1BE48F6
:2086600001220068A26139B900F586310220B4F888202061404604E0104641462061424687
:208680008020FDF727FA2046056925E011B9D4F8946026B180291FD1D4F83461E6B94846C4
:2086A00026462061356917E048462061256913E066694EB1802901D1E66F1EB921B9D4F88D
:2086C0001C610EB1C4F810902569052D04D00846FDF7ABF997480568052D40F030814046A3
:2086E000FCF777FE8020FCF774FE4046FCF710FF25E1994801682E43F0B230F07F0508D0A6
:2087000000F07F00C20002EB4012A01800F58A7006E000F07F00C20002EB4012A018743090
:20872000320A05D28D4A04F5F8754FF0080C04E08B4A04F5DA754FF00A0C51182A6B05EB52
:20874000820301EB02115B688A6822F07F429B1A320A03D30968834A591811608168426893
:20876000A1EB030E9A18C0F808E0016842605B180360286B401C2863286B84459CBF404672
:2087800028632D68002D00F0DA803046FDF70AFBD5E046EA0500C1B231F07F0608D001F007
:2087A0007F01CA0002EB4112A11801F58A7106E001F07F01CA0002EB4112A11874310E6A4E
:2087C000002E00F0BC804E6AF6B1634A1568020A39BF04F5F872614B04F5DA72604B5B193F
:2087E000156B03EB051302EB850252689D6825F07F45521B050A0DD31B685A4DD3182B60EB
:2088000008E0C0460CC400FC8A69CE68936823F07F43F21A8B684E680D689B1A9619C1F85E
:20882000208052194E60504D8B6030F080062B680A6027D1020A0BD2A269012A06D14E68B0
:20884000002E18BFC4F810907FF44FAFC4F88480414A2669126826B198472669002E6ED140
:208860004CE002F5863104F16C00082203F0A8FBB4F87260404606B101203C49096860616A
:2088800088475CE098475AE010F0FE0F57D1384909680246C2F30320002843D0401E30D0D4
:2088A000401E0FD0401E47D0401E48D16FF0C3024FF40E70012610600029E6603FD030461F
:2088C00088473CE06FF0C3014FF40E700860FDF777F8142160606068A162032814BF6421BB
:2088E0003221022003F023F8FFF7F4FC40464146FCF762FFE66916B34046E061FCF7EEFDF1
:208900001DE0C4F860800320C4F864802669CBF8140326B9FFF7C5FD012020620FE0C4F8AD
:2089200020800CE0206841F29B01814207D2FFF7E0FC04E04CF900081046FFF7F2FC002F4C
:208940007FF4DCADCBF800A0DBF800A0BAF1000F7FF4D0ADBDE8F08FF0ED0008401301003E
:20896000901201000C0000FD34F9000830F9000838F900083A480068704700B5FFF7FAFF67
:2089800000F031FE10B137490220086000BD354A3C3A116A002011B1516A01B90120704791
:2089A000304A3C3A1168012011B9D16B01B900207047411A4FF0000058BF012070474FF0CE
:2089C0007B40D0F83811D0F8340108434FF0010107D1254B102253F8040F10B9521EFAD166
:2089E0000021002001B90120704790B50746642F88BF64271B4C04F11800007887420DD01B
:208A00001FB9002003F0F6F905E0394600204FF47A5203F0A1F93C3C84F8547090BDBA4855
:208A200070B500250126C0F8D8520E4CC0F8DC623C3CA66025656662A562FF2084F84000E1
:208A400000F0BFFC2846FFF7D0FF30462946A56401F010FD3046294601F0F2FC70BDC04655
:208A600030FCFFFFE8EE0008A8ED00082DE9F841FFF780FF054601F0D4F8A24CE16981428A
:208A80003DD1216A81423CD0216B6D1A642D38D310B1E76B002F34D1206200256562A56203
:208AA000E56210B1BB490F680FB90121A160FF2184F8401088B1E06B10B9012001F0A1F864
:208AC0002846FBF741F80320A56329462065012001F0D0FC012005460DE000F072FC2846DB
:208AE00001F033FF284601F08CF825650120294601F0C0FC0120294601F0A2FC01E0E06168
:208B00002563FFF737FF054601F082F8E1687E4F814223D12169814222D0A1696D1A642DBD
:208B20001ED32061B8B16069D0B1FFF730FFB8B100F0A1FA002100B101210025081C0BD0DF
:208B4000F7F794FB002804BF0120206004D0284601F02FFC00E00125656101E0E060A561BB
:208B6000FFF708FF2169226A02F0DCFDFFF702FFD7F8D852616BD7F8DC62A94212D06563B9
:208B800075B1226D0021FF23A163022A1CBF03222265606484F84030012001F06BFC01E01C
:208BA0000120A060A06BB0420AD04DB9A663FFF7EEFE28B1E06B18B90120314601F05AFCF8
:208BC000606828B10020606015B1012001F013FCFFF7D0FE0546FFF7E3FE00284AD1606B39
:208BE000002847D0FFF7D3FE002843D0616C2846FFF7DFFE00283DD0002001F070FD00284B
:208C000031D0FFF7DCFE002834D09C4D4FF400162E61FFF7C5FE20BBFFF7D1FE08B3002052
:208C2000694601F08EFF2E60A0B19DF80000FF2810D09DF800009DF800102D2884F8401031
:208C400005D29DF80000282807D8012000E00220206502E0FF2084F84000FFF78BFE05464A
:208C600004E02E6006E0FF2084F8400042F2107040196064B24EE06C356800284BD1A16DB5
:208C80002846FFF796FE002845D005F54871206DA16502283AD1A06C00282ED0401E2AD09A
:208CA000401E38D0401E0FD0801E2FD1E16D2846FFF77FFE78B33220FFF797FE4EF6602177
:208CC00001204919E16525E0E16D2846FFF771FE08B394F8540063280BD80D30C0B2642861
:208CE00088BF6420FFF781FE4EF660204019E06511E002200EE003200CE0052105F1640042
:208D0000A164F4E7ACEE000868E900080020FFF76CFE0020A064E16B30688046A1B9206848
:208D200090B1FFF734FE002100B101210025081C08BF256056D000F0FAF9E5620120E0638D
:208D4000284601F058FBE16B012925D0022949D1404600F07FFC01280CD0022842D1FFF788
:208D60005EFE00202060E0630121E16201F082FBBDE8F881FFF753FE0025E562256028461D
:208D8000E563014601F076FB0121284601F058FBBDE8F88140EC0008FFF711FE10B3D7F825
:208DA000D80290B100F03DFF78B14FF40015C6F81052FFF704FE002808BFC6F8005211D0F3
:208DC000002001F079FFC6F80052FFF728FEFFF7D1FD054602F00CFF0146284600F018FC19
:208DE0000220E063BDE8F881564901200860704778B5A8B9534C544E01204FF40015A060C9
:208E000069463560042001F0CFFF46F8105C38B9BDF8000040F28A2181423CBF0020A06020
:208E200078BD48480121001D0160704718B945480121083001607047424B00B5986A38B911
:208E4000FFF7A5FD20B14148006808B1D86B08B1002000BD0120986200BD3A49886A18B110
:208E6000002201208A627047002070473548083000687047334828300068704730FEFFFF43
:208E80002F482DE9F043056800F0C2FE074600F0C8FE064602F0ACFE80461FFA88F000F0C3
:208EA0004BFE2848002404604FF00109C0F80890C76021460761446007B949464161C66126
:208EC000046244628462C46244638463C4638464856122460563B8F1360F45644FF0FF0151
:208EE00080F8401008BF4A46002EC2640CBF221C0322026580F854108565C5651FFA88F0E9
:208F000000F012FD204600F07CFE2046FFF76DFD4846214601F0AEFA4846214601F090FABE
:208F20002046014601F0A6FA2046494601F088FA02F0D6FCBDE8F083054800787047C0462D
:208F400030FCFFFFACEE000840FEFFFF40EC0008ECEE000830B5782256230A7034244B706E
:208F6000001D8C7012220423CA7010F8012B03F003040D5D5B1C402B2A440A55F5D330BD47
:208F800018B504466946FFF7E5FF22789DF80010002091420FD19DF80110627891420AD1F1
:208FA0009DF80210A278914205D19DF80310E278914208BF012018BD30B5054600244FF41E
:208FC0007C314023ADF1480D032001AA009401F031FF00283AD101A8FFF7D2FF20B901A8E6
:208FE0002146402202F0CCFF05F0030501A811A98DF81150FFF7AEFF01A8042211A902F087
:20900000DFFF2146009406200A46134601F012FFE0B92246009420204FF47C31134601F097
:2090200009FF98B92146009406200A46134601F001FF58B9009402204FF47C3101AA402357
:2090400001F0F8FE002808BF201C00D0012012B030BD30B50546012D03D0022D18BF0B20FC
:2090600008D1AA4C2571FFF7A7FF002812BF0D200020657130BDA54808300168002001B97E
:2090800001207047A14830B505680024ADF1480D4FF47C31402301AA0320009401F0CAFE38
:2090A000002841D101A8FFF76BFF20B901A82146402202F065FF280A8DF809002B0C8DF850
:2090C00008502A0E8DF80A3011A98DF80B2001A8FFF740FF01A8042211A902F071FF2146A7
:2090E000009406200A46134601F0A4FEE0B92246009420204FF47C31134601F09BFE98B981
:209100002146009406200A46134601F093FE58B9009402204FF47C3101AA402301F08AFEC5
:20912000002808BF201C00D0012012B030BD774900B50868401C0860FFF7A4FF002814BF27
:209140000D20002000BD0346C0B510460F46002B3ED09E78002E3BD15E79002E38D15E782F
:20916000052E05D120B9FCF7BBFC03F053F831E006B90FB90320C0BD082818D1397880297A
:2091800015D17E789EB9BE788EB9F97804290ED13E7966B97E7956B9BE7946B9FE79012EEA
:2091A00005D8002006B9012001F05BF912E006280ED1387885280BD17E784EB9BE783EB92B
:2091C000F878042804D13879012801D8787908B10B20C0BD0020C0BD2DE9F04100280F46B8
:2091E00000F0B180002F00F0AE80467871097BD30178152927D0552940F0A58036F01105BE
:2092000040F0A1808578002D40F09D80C578002D40F099800579002D40F095804579002DF8
:2092200040F091808579002D40F08D80457A002D40F08980082AC0F08680BB79F8790821AA
:2092400040EA03200FE036F011057CD18578002D79D1C578002D76D14579002D73D1042AC7
:2092600071D3F87804214018811C8A426BD3395C01F03F01312903D0332918BF342933D18F
:20928000C419611C0D7843199B1A13F1020F5AD1385CDFF8788006F0010600F03F003128B6
:2092A00036D0332823D034281ED10E2D1CD12779A07907F00707032F45D830F0020118BFE0
:2092C000032840D107B901274446277100B1A071002E35D03846FFF76FFE002808BF6771AB
:2092E0002ED00D20BDE8F0810320BDE8F0810878022828D14F7837BB897831F0010022D182
:20930000664801F0010101601AE0C04660EF000808780E2817D1CD7835F01D0013D168097A
:2093200006D3280904D2FFF798FD60B125F010054446E07905F0180500F0E7000543E5711D
:209340000020BDE8F0810B20BDE8F08154480068704701F004B830B5514C00210C22ADF1BF
:20936000440D204602F00CFE01F0A0F801204FF47C3120714023607101AA0220A0710020DD
:209380000090032001F056FDC8B901A8FFF7F8FDA8B19DF809509DF808109DF811009DF892
:2093A0000A309DF80B2041EA052110F0030041EA034141EA026121601CBF2071607111B0E3
:2093C00030BD3748C01D017801F0E70101707047F0B516461D460746332E05D0312E18BFAD
:2093E000342E07D1102400E004241FB18C4298BF032D01D90020F0BD0021224602F0C0FDF3
:20940000A01E3E70012D787025D02548312E1BD0332E0ED0022D07D0032D14BF01794179A2
:2094200039718179B97122E00121022039710146F8E7002D18BF032D19D118480068002141
:2094400000B1012108460EE0002D18BF032D0ED1C01D00780AE0312E07D0332E1CBF032115
:20946000081CE3D10120F87001E0182038712046F0BD10B50A4CE079000938BF00200BD344
:20948000FFF7DAFCE079400905D3FFF7E6FCE07900F0E700E071012010BDC04668EF0008DA
:2094A00060EF000800B500F0A3FB002100B90121B348016000BD00B5012002F09BFC00207E
:2094C00000F052FB322002F01DFA012000F057FB00BD00B5002000F052FB322002F012FA72
:2094E00001206421322202F037FC00BDF0B50446A448026B476B91007F1C01EBC201014476
:2095000001F1380108BF01279F4A1568036852682E06002543EA164302F0FF0206790D60E8
:2095200043EA02434C6043EA06638B600F60016B4763491C01F007010163F0BD30B5914CD6
:209540000D462060401E0728E5611FD8DFE800F03D3A422F2C042923FFF7A4FF002000F0AA
:209560000EFB322002F0CEF9A089362834D0A089352802D0A089372802D1012000F0F4FA9A
:2095800001206421322202F0E7FB25E0FFF793FF0020206023E0FFF78EFF00200121207177
:2095A0000DE0FFF788FF1AE0FFF785FF14E0FFF782FF0020207105F5FA712161014600F093
:2095C00059FF0CE005F1320008E0FFF76BFF002000F017FBFFF77DFF05F5FA602061284600
:2095E000FFF784FF30BD10B5044600F001FB002818BF00200BD163494C6100208861486AFB
:20960000401C486201202146FFF798FF012010BD5C4B00221A719981014659619A61186A55
:20962000401C18620120FFF789BF411A4FF0000058BF0120704700B500F0DAFA504920B189
:209640000846006820B1012000BD084601210160002000BDF8B54B4D0446286830B1686926
:20966000A969201A814238BFA8616C612868401E072879D8DFE800F0514941362D170F0481
:2096800000202860EC61E86A0226401CE8622046FFF72CFF69E029692046FFF7C6FF00280A
:2096A00062D001205DE0FFF7C6FF80B929692046FFF7BBFF002857D02879401C28712879F8
:2096C00003284BD308202146FFF738FFD8E7072047E0FFF7B0FF002842D12869201A43D4B6
:2096E00006203EE02869201A3ED400202860EC61A86A0126401CA862C9E7FFF79CFF00284C
:209700002ED12869201A29D52EE0FFF794FF38BB2869201A28D4032023E0FFF78CFFF8B9D8
:209720002869201A1AD500F07CFA07469648006800F00F010020032908BF0120384313D1E3
:209740000420694601F030FB77B928B9BDF8000040F28A21814207D3022002E0052000E0D1
:2097600004202146FFF7EAFE00263046F8BD01700A0A42700A0C8270090EC1707047C046EB
:2097800010F2000808F2000838BCF7FFDFF8FCC12DE9F04F81464FF0080E4FF00008ADF1E9
:2097A000600D5CF80C7F57B3DCF804B0DCF808A0DCF80000874222D14646B10001EB0D0287
:2097C00001EB0D032032403369440AE000EB0D052D6A41F80449684442F80459006C43F82D
:2097E00004092EB1761EB00050F80D403D1BEDD40F60C2F800B0C3F800A008F10108BEF1A6
:20980000010ECED1B8F1000F12D04B46474610AE08AD1C1D55F8041B1846FFF7A8FF56F881
:20982000041B2046FFF7A3FF083308347F1EF1D15FFA88F018B0BDE8F08FB0B5071C01D01F
:20984000802901D00020B0BD024600218020401E02F8011BFBD1522144203970012478702B
:2098600058253C714D22BD704B4BFA70186878711879B87199894948397209127972016832
:20988000434DB972426807F10C002968FA72FFF76EFF296A07F11000FFF769FF196907F18C
:2098A0001400FFF764FF596907F11800FFF75FFF996907F11C00FFF75AFFD96907F1200056
:2098C000FFF755FF196A07F12400FFF750FF596A07F12800FFF74BFF996A07F12C00FFF71A
:2098E00046FFD96A07F13000FFF741FF294B196807F13400FFF73BFFD96807F13800FFF7CA
:2099000036FF196907F13C00FFF731FF07F14000FFF73CFF01462046F971B0BD1E4801687A
:20992000002001B10120704790B51B4CA081FFF7C2FD002222601648A26004F1100122715E
:2099400020300A600068606122636263A261E061226262620827A2622831E2627F1E41F8A8
:209960000C2BFBD1FFF7C2FD90BD00B5FFF7A3FD094A002010600649906020311071086833
:20998000D061FFF7B3FD00BD280100FB34F2000810FCFFFF088CF7FF08F2000838BCF7FF61
:2099A000014610B508291CD3082915D0092913D00A2918BF0B291AD1A848021F1468093958
:2099C000012303FA01F2224202D01A46001D8A40114602F013FC10BDC44AC81F014610463F
:2099E00000E0C348036801228A405A40026010BD082810B517D308280AD0092808D00A2837
:209A000018BF0B2819D1A0F1090394480C3802E0C31FB6480838012401FA03F204FA03F18C
:209A200002F0ECFB10BDB24C012301FA00F203FA00F1A4F1080002F0E7FB10BDB0B50828B0
:209A40000F4625D3082812D0092810D00A2818BF0B2837D1814D09380124002284402146D1
:209A600028460C3002F0CAFB28460C380BE09F4DC01F01240022844021462846103002F00B
:209A8000BDFB284608382146002202F0B7FBB0BD974D01248440002228462146103002F0D0
:209AA000B3FB002228462146083802F0ADFB214628460A46303802F0A7FB2C3DAC602C6104
:209AC00007B12C60B0BD0021FFF7B8BF70470246082A12D3082A0DD0092A0BD00A2A18BF09
:209AE0000B2A10D1A2F10900012202FA00F1AE480A4606E07D48D21F00E07D48012191402A
:209B0000002202F07BBB70470246082A0DD3082A08D0092A06D00A2A18BF0B2A0BD14F4824
:209B2000093A03E07148D21F00E07148012191400A4602F063BB704770B59F4D0646002431
:209B4000382E2C6003D02046FFF7C1FF02E02046FFF7DAFF964801210A4602F055FB382E15
:209B600018BF01242C6070BD9349096831B110B90020FFF7ACBF0020FFF7C6BF704710B99C
:209B80000320FFF7A4BF0320FFF7BEBF002100B901210846FFF7F3BF014610B508291DD394
:209BA000082916D0092914D00A2918BF0B290ED17E4A1468A1F10900012101FA00F3234207
:209BC00007BF5268181C926801FA00F00AE000210AE07A4AC81F0146104600E078480268A5
:209BE0000120884000EA0201002001B1012010BD00B50220FFF7D0FF002100B901210846E9
:209C000000BD10B90B20FFF762BF0B20FFF77CBF00B50120FFF7C0FF002100B9012108464B
:209C200000BD00B50520FFF7B7FF002100B90121084600BD62481838026850F8101C1140B1
:209C40000160704700B50420FFF7A6FF002100B10121084600BD01207047C04624F8F7FF89
:209C6000F0B5574F0120FF25A7F13804206052486561002606604FF6FF7020621C48C82191
:209C80000A4602F0C1FA262138463246E5642C3802F0BAFAC8206063144806210A4602F0C7
:209CA000ADFA464C06210A462046143002F0A6FA062120460A46001F02F0A0FA06212046A3
:209CC0003246083802F09AFA3E4C04213246204602F094FA0421204632460C3002F08EFA80
:209CE000324804210A4602F089FAF0BD48E5F7FF3CBCF7FF3449354B2E4A0020411A0968E1
:209D0000C01A0068126801F00601C90100F0060040021143084370472B492C482C4B0022B6
:209D2000091F511A0968001F121A10681A6801F00601C90100F0060040021143084370478A
:209D40002148204A00211C305242081A891A02680868D101400281F4407180F4406001F44D
:209D6000407100F44060084340F0FF007047164916480F4B002210B51831511A0C681830FF
:209D8000121A10681968E201400282F4407280F4406002F4407200F4406081F0FF0101F09F
:209DA000FF010A43104310BD28F8F7FF18F8F7FF34BCF7FF4CBCF7FFECED000844E5F7FF36
:209DC00038BCF7FF14F8F7FFA81A0800D007080050BCF7FF504910B50020C8600880012499
:209DE0004C804E49212001F0DDFA4D49204601F0F0FA4C49812001F0ECFA10BDD3484A4A97
:209E0000D14900681288002309180120FBF7DABB428841490020891C0A80704741883E4A8F
:209E200000201180704710B50446404801F0CEFAC648C549E288006809180020FBF70DFE3E
:209E4000002010BD70B5C14C334DBF4A2668AB7802F1400189190B706B88246841321B1239
:209E60001355C288022AA8BF02228020FBF7F5FD002070BD00B5284AB44BB34912881B6869
:209E800040311212C9180A70C288022AA8BF02228020FBF7E2FD002000BD0246B0B5AB48E3
:209EA00051880F120068C64900247F1E0BD0BF1E12D1602592230D5409184B70D288022AD8
:209EC000A8BF022204E0D288092AA8BF092209188020FBF7C2FD00E001242046B0BD4178F1
:209EE000491E15D0491E11D0491E0DD0891F09D0491E05D0491E18BF01200BD1FFF788BF55
:209F0000FFF78CBFFFF78FBFFFF79CBFFFF7B2BFFFF7C3BF7047C04674FB0008DF9E0008D3
:209F2000A1A10008AFA10008ECF90008B1A100082DE9F8478246854CA24E83482768DFF829
:209F400090C2DFF87C92DFF88082A24BB168C01902780025521E0B2A00F28580DFE812F00E
:209F60007B0060004E002A000C0083001A018300F800BA0098008500002900F00E81414663
:209F8000C91911F802EC11F8032C11F801CC0F788E784878CC780B7942EA0E2242EA0C42EF
:209FA00040EA062042EA076640EA044040EA03603060F2E0002900F0F0804146C91911F860
:209FC000027C11F8033C11F8016C0A7843EA0723042743EA064343EA02631E6881F83C708E
:209FE00080F8415080F84250330A80F84350320C80F84450310E80F84560B9E0002900F0AE
:20A00000CC802946009506200A46134600F012FF2946C7202A462B46009100F00BFFBCE0C2
:20A02000BAF1000F0BD1294680200A461346FBF7C9FA664C2068C068400808D2B168002957
:20A0400000F0AB80FBF74CFD02F0E4F8A5E0012001F02AFDEEE7002900F09F806046C05D4E
:20A060007060358099E0012597E0DB19187813F8014C2E46012744EA002407FA06F004423E
:20A0800002D03046FFF71FFD761C0C2EF5D384E0DB191A7813F8014C997858782E46012713
:20A0A00044EA022440EA012807FA06F004420DD018EA000F03D13046FFF709FD02E0304630
:20A0C000FFF722FD30463946FFF792FC761C0C2EEAD362E02E462F463846FFF75DFDB84078
:20A0E0007F1C06430C2FF7D3FFF741FE0746FFF727FE226849460A238B542268414601F1B2
:20A100003D0398542268000A01F13E039854206801F13F031F5420683A0A01F140031A54C2
:20A12000206801F141073E5422684746300A07F142039854216807F143067554216807F13D
:20A1400044035D541AE0C04624360100F0ED0008092180F840102B4680F8413080F8423091
:20A1600080F8433080F84430082280F84530012180F8463080F8472080F84810BAF1000F78
:20A180000BD02068494609222B4609188120FBF719FA02E06046C05DB0602846BDE8F88723
:20A1A00000B50120FFF7C4FEFFF728FE00BD7047094800780B2802D00020FFF7B9BE70476F
:20A1C0006436010078FB00082836010068FA00082536010026360100A9F90008B24AC10080
:20A1E00001EB4011521860B9506828B1107800280CBF0422022200E00622BA48062101F027
:20A20000FDBF506828B1107800280CBF4022802200E0C022B448C02101F0F0BF0246A24801
:20A2200090B5D10001EB4211401887691FB1017B012940F08780017B02296DD0076A1FB1AF
:20A240000023036201274762012953D0877D07BB477DAFB9077D37B90169416087680021D7
:20A26000002F2CD00AE0017D491E01754768002107B9012141608768002107B301211EE031
:20A28000417D491E41754768002307B90123012114E0817D491E2BD0491E25D0491E1CD008
:20A2A000491E11D0491E0CD1077D0FB3017D491E01754768002307B9012300214360017086
:20A2C0003CE00024012111E0002101704160C17D491C4B000521037504E00421012400231B
:20A2E00004704360817529E0012403212346F7E70221F3E707785FB1032F06D0012F1CBF19
:20A300000021012306D1022103E001210B4601E003210023017010E0077D3FB90021C76952
:20A320000173DFB1C1610121016290BD017D491E01754768002307B9012343601046FFF725
:20A340004DFF90BD0021816181750227077341750122C261142404750162416290BD9949E6
:20A3600000B5087C022806D00878401CC0B2052838BF087006D300200870FFF74FFF0120E4
:20A38000FFF74CFF00BD01460020022938BF0120704700B50246FFF7F6FF40B14249D0002A
:20A3A000002300EB42100918486A4B6200BD002000BD00B50246FFF7E6FF40B13A49D00007
:20A3C000012300EB421009180B6108224A7500BD00B50246FFF7D7FF60B13349D00014238C
:20A3E00000EB421009180B7502220A7301230B610023CB6100BD00B50246FFF7C4FF40B19B
:20A400002949D000012300EB421009180B6106220A7500BD00B50A460346FFF7B4FF11465A
:20A4200068B106290BD8204AD80000EB4310012312189375D175002393611362536200BDD7
:20A4400000B50A460346FFF79EFF114640B1002201B101225B49D80000EB431014310A5083
:20A4600000BD002100B10121564A0846107482F838007047B0B503460F46FFF784FF394655
:20A4800080B1002001B101204F4C30B1D9002246012501EB431108325550D900224601EB69
:20A4A00043115050B0BDC04610EF00080E48C021F0B50A4601F0A2FE0A4806210A4601F0B7
:20A4C0009DFE424DC02128460A46183001F096FE3F4C062120460A46183001F08FFEC021D7
:20A4E00004E0C04648E5F7FF3CBCF7FF28460A4601F084FE062120460A4601F07FFE0621BE
:20A5000000222046001F01F079FE2E4D00242746A5F1240606F8284F7460B46034733461C7
:20A5200034757475B475F475B461F461346238467462FFF753FE7F1C022FEBD32C70F0BD89
:20A5400000B50246FFF71FFF68B11F49D00000EB4210091D0A1811780120022904D0D16832
:20A5600011B9516901B9002000BD1749091D0A780020012A04D191F82810012908BF0120C5
:20A580007047022808D21349C200012302EB401009188B6100224A627047022811D20A498F
:20A5A000C20002EB401008390022091801F10C038A7518698A6108B11A701A721A615A61A7
:20A5C0009A6170470CEF000818EF000834BCF7FF40E5F7FF10EF000890B51F460B4611465D
:20A5E00000B90FB9002090BDA14A02EB80021468012C07D10A461946FDF7A5FA02460B46B7
:20A60000012007E01068022808BF181CF6D000200023024687E80C0090BD30B5002204462B
:20A62000F8F7F9F888B9002120460A46F8F7A9F958B9904DE4010121002247F23053A5F128
:20A640001800201AF8F750F808B1022030BD641B2168002011F0210F18BF012030BDB0B506
:20A660000446271CADF1340D03D111B1D1F8540208B1002031E08D8843F2C874AC4203D088
:20A6800047F28C30A8421DD168460021342201F077FC802327208DF80130EF228DF800002E
:20A6A00069468DF80220072338468DF80330FFF7B4FF48B9AC4205D13846F8F77DFB002170
:20A6C00050B908E0012008E047F28C320021AA4202D1012800D1012108460DB0B0BD0028ED
:20A6E00012BF0020A44951F82000704730B558B95F4982000024A14B9F4D8C50D158AC503F
:20A70000491CD150FCF748FE30BD10B5B1F8A430B1F8AA2004464FF6FF71ADF1340D99421F
:20A7200027D0580825D3914201D050081ED268460021342201F024FC80238DF80130B0227D
:20A740008DF8022027208DF800006946D8234F228DF8033020468DF80520C2238DF8063003
:20A76000FFF75BFF10B1401E03D005E00120014604E00021012001E0002108467E4A0DB04F
:20A7800042F8241010BD30B50024C1F8C0420546A1F8CC42FFF7B9FF18B13548012440F877
:20A7A0002540204630BDF0B5764A754E01F5207301F50B7C282701F504741CF8015B7F1EE9
:20A7C00086EA050602FB06F6F7D1142714F8015B7F1E86EA050602FB06F6F7D1082713F887
:20A7E000014B7F1E86EA040602FB06F6F7D1624C8700241D3D192D1D2B6813B1E2599642B5
:20A800000BD0FDF745F918B9002101202960F0BD012802D1E651012028600020F0BD30B554
:20A820000C4605463422ADF1340D0021684601F0A7FB272080228DF80000D4F874128DF89F
:20A840000120002928460CBF402142218DF8021001248DF80C4040218DF807106946FFF782
:20A86000DCFE002100B9214608460DB030BDC04638F30008E0FEFF04F0B5061C0F4662D15C
:20A88000FFF734FF002F5ED0D7F8540200285AD107F5207090E83000002D08BF002C52D044
:20A8A000D7F8A40200284ED007F5207003C807F51E7282E80300B7F800014FF6FF7484425F
:20A8C00001D0C00806D230463946FDF751F9022806D050B930463946FFF765FF002832D052
:20A8E00030463946FFF74FFFF0BD01282BD1B7F80001844227D010F0060F24D1D7F85402B1
:20A9000008BB07F5207090E83000002D08BF002C19D0D7F8A402B0B130463946FFF77FFFF8
:20A9200088B107F5207003C807F51E7282E8030030463946FFF7E9FE28B1134A0221012042
:20A9400042F82610F0BD0020F0BD28B90A49002201EB8000426082607047002812BF0020F7
:20A96000094951F820007047002812BF0020034951F820007047C04640F300083CF3000868
:20A98000C59D1C819301000138F30008C84BF0B540F28442044602FB04F0185800250E461C
:20A9A00068B1B7685FB12046FFF7D7FF874206D12046FFF7D9FF7168814208BF0125284652
:20A9C000F0BDBC4940220A6008B1202008607047B84A10B56023044610321360FFF7D6FFCD
:20A9E000002818BF012008D1CA480023C0EBC41003601846FFF7E5FF184610BD2DE9F0419D
:20AA0000061C0F4649D1002F47D0A94940F2844070430858002840D0DFF8F882F401A8F14D
:20AA20002000251A69682868084336D13046FFF794FFB8603046FFF797FF7860394630461E
:20AA4000FFF7C6FF48B355F8201CB3483960084045F8200C39463046FFF798FF48B1696826
:20AA60002868084305D10120FFF7ABFF0120BDE8F08130463946FFF789FF38B94046002122
:20AA8000241A8C4F216040263E6006E039684046241A01202160FFF794FF0020BDE8F0816C
:20AAA0002DE9F0410C46064690461146FFF790FF214618B330460022F7F7ADFE071C05D1A3
:20AAC000002130460A46F7F75CFF07460120FFF778FF924D4FB9F4010121002242F22833BC
:20AAE000601BF7F701FE071C0BD0F401601B0068400806D330460121F9F708F80020BDE8AA
:20AB0000F08130464146FFF763FF0028F6D001263FB980480C38241A206810F0210F08BF99
:20AB200000260120FFF74DFF002006B90120BDE8F081784A0968C2EBC01001600120FFF74E
:20AB400040BF2DE9F0470F1C8146ADF1400D07D04FF0FF080DA987F80080FFF74FFF08B9F5
:20AB6000002050E068460021342201F009FA4FF0010A4F2627218DF80010B0238DF8023046
:20AB8000D0228DF8032080208DF80100634C8DF80CA0644D8DF80560C22128344FF4007385
:20ABA0000DAA48468DF80610C4EBC914089369462560FFF775FF0DA9064625604846FFF7E5
:20ABC00007FFF0B1C6B15948574903681E22444600200646C91811F80C3FC22B09D00B78F7
:20ABE000BE2B02D108B94C795046521EF3D118B100E04C793C70564648460DA9FFF799FFC1
:20AC000000E00026304610B0BDE8F08730B504460D46FFF7DDFE28B120462946FFF789FF5D
:20AC2000012030BD002030BDF0B50646ADF1400D0DA9FFF7E3FE002808BF002035D06846CE
:20AC40000021342201F09CF9394940F284402722802370438DF8002008588DF801300028FD
:20AC60000CBFE721EA212F4C2D48F5010DAA8DF80210A41E2D1A304669462C60FFF710FF03
:20AC8000071C2C600AD0E0208DF8020069460DAA2C603046FFF704FF07462C6030460DA93E
:20ACA000FFF7B4FF00B90027384610B0F0BDC04640EC000830FEFFFFF0B50746ADF1400DDD
:20ACC0000DA9FFF79BFE002808BF002020D068460021342201F054F9E020802127228DF85E
:20ACE00002000F4C8DF80110124D8DF80020C4EBC714384669460DAA2560FFF7D1FE064659
:20AD00000DA938462560FFF781FF00B90026304610B0F0BDECFEFF04FCFFFFBFC8FEFF04D3
:20AD2000F0FEFF040300004006160100F0ED0008DCEB0008010000409C490A68920AFCD30B
:20AD400040F08060C8620868400AFCD3086BC0B2704710B5954C964B2268104218BF00203A
:20AD600005D11A68521AB2F57A7FF5D3022010BD30B50C46054611464FF40070FFF7E9FF4E
:20AD80002A4680B9894D4FF48070EA62FFF7E1FF48B9296B28682160400903D310210120C8
:20ADA000296030BD002030BDF8B584460F1C02D0BCF1070F01D90120F8BD00247C483C8085
:20ADC0007C4D06686946324628467F38FFF7D0FF88B928466946324640EA0C10FFF7C8FF52
:20ADE00048B9009D744869463246FFF7C1FF05F00301090208B1044604E0009800F0FF00AA
:20AE0000014339802046F8BDF0B56C4C17460E4605463C4302E0012000F074FD01F09FF955
:20AE20002046FFF789FF3846FFF786FF28408642F1D1F0BD2DE9F04307460D4607985F4966
:20AE40004FF001091C4694464FF0000809FA00F00304384683F47F03801E03F47F0353D07B
:20AE6000401E30D0C01E27D01A3806D0A7381ED0113818BF4FF003086CD147EA030040F09F
:20AE80008050FFF759FF10264446022C34BF4FF08050404625FA06F101F0FF010843184371
:20AEA000FFF74AFF641C083E032CEED34DE043F0C700FFF741FF48E043F00600FFF73CFFAE
:20AEC0000220014643E00846801E1843FFF734FF0327102625FA06F000F0FF00184340F087
:20AEE0008050FFF729FF083E7F1EF3D194B3641E0CBF40464FF080501843FFF71DFF0CF823
:20AF0000010B002CF3D125E00846C01E1843FFF713FF0327102625FA06F000F0FF001843E2
:20AF200040F08050FFF708FF083E7F1EF3D164B1641E0CBF41464FF080511CF8010B1943F8
:20AF40000843FFF7F9FE002CF2D1484641461A46FFF75AFF4046BDE8F08370B5184E40F6A7
:20AF6000036101200325A6F114040A4620603046656001F043F940F2016130460A46001DC6
:20AF800001F03CF90F48A064E564042020630E4820650E484FF080710A4660650020E0606A
:20AFA0003046103801F02AF970BDC04610F8F7FF10FCFFFF800005110000050105000010D3
:20AFC00014F8F7FF0000020208030101082400014170091201707047B0B504AF3D780C461E
:20AFE000114622460446A018FFF7F2FFA4186021C570022D817007D0E371180E20711F0C0A
:20B000006771190AA17104E0241D99B22046FFF7DFFFA818001DB0BD2DE9FC4F071C154650
:20B0200000F0A980002D40F0A680202B00F0A180212B21D00D2B40F09E801029C0F09B8051
:20B040000021102200F09CFF0024BC703C717C714325BD710226FE710D2038700C23FB708C
:20B06000FDF76AFF0121F972BC723D737E737872FF23FB731021DFE074297CD3002174220A
:20B0800000F07EFFBE1C70212120F97000223870134601961C4604213846347002268DF81E
:20B0A0000060FFF799FF8046284600F019FADFF890A140F2844B4FF47A7901240646012C8E
:20B0C00029D0052C27D0062C25D0022C0FD0082C07D00A2C12BF00230BFB05F01AF80030A9
:20B0E0002EE0FDF7C3FE002300B1012328E00AF11D000BFB050090E80C00002B08BFB2F151
:20B10000FF3F05D8B2FBF9F04002B0FBF9F317E04FF0FF3314E0E6B1012C01D1F368C3B1E4
:20B12000052C01D17369A3B1062C01D1336983B1012C08BF336803D0052C0CBFB3687368B4
:20B140000420A2B28DF8000041463846FFF744FF8046641C0D2CB2D9B8F1720F08BF4FF07A
:20B160007408A8F1040081B20198FFF731FF404661E0382901D200215EE00021382200F0FF
:20B18000FFFE0026342502242020BE703246FD7004213870134638468DF80040FFF71CFF40
:20B1A0008046FEF7D3F80425034601228DF8005041463846FFF710FF01468DF80050224611
:20B1C00033463846FFF708FF8046FEF711FD334600B10123032238468DF800404146FFF77F
:20B1E000FBFE01468DF800402A4601233846FFF7F3FE804600F0FCFC3546382803D1FEF7FF
:20B2000021FD00B901252B468DF80040384641460522FFF7E1FE01468DF80040062207239C
:20B220003846FFF7D9FE01468DF800401A4638463346FFF7D1FE01460846BDE8FC8FC046D0
:20B24000CBEB00088F4800B50068052808D10020FAF7BFF88020FAF7BCF80020FAF758F9C7
:20B2600000BD10B5874C103CB4F8720040B194F86C0020F07F00802814BF0220012000E0F9
:20B2800003202061FBF7F3FA08B105202061FFF7D9FF10BD10B57B4C216801290AD00329EC
:20B2A00006D1B4F8480008B1FAF78DF800200EE005200CE08268002A08DDC16843689942CD
:20B2C00004D101688020FAF705FC01E004202060FFF7B8FF10BD90B56A4C2168022906D01A
:20B2E000042902D00520206012E00020FBE78268002A03DDC1684368994205D063490F681B
:20B3000007B1B8470320EEE701680020FAF7E2FBFFF798FF90BD70B55C4C064604251C3CB3
:20B3200054F8040F20B10146304688476D1EF7D170BD574B024600B50846110A38BF10338F
:20B34000920022F400729958884700BD10B5504C022004F108018B6A0A6B0B60401E0A6137
:20B3600001F10401F7D14B4901200860FAF798FC54342068804710BD10B5454C022004F15B
:20B3800008018B690A6A0B60401E0A6101F10401F7D1404900200860FAF782FC50342068BD
:20B3A000804710BD3C4A1368042B28BF01200CD202EB83035966116800F07F00511881F8E7
:20B3C000740011680020491C116070472F49086070472F4A030A38BF1032800020F4007079
:20B3E000115070472A49543108607047284A030A34BF3832303220F080008000083811502F
:20B40000704725490A1D1268042A28BF012006D201EB820290644A680020521C4A60704753
:20B420001B49503108607047020A34BF184A1A4A20F0800080000838283211507047124827
:20B4400010B500214FF40E7200F09AFD124C0021702204F1080000F093FD10491248104A21
:20B46000A16100680F49A26000F586300860FBF72DFA00F027FE0D480D490E4AFAF7DAF900
:20B4800010BDC0464CF900083CF90008E4FB00088CFB00086CF9000884FB0008D7B2000854
:20B4A00095B2000864F80008F0ED000863B2000833B3000817B3000890B5071C0FD18B4CF8
:20B4C0006422002102FB0740183000F059FDF8000021182200EB0710201800F051FD90BDDB
:20B4E000002818BF002004D1804AC10001EB00101018704730B97D496422183102FB001067
:20B50000016E01B9002070474178007840EA012080B270472DE9F0475FEA00080F46ADF135
:20B52000180D6CD1002F6AD068460021182200F027FD04224FF0010CBB5CD0194478801C59
:20B54000FFF7E2FFE10828BF142103D261082CBF0C21042144EA030550EA050642D0814244
:20B560004DD88118B1F5FE7F49D80A2B35D30C2B33D814F0050F30D1042840D908283ED8A6
:20B5800000240A2B08BF0DF10C0E05D00B2B0CBF0DF1100E0DF1140E0A2B08BFE94605D061
:20B5A0000B2B0CBF0DF104090DF10809DEF800602EBBBB18061F254693F804A0E900761E42
:20B5C00003F1010305F101050AFA01F141EA0404F2D1C9F80040CEF800C08218101DB0F598
:20B5E000FE7FA9D941496F461CCF4FEAC80000EB081009181CC197E80D0081E80D0006B068
:20B60000BDE8F0872DE9F04306460C4691461046984600211A4600F0B3FC042533465E5D9F
:20B62000E8184278801CFFF76FFFD10828BF142103D251082CBF0C21042181421CD8B0F594
:20B64000FE7F19D24719B7F5FE7F15D2B4420FD112F0050F0CD1421A904538BF4246491937
:20B6600048465B18194600F0ABFC0120BDE8F0834519B5F5FE7FD2D30020BDE8F08370B513
:20B68000061C0D46ADF1640D2DD1002D2BD068460021642200F074FC284606216A462023C3
:20B6A000FFF7B0FF0024A0B108AA284631212023FFF7A8FF68B110AA284605211023FFF78E
:20B6C000A1FF30B114AA284635211023FFF79AFF00B944B10648012164221891694602FBAC
:20B6E000060000F06DFC19B070BDC046A0F20008B8F20008411A4FF0000058BF012070471A
:20B7000001467D4801700020FEF784BE10B504460020FEF742FF002C0CBF002007207749F2
:20B72000086010BDF0B5754C164622680F460546002E40F095803AB1072A05D06169FFF7C4
:20B74000D9FF002840F08F80101C7DD0401E6ED0401E6AD0401E59D0401E4CD0401E26D0A8
:20B76000401E01D0F7B181E00020FEF712FE00287CD0207A60B1012804D006280CD100F055
:20B7800049FD0EE00220FDF764FCF6F7A4FF02E00120FDF75EFC207A012802D8A561032058
:20B7A00060600FB9002059E00722104656E0E1680A461FB12846FFF79DFF78B1284611469C
:20B7C000FFF798FF002851D0207A06282EBF0020401CC0B2FFF794FF03203FE041F288303A
:20B7E0004EF6602140192061491961610020FEF7C8FE0622D9E73FB121692846FFF77AFF6C
:20B80000002833D001202FE0052027E0002F2DD041F2883105F57A734EF660204919E36039
:20B820000422216140196061BFE7FFB9D4E74FB121692846FFF75EFFC0B10020FFF760FFFC
:20B8400002200BE000200FE087B141F288304EF6602140192061491961610120206005E060
:20B8600022B1072A02D03846FFF750FF206A30B1E1692846FFF73EFF08B1002020626268B4
:20B88000002A2CD0022A25D0A1692846FFF732FF28B3012A16D0032A0BD0042A1FD1002090
:20B8A0006060FAF767F905F5FA65E56101202062F0BD6EB9FAF714F911480568042005F57F
:20B8C0007A750AE026B96D1CA56103206060F0BD0220FBE71EB901206D1C6060A561F0BD99
:20B8E0000649002008604860C860086148618861C86108620872704790EE000888EE0008DE
:20B9000030FCFFFF10B57349734B0C681A688218904208D91868824205D20868844202D355
:20B9200018688242F9D318688242FCD810BD70B5694D0E46C300012105F1740201FA00F4A3
:20B94000A3F56C7314601A68800081402846B218001F1A600A465E6000F050FC2146284649
:20B960000A46703000F04AFC70BD10B55B485A4C03684FF47A7104F1240200201060594386
:20B9800042F8040C491E51604FF4FA71FFF7CFFF0120FA21FFF7CBFF02206421FFF7C7FF74
:20B9A0004FF4802120460A46703000F027FC022120460A46103800F021FC10BD494A46491D
:20B9C00010684FF48023401C106078310B607047404A414910684FF40033401C10607831FB
:20B9E0000B60704710B53E4C00212160C4F880103A48616100682161401EA06136484FF49A
:20BA000000310A46703000F0F9FB012120460A4600F0F4FBFFF7A9FF10BD334810B5006857
:20BA2000FDF797FCFAF79EFF304C206818B930490120086003E0FDF7F4F900202060264848
:20BA400004217830016010BD23480221783001607047284870B5016841F21A028A421ED195
:20BA6000274CA4F11806244A316805468A4202D02248884201D100F0CDFBD5F89C0170B167
:20BA80000720F0602168490E09D3D4F89815C90AFBD2C6F8AC0540F20C40C6F8B0051048A2
:20BAA00001218830016070BD10B50E4A0C49136830310C680419A04208D90868844205D26F
:20BAC0001068834202D308688442F9D308688442FCD810BD30F3000810FCFFFFF4ED00085D
:20BAE00000FCFFFF34F300080CC700FC58E90008FCED00083CF90008401408014214C8005C
:20BB00007CC100FC2DE9FC43DFF80081404E2A2208F10205311D284600F052FA4FF0000925
:20BB200008F12C0438204FF478314FF480732246A8F800000320CDF80090FFF77BF9002850
:20BB400054D130680421261D019016F8010B01AA01F00303D75C491CC019D054080AF4D008
:20BB60009DF804002178884240D19DF80500617888423BD19DF80600A178884236D19DF855
:20BB80000700E178884231D104F1080128460A2200F016FA05F10A0004F11201082200F0BF
:20BBA0000FFA05F1120004F11A01102200F008FA05F1220749460822384600F0E1F9217986
:20BBC00046463846052905D2617919B9A17909B9E17921B104F19C01082200F0F1F994F880
:20BBE000A51094F8A40040EA01203080BDE8FC830648008828B14FF6FF71814218BF01281A
:20BC000000D1372070470148801C70476CEF0008B0C500082DE9F0413B4F3C483C4C4FF4A9
:20BC20000E71002640F28442C7F80C1131460660204600F0A5F9D7F8C0013146400C18BF90
:20BC40000121344D0028A9600CBF4B202820686000F0D4F9FFF781F9FFF7C4FEFEF700F8F8
:20BC60002868EE214FF4A03200F08AF900F056F9F4F735FBFDF704F9FFF7E1FBFCF7C1F8D4
:20BC8000F8F762FFF7F75EFBF9F774FFFCF775FE00F052FA4FF4001800F061FAF7F710FE66
:20BCA000D4F8400404EB8000D0F84404F8B1D4F8402404EB82009300D0F83C13C7F81080B2
:20BCC00003EBC200201800F55F708847D4F8400404EB8000C0F84464D4F84004C7F80080BB
:20BCE000401C1028C4F8400428BFC4F84064FCF7BDFEE8680028CFD0FCF752FE0028CBD19D
:20BD0000EE6030BFC8E7C04630FEFFFF10ED00E068E90008F0ED0008642988BF64213A4A0D
:20BD2000C2EB80200268642389B2B2FBF3F25143416070473449091FC1EB80210968002980
:20BD40000CBF64210021FFF7E7BF2F4901220831C1EB80200260704730B50346642988BF9B
:20BD600064212A4C2848246810250C3089B26243C0EB832064240560B2FBF4F3C2605943EE
:20BD80000161012540F8045C12240460456030BD64214FF47A62FFF7DFBF0146F0B51C48CF
:20BDA000194B46688A0200F10804D11A07682568096876B954F8274085687F1C1E2F076072
:20BDC000A5EB040401FB04F1B1FBF5F40ED101210BE07F1E076054F82740A5EB040401FB0E
:20BDE00004F1B1FBF5F401D1002141601B1FD21A1460F0BD044910220C31C1EB8020026074
:20BE0000002101617047C046EC770800F4ED000808EE000827482849C0F800132749C0F8BD
:20BE200004134FF4E021C0F8241CFF210160704770B5FFF7EFFF224D4FF0FF30A5F14404B3
:20BE400020604FF4B0126060002044F8300C4FF47F0144F82C0C0A2044F8380C284600F0C6
:20BE6000CDF9184E4FF47F414FF4A062304600F0C5F94FF47F414FF4A052284600F0BEF9DD
:20BE80004FF47F414FF4C0622846001D00F0B6F94FF07F414FF02062304600F0AFF90A48F0
:20BEA00044F8100C202044F8100C402044F80C0C70BDC04600E100E0E0C0A080604020006A
:20BEC00084FEFFFF94FEFFFF530F600000204FF07D41254B8860254AC3F8E821C860244A52
:20BEE000C3F824228861C861704700214FF07D400161214A42611F4B81611D4A1A60C1619C
:20BF0000704700224FF07D4106230A6019484B60164B8A603C380360CA6070474FF07D41AC
:20BF2000002205200A604FF40042486012480A61401E4861FFF7CABF4FF07D40F021416426
:20BF400000214164006C70474FF07D41086C086470470A480068C0F3001070470748006879
:20BF6000C0F340107047C0463CF90008000010C0000014C060FB000806000080400000FDFA
:20BF8000C0B5844686181CF0030F10D141EA012041EA002326F00302604641EA0323824255
:20BFA00005D0121A97107F1E40F8043BFBD1864204D0361A761E00F8011BFBD16046C0BD76
:20BFC000C0B58E1841EA0002034612F0030F0BD126F003028A4207D0521A971051F8042B97
:20BFE0007F1E43F8042BF9D18E4206D0761A11F8012B761E03F8012BF9D1C0BD30B5184DB9
:20C00000154901202C1F2060002008604860042002210A46E0632846383000F0EFF80F48C8
:20C020004FF080710A466060284600F0E7F80E480C4900684FF4E1334FF4613201FB003017
:20C040000721B0FBF2F0A162401E8021E0620A46284600F0D3F830BD50F300082200020210
:20C0600004E5F7FF48E80100F4ED000830B58188552902D14188372901D0012030BD017807
:20C0800021F07F02802A4FF0010119D14278702A16D1C088022813D10D480C4D4FF48634FD
:20C0A000026829606023A3540A4B016892255D540168022201F586318020F9F7CEFC002138
:20C0C000084630BD04494020FFF76CB94CF90008F0ED0008010C01006DC000081449B1F1E9
:20C0E000FF3F12D00868091D78B151F8042B28B111F8013B401E02F8013BF9D1C91C21F077
:20C10000030151F8040B0028EFD170474FF00060016881F3088807494FF000600860FFF7CB
:20C12000DDFF00F059F8FFF783FEFFF773FDC04624C2000808ED00E00E490D480968484394
:20C14000400B40F6FF71401E814238BF081C0A4908600A4B41F8043C1F224A607047064839
:20C160004EF21A51083001604AF25C310160704748CA0600F4ED000894FCFFFF1253EDAC0D
:20C180000A4801684AF6DC428A42416004BF4AF6BA310160001D7047044801684AF6BA3215
:20C1A0008A4204BF4AF6DC410160704700EE000800BFFDE700BFFDE700BFFDE700BFFDE7F9
:20C1C00000BFFDE700BFFDE700BFFDE700BFFDE700BFFDE700BFFDE700204FF4807240F800
:20C1E000300C054940F8302C4FF0FF30086648668866C8660860704740E0FFFF03680A4089
:20C200008B431A430260704703680A408B431A43026070474FF400406FF01F0108607047C0
:20C22000FFF7F8BFC500000068F8000812010003000000095A1A05000801010203010A066C
:20C240001002000000400100040309041203540041004E00440042004500520047002203F6
:20C26000520044005800200020002000200020002000200020002000200020002000200030
:20C280001A0330CA30003900380037003600350034003300320031003000050F2A00030702
:20C2A0001002020000000A1003000E00010A0A001410040000112233445566778899AABBA0
:20C2C000CCDDEEFF09022600010100C0000904000002080650000705830200040006300F8E
:20C2E0000000000705030200040006300F000000000000008000000008EE00080000000066
:20C3000000000000001000006E0F0000D80E0000100E0000E40C0000500B0000C409000074
:20C3200000080000A805000000040000D4020000000200006A010000FF000000B40000004E
:20C34000800000005A000000400000002D0000002000000017000000100000000C00000043
:20C36000080000000600000004000000030000000200000001000000000000000D00000098
:20C3800080F300080000000900808389B0B1B2C0C2C046C01200000090F300087000000025
:20C3A0000000000A00000000000000000000C0460E000000A4F30008090C000000000000AB
:20C3C00000000000000000001400000054E900080000000000000000000000000000000004
:20C3E0000000000010000000F0ED0008000000C00000000000000000000000000400000084
:20C4000030F30008000000000400000034F30008000000001000000058F30008000000005B
:20C420000000000000000000000000000C00000030F90008000000000000000000000000BF
:20C440000800000084FB0008000000000000000004000000ECED0008000000000400000064
:20C4600000EE0008BAAB0000040000004CF3000800000000000000004F50454E52445831C5
:20C480003031323334353637383941424344454673D528801AEFC032D3A53637B035F65DF2
:20C4A00072809151B2F127C6B2050E9BACC76F3B982F8A4291443771CFFBC0B5A5DBB5E92E
:20C4C0005BC25639F111F159A4823F92D55E1CAB98AA07D8015B8312BE853124C37D0C5528
:20C4E000745DBE72FEB1DE80A706DC9B74F19BC1C1699BE48647BEEFC69DC10FCCA10C2456
:20C500006F2CE92DAA84744ADCA9B05CDA88F97652513E986DC631A8C82703B0C77F59BF97
:20C52000F30BE0C64791A7D55163CA0667292914850AB72738211B2EFC6D2C4D130D385316
:20C5400054730A65BB0A6A762EC9C281852C7292A1E8BFA24B661AA8708B4BC2A3516CC785
:20C5600019E892D1240699D685350EF470A06A1016C1A419086C371E4C774827B5BCB03494
:20C58000B30C1C394AAAD84E4FCA9C5BF36F2E68EE828F746F63A5781478C8840802C78CCE
:20C5A000FAFFBE90EB6C50A4F7A3F9BEF27871C6785634123733363032343238383954413D
:20C5C0004E4442455247524458202020202020202020202020203130313032303130000096
:20C5E000303130303031303854492D4453470000545553423932367854414E44424552476B
:20C600005244582020202020202020202020202004060B000304060B50617373776F72640C
:20C620003A00000042FBA7FB2B0932005E1BBEC2DB824516080040004000000208004000F8
:20C640004000400000004000000200040000400000020004FFFFFFFFFFFFFFFFFFFFFFFFDA
:00000001FF
